growth,cooling,strategy,phase,background,period,virgin_coolant_kg,treated_coolant_kg,recovered_coolant_kg,cooling_kwh,CC_kg_co2e,HTC_ctuh,CED_mj_eq
low,low,baseline,single,steady,Q01,0.0,0.0,0.0,0.0,0.0,0.0,0.0
low,low,baseline,single,steady,Q02,0.0,0.0,0.0,0.0,0.0,0.0,0.0
low,low,baseline,single,steady,Q03,0.0,0.0,0.0,0.0,0.0,0.0,0.0
low,low,baseline,single,steady,Q04,0.0,0.0,0.0,0.0,0.0,0.0,0.0
low,low,baseline,single,steady,Q05,0.0,0.0,0.0,0.0,0.0,0.0,0.0
low,low,baseline,single,steady,Q06,0.0,0.0,0.0,0.0,0.0,0.0,0.0
low,low,baseline,single,steady,Q07,0.0,0.0,0.0,0.0,0.0,0.0,0.0
low,low,baseline,single,steady,Q08,0.0,0.0,0.0,0.0,0.0,0.0,0.0
low,low,baseline,single,steady,Q09,15.076460556479052,2.1675060542893396,0.0,3140.852598652625,1287.577713601153,3.173173025819873e-05,25439.187530622028
low,low,baseline,single,steady,Q10,22.852995842879842,4.394704191757901,0.0,7334.38801574961,2981.6585500814826,7.384488711627128e-05,59154.13756381326
low,low,baseline,single,steady,Q11,31.33531856464186,6.850752556191864,0.0,12181.570793585804,4938.724330841702,0.0001225109218327128,98113.52648276024
low,low,baseline,single,steady,Q12,40.50670441730763,9.814669408724075,0.0,17722.27340414879,7174.830105198493,0.00017813101482392127,142637.3946685801
low,low,baseline,single,steady,Q13,57.96554409513088,13.493559370516115,0.0,24340.24443088513,9858.77564022957,0.00024469669078445907,195948.73412583623
low,low,baseline,single,steady,Q14,69.0812101086128,17.648679700531808,0.0,32076.00596509604,12977.389146105907,0.00032231817065013794,258077.91532144323
low,low,baseline,single,steady,Q15,84.95632509798429,22.957743789623223,0.0,40809.01292533516,16504.996692224846,0.0004100188331932075,328286.01862358913
low,low,baseline,single,steady,Q16,106.2924354274107,29.67302847163722,0.0,50914.36040223914,20593.165545986296,0.000511566183015656,409589.0970688195
low,low,baseline,single,steady,Q17,158.21602021565894,37.813871235704696,0.0,64372.88983148945,26084.49490864495,0.0006472713574315648,518336.5084124073
low,low,baseline,single,steady,Q18,194.15096802756722,46.925679588920886,0.0,81900.30817159552,33171.8880444878,0.0008233553578723959,659320.1131312602
low,low,baseline,single,steady,Q19,227.2666338640878,57.22536617669567,0.0,102233.96710280738,41376.732791939474,0.0010274572573671227,822703.1963306243
low,low,baseline,single,steady,Q20,268.2139700631929,69.81641233482509,0.0,125457.50398394103,50754.33773987021,0.0012606374833640226,1009373.3933344663
low,low,baseline,single,steady,Q21,311.6578625220776,85.1374999185654,0.0,151895.9601209863,61424.26852339796,0.0015260441334594905,1221826.5257179248
low,low,baseline,single,steady,Q22,370.6600291121184,103.1098781284146,0.0,182313.19070680867,73718.15128001191,0.0018315762064316135,1466434.275627354
low,low,baseline,single,steady,Q23,439.69153899516976,124.84855587401722,0.0,217762.37944848873,88046.75913532283,0.0021876661108235313,1751517.1091471834
low,low,baseline,single,steady,Q24,512.4294251659207,150.85206726691763,0.0,258586.54137767444,104534.90143503506,0.0025976225229527323,2079695.1798610485
low,low,baseline,single,transition,Q01,0.0,0.0,0.0,0.0,0.0,0.0,0.0
low,low,baseline,single,transition,Q02,0.0,0.0,0.0,0.0,0.0,0.0,0.0
low,low,baseline,single,transition,Q03,0.0,0.0,0.0,0.0,0.0,0.0,0.0
low,low,baseline,single,transition,Q04,0.0,0.0,0.0,0.0,0.0,0.0,0.0
low,low,baseline,single,transition,Q05,0.0,0.0,0.0,0.0,0.0,0.0,0.0
low,low,baseline,single,transition,Q06,0.0,0.0,0.0,0.0,0.0,0.0,0.0
low,low,baseline,single,transition,Q07,0.0,0.0,0.0,0.0,0.0,0.0,0.0
low,low,baseline,single,transition,Q08,0.0,0.0,0.0,0.0,0.0,0.0,0.0
low,low,baseline,single,transition,Q09,15.076460556479052,2.1675060542893396,0.0,3140.852598652625,1069.08361978184,2.8454318850909033e-05,21943.28202951302
low,low,baseline,single,transition,Q10,22.852995842879842,4.394704191757901,0.0,7334.38801574961,2434.974727967623,6.564462978456338e-05,50407.196409991506
low,low,baseline,single,transition,Q11,31.33531856464186,6.850752556191864,0.0,12181.570793585804,3970.5463541333907,0.00010798825218208814,82622.67885542725
low,low,baseline,single,transition,Q12,40.50670441730763,9.814669408724075,0.0,17722.27340414879,5676.671878784157,0.00015565864142770626,118666.86304595071
low,low,baseline,single,transition,Q13,57.96554409513088,13.493559370516115,0.0,24340.24443088513,7670.046524068835,0.00021186575404204803,160929.06826726446
low,low,baseline,single,transition,Q14,69.0812101086128,17.648679700531808,0.0,32076.00596509604,9914.182639121329,0.0002763700730453693,209066.61120969
low,low,baseline,single,transition,Q15,84.95632509798429,22.957743789623223,0.0,40809.01292533516,12378.641511819853,0.00034812350548713266,262264.33573710924
low,low,baseline,single,transition,Q16,106.2924354274107,29.67302847163722,0.0,50914.36040223914,15148.721564246001,0.0004298995232895516,322477.9933609748
low,low,baseline,single,transition,Q17,158.21602021565894,37.813871235704696,0.0,64372.88983148945,18767.559875878527,0.0005375173319400684,401265.5478881445
low,low,baseline,single,transition,Q18,194.15096802756722,46.925679588920886,0.0,81900.30817159552,23263.94334405353,0.0006747361873658817,500792.99792431167
low,low,baseline,single,transition,Q19,227.2666338640878,57.22536617669567,0.0,102233.96710280738,28286.12843270682,0.0008310981919786328,613253.5265829018
low,low,baseline,single,transition,Q20,268.2139700631929,69.81641233482509,0.0,125457.50398394103,33826.80120027634,0.0010067244352701145,738532.8087009643
low,low,baseline,single,transition,Q21,311.6578625220776,85.1374999185654,0.0,151895.9601209863,39898.73961214404,0.0012031611997906815,877418.0631378621
low,low,baseline,single,transition,Q22,370.6600291121184,103.1098781284146,0.0,182313.19070680867,46638.17156612956,0.001425376510723378,1033154.6002052362
low,low,baseline,single,transition,Q23,439.69153899516976,124.84855587401722,0.0,217762.37944848873,54185.19548824952,0.0016797426561174311,1209732.0907940103
low,low,baseline,single,transition,Q24,512.4294251659207,150.85206726691763,0.0,258586.54137767444,62508.50540212461,0.001967226582459075,1407272.8433344811
low,low,baseline,two,steady,Q01,0.0,0.0,0.0,0.0,0.0,0.0,0.0
low,low,baseline,two,steady,Q02,0.0,0.0,0.0,0.0,0.0,0.0,0.0
low,low,baseline,two,steady,Q03,0.0,0.0,0.0,0.0,0.0,0.0,0.0
low,low,baseline,two,steady,Q04,0.0,0.0,0.0,0.0,0.0,0.0,0.0
low,low,baseline,two,steady,Q05,0.0,0.0,0.0,0.0,0.0,0.0,0.0
low,low,baseline,two,steady,Q06,0.0,0.0,0.0,0.0,0.0,0.0,0.0
low,low,baseline,two,steady,Q07,0.0,0.0,0.0,0.0,0.0,0.0,0.0
low,low,baseline,two,steady,Q08,0.0,0.0,0.0,0.0,0.0,0.0,0.0
low,low,baseline,two,steady,Q09,15.438817274284201,2.167506054289339,0.0,1570.4262993263144,676.1126010940955,1.619994010230601e-05,13042.83120824621
low,low,baseline,two,steady,Q10,23.63161776324496,4.394704191757901,0.0,3667.1940078748084,1541.068484583477,3.74468091745218e-05,30079.460877334
low,low,baseline,two,steady,Q11,32.588518500392176,6.850752556191864,0.0,6090.7853967929095,2539.217778635484,6.198827081128373e-05,49755.31937352648
low,low,baseline,two,steady,Q12,42.29408817006973,9.814669408724075,0.0,8861.136702074404,3678.697947396514,9.0027409706977e-05,72231.52628226276
low,low,baseline,two,steady,Q13,60.424650558309665,13.493559370516115,0.0,12170.122215442578,5059.443007379848,0.00012371636506173283,99274.91893556878
low,low,baseline,two,steady,Q14,72.27747343786993,17.648679700531808,0.0,16038.002982548036,6645.270123108224,0.00016281308422412446,130604.71316127438
low,low,baseline,two,steady,Q15,88.99191348889434,22.957743789623223,0.0,20404.506462667603,8445.996633375942,0.00020705918818818725,166077.99218442984
low,low,baseline,two,steady,Q16,111.31054113887862,29.67302847163722,0.0,25457.180201119598,10539.058475218204,0.0002583562136724369,207219.30555666043
low,low,baseline,two,steady,Q17,164.66082683039264,37.813871235704696,0.0,32186.44491574476,13396.920850215862,0.00032737148203089493,262714.98816513765
low,low,baseline,two,steady,Q18,202.2863107857487,46.925679588920886,0.0,40950.15408579781,17022.114826368062,0.00041627401537538435,334021.7646068719
low,low,baseline,two,steady,Q19,237.31213884236453,57.22536617669567,0.0,51116.98355140375,21201.648861721118,0.0005191475801719588,416484.4228228262
low,low,baseline,two,steady,Q20,280.44451287571474,69.81641233482509,0.0,62728.75199197058,25985.1966446665,0.0006367481014909997,510766.9744145474
low,low,baseline,two,steady,Q21,326.3431344460452,85.1374999185654,0.0,75947.98006049322,31422.074552474354,0.0007705471571370921,618012.6657667165
low,low,baseline,two,steady,Q22,388.20086557064036,103.1098781284146,0.0,91156.59535340442,37704.57314667001,0.0009247586276730896,741672.1128803178
low,low,baseline,two,steady,Q23,460.5496987908984,124.84855587401722,0.0,108881.18972424447,45027.76140297601,0.001104501116544282,885802.372926738
low,low,baseline,two,steady,Q24,537.0562340988914,150.85206726691763,0.0,129293.27068883734,53441.61602828181,0.0013113071749203439,1051589.2430381675
low,low,baseline,two,transition,Q01,0.0,0.0,0.0,0.0,0.0,0.0,0.0
low,low,baseline,two,transition,Q02,0.0,0.0,0.0,0.0,0.0,0.0,0.0
low,low,baseline,two,transition,Q03,0.0,0.0,0.0,0.0,0.0,0.0,0.0
low,low,baseline,two,transition,Q04,0.0,0.0,0.0,0.0,0.0,0.0,0.0
low,low,baseline,two,transition,Q05,0.0,0.0,0.0,0.0,0.0,0.0,0.0
low,low,baseline,two,transition,Q06,0.0,0.0,0.0,0.0,0.0,0.0,0.0
low,low,baseline,two,transition,Q07,0.0,0.0,0.0,0.0,0.0,0.0,0.0
low,low,baseline,two,transition,Q08,0.0,0.0,0.0,0.0,0.0,0.0,0.0
low,low,baseline,two,transition,Q09,15.438817274284201,2.167506054289339,0.0,1570.4262993263144,566.8655541844388,1.4561234398661161e-05,11294.878457691704
low,low,baseline,two,transition,Q10,23.63161776324496,4.394704191757901,0.0,3667.1940078748084,1267.7265735265469,3.334668050866785e-05,25705.99030042312
low,low,baseline,two,transition,Q11,32.588518500392176,6.850752556191864,0.0,6090.7853967929095,2055.1287902813283,5.472693598597139e-05,42009.89555985998
low,low,baseline,two,transition,Q12,42.29408817006973,9.814669408724075,0.0,8861.136702074404,2929.6188341893458,7.879122300886947e-05,60246.26047094806
low,low,baseline,two,transition,Q13,60.424650558309665,13.493559370516115,0.0,12170.122215442578,3965.0784492994785,0.00010730089669052728,81765.08600628287
low,low,baseline,two,transition,Q14,72.27747343786993,17.648679700531808,0.0,16038.002982548036,5113.666869615933,0.00013983903542174009,106099.06110539772
low,low,baseline,two,transition,Q15,88.99191348889434,22.957743789623223,0.0,20404.506462667603,6382.819043173444,0.00017611152433514974,133067.15074118983
low,low,baseline,two,transition,Q16,111.31054113887862,29.67302847163722,0.0,25457.180201119598,7816.836484348053,0.00021752288380938464,163663.753702738
low,low,baseline,two,transition,Q17,164.66082683039264,37.813871235704696,0.0,32186.44491574476,9738.453333832644,0.0002724944692851467,204179.50790300616
low,low,baseline,two,transition,Q18,202.2863107857487,46.925679588920886,0.0,40950.15408579781,12068.142476150915,0.00034196443012212715,254758.2070033975
low,low,baseline,two,transition,Q19,237.31213884236453,57.22536617669567,0.0,51116.98355140375,14656.346682104779,0.0004209680474777138,311759.58794896473
low,low,baseline,two,transition,Q20,280.44451287571474,69.81641233482509,0.0,62728.75199197058,17521.428374869552,0.0005097915774440455,375346.6820977962
low,low,baseline,two,transition,Q21,326.3431344460452,85.1374999185654,0.0,75947.98006049322,20659.31009684738,0.0006091056903026876,445808.4344766849
low,low,baseline,two,transition,Q22,388.20086557064036,103.1098781284146,0.0,91156.59535340442,24164.583289728813,0.0007216587798189719,525032.2751692587
low,low,baseline,two,transition,Q23,460.5496987908984,124.84855587401722,0.0,108881.18972424447,28096.97957943932,0.0008505393891912319,614909.863750151
low,low,baseline,two,transition,Q24,537.0562340988914,150.85206726691763,0.0,129293.27068883734,32428.41801182655,0.0009961092046735153,715378.0747748833
low,low,improved_pue,single,steady,Q01,0.0,0.0,0.0,0.0,0.0,0.0,0.0
low,low,improved_pue,single,steady,Q02,0.0,0.0,0.0,0.0,0.0,0.0,0.0
low,low,improved_pue,single,steady,Q03,0.0,0.0,0.0,0.0,0.0,0.0,0.0
low,low,improved_pue,single,steady,Q04,0.0,0.0,0.0,0.0,0.0,0.0,0.0
low,low,improved_pue,single,steady,Q05,0.0,0.0,0.0,0.0,0.0,0.0,0.0
low,low,improved_pue,single,steady,Q06,0.0,0.0,0.0,0.0,0.0,0.0,0.0
low,low,improved_pue,single,steady,Q07,0.0,0.0,0.0,0.0,0.0,0.0,0.0
low,low,improved_pue,single,steady,Q08,0.0,0.0,0.0,0.0,0.0,0.0,0.0
low,low,improved_pue,single,steady,Q09,15.076460556479052,2.1675060542893396,0.0,2867.7349813784854,1178.330666691497,2.900055408545733e-05,23254.24659242891
low,low,improved_pue,single,steady,Q10,22.852995842879842,4.394704191757901,0.0,6651.033238107286,2708.3166390245533,6.701133933984804e-05,53687.29934267467
low,low,improved_pue,single,steady,Q11,31.33531856464186,6.850752556191864,0.0,10971.348322700414,4454.635342487546,0.0001104086971238589,88431.74671567712
low,low,improved_pue,single,steady,Q12,40.50670441730763,9.814669408724075,0.0,15849.575621130869,6425.7509919913255,0.0001594040369937421,127655.81240443673
low,low,improved_pue,single,steady,Q13,57.96554409513088,13.493559370516115,0.0,21604.333035684205,8764.411082149203,0.00021733757683244984,174061.44296422886
low,low,improved_pue,single,steady,Q14,69.0812101086128,17.648679700531808,0.0,28246.997831365312,11445.785892613618,0.0002840280893128307,227445.85025159744
low,low,improved_pue,single,steady,Q15,84.95632509798429,22.957743789623223,0.0,35651.068949828914,14441.819102022348,0.0003584393934381451,287022.46681953914
low,low,improved_pue,single,steady,Q16,106.2924354274107,29.67302847163722,0.0,44108.805425063765,17870.943555116148,0.0004435106332439023,355144.6572514166
low,low,improved_pue,single,steady,Q17,158.21602021565894,37.813871235704696,0.0,55226.72104053141,22426.027392261734,0.0005558096695219844,445167.1580847431
low,low,improved_pue,single,steady,Q18,194.15096802756722,46.925679588920886,0.0,69515.37729605268,28217.91569427067,0.0006995060491169674,560240.6661269175
low,low,improved_pue,single,steady,Q19,227.2666338640878,57.22536617669567,0.0,85870.71165376657,34831.43061232315,0.0008638247028767143,691797.1527382978
low,low,improved_pue,single,steady,Q20,268.2139700631929,69.81641233482509,0.0,104298.0833094487,42290.56947007328,0.0010490432766190989,840098.0279385275
low,low,improved_pue,single,steady,Q21,311.6578625220776,85.1374999185654,0.0,124989.04898191891,50661.504067771,0.001256975022068816,1006571.2366053856
low,low,improved_pue,single,steady,Q22,370.6600291121184,103.1098781284146,0.0,148463.21606445572,60178.161423070735,0.0014930764600080834,1195634.47848853
low,low,improved_pue,single,steady,Q23,439.69153899516976,124.84855587401722,0.0,175435.42488964708,71115.97731178618,0.001764396565235114,1412901.47267645
low,low,improved_pue,single,steady,Q24,512.4294251659207,150.85206726691763,0.0,206053.54633653635,83521.70341857984,0.0020722925725413506,1659431.2195319436
low,low,improved_pue,single,transition,Q01,0.0,0.0,0.0,0.0,0.0,0.0,0.0
low,low,improved_pue,single,transition,Q02,0.0,0.0,0.0,0.0,0.0,0.0,0.0
low,low,improved_pue,single,transition,Q03,0.0,0.0,0.0,0.0,0.0,0.0,0.0
low,low,improved_pue,single,transition,Q04,0.0,0.0,0.0,0.0,0.0,0.0,0.0
low,low,improved_pue,single,transition,Q05,0.0,0.0,0.0,0.0,0.0,0.0,0.0
low,low,improved_pue,single,transition,Q06,0.0,0.0,0.0,0.0,0.0,0.0,0.0
low,low,improved_pue,single,transition,Q07,0.0,0.0,0.0,0.0,0.0,0.0,0.0
low,low,improved_pue,single,transition,Q08,0.0,0.0,0.0,0.0,0.0,0.0,0.0
low,low,improved_pue,single,transition,Q09,15.076460556479052,2.1675060542893396,0.0,2867.7349813784854,978.8360592912545,2.6008134974453695e-05,20062.332874025033
low,low,improved_pue,single,transition,Q10,22.852995842879842,4.394704191757901,0.0,6651.033238107286,2212.7378202281434,5.957765705790189e-05,45758.038241932125
low,low,improved_pue,single,transition,Q11,31.33531856464186,6.850752556191864,0.0,10971.348322700414,3583.3769511178207,9.733982125331302e-05,74491.61245376151
low,low,improved_pue,single,transition,Q12,40.50670441730763,9.814669408724075,0.0,15849.575621130869,5087.879554684774,0.0001393359654341438,106249.8694075319
low,low,improved_pue,single,transition,Q13,57.96554409513088,13.493559370516115,0.0,21604.333035684205,6826.043218976216,0.00018826205888485502,143047.55715346106
low,low,improved_pue,single,transition,Q14,69.0812101086128,17.648679700531808,0.0,28246.997831365312,8756.50809601581,0.00024368892236386358,184417.40550603252
low,low,improved_pue,single,transition,Q15,84.95632509798429,22.957743789623223,0.0,35651.068949828914,10851.176125785492,0.0003045797487945922,229572.1791997495
low,low,improved_pue,single,transition,Q16,106.2924354274107,29.67302847163722,0.0,44108.805425063765,13177.1175603704,0.000373103243322716,280043.4413354846
low,low,improved_pue,single,transition,Q17,158.21602021565894,37.813871235704696,0.0,55226.72104053141,16185.360964059619,0.00046219967309895255,345316.4952335092
low,low,improved_pue,single,transition,Q18,194.15096802756722,46.925679588920886,0.0,69515.37729605268,19865.013123948014,0.0005742125105621275,426594.22500175505
low,low,improved_pue,single,transition,Q19,227.2666338640878,57.22536617669567,0.0,85870.71165376657,23918.56266427137,0.0007001316836559375,517191.2655694693
low,low,improved_pue,single,transition,Q20,268.2139700631929,69.81641233482509,0.0,104298.0833094487,28333.17924847401,0.0008396824232951099,616779.7843929393
low,low,improved_pue,single,transition,Q21,311.6578625220776,85.1374999185654,0.0,124989.04898191891,33105.68503356822,0.0009936377365557744,725678.1320581412
low,low,improved_pue,single,transition,Q22,370.6600291121184,103.1098781284146,0.0,148463.21606445572,38335.755356404705,0.0011654403690080932,846155.9814218739
low,low,improved_pue,single,transition,Q23,439.69153899516976,124.84855587401722,0.0,175435.42488964708,44113.67042638789,0.00135936196195414,980864.5625100776
low,low,improved_pue,single,transition,Q24,512.4294251659207,150.85206726691763,0.0,206053.54633653635,50395.7722438037,0.001575403604919709,1129416.3207355256
low,low,improved_pue,two,steady,Q01,0.0,0.0,0.0,0.0,0.0,0.0,0.0
low,low,improved_pue,two,steady,Q02,0.0,0.0,0.0,0.0,0.0,0.0,0.0
low,low,improved_pue,two,steady,Q03,0.0,0.0,0.0,0.0,0.0,0.0,0.0
low,low,improved_pue,two,steady,Q04,0.0,0.0,0.0,0.0,0.0,0.0,0.0
low,low,improved_pue,two,steady,Q05,0.0,0.0,0.0,0.0,0.0,0.0,0.0
low,low,improved_pue,two,steady,Q06,0.0,0.0,0.0,0.0,0.0,0.0,0.0
low,low,improved_pue,two,steady,Q07,0.0,0.0,0.0,0.0,0.0,0.0,0.0
low,low,improved_pue,two,steady,Q08,0.0,0.0,0.0,0.0,0.0,0.0,0.0
low,low,improved_pue,two,steady,Q09,15.438817274284201,2.167506054289339,0.0,1433.8674906892445,621.4890776392674,1.483435201593531e-05,11950.360739149652
low,low,improved_pue,two,steady,Q10,23.63161776324496,4.394704191757901,0.0,3325.5166190536447,1404.3975290550113,3.403003528631016e-05,27346.04176676469
low,low,improved_pue,two,steady,Q11,32.588518500392176,6.850752556191864,0.0,5485.674161350212,2297.1732844584053,5.5937158456856756e-05,44914.4294899849
low,low,improved_pue,two,steady,Q12,42.29408817006973,9.814669408724075,0.0,7924.787810565442,3304.158390792929,8.066392079188737e-05,64740.73515019106
low,low,improved_pue,two,steady,Q13,60.424650558309665,13.493559370516115,0.0,10802.166517842117,4512.260728339663,0.0001100368080857282,88331.2733547651
low,low,improved_pue,two,steady,Q14,72.27747343786993,17.648679700531808,0.0,14123.49891568267,5879.468496362077,0.0001436680435554708,115288.68062635146
low,low,improved_pue,two,steady,Q15,88.99191348889434,22.957743789623223,0.0,17825.53447491448,7414.407838274691,0.00018126946831065595,145446.21628240484
low,low,improved_pue,two,steady,Q16,111.31054113887862,29.67302847163722,0.0,22054.40271253191,9177.947479783128,0.00022432843878656002,179997.08564795894
low,low,improved_pue,two,steady,Q17,164.66082683039264,37.813871235704696,0.0,27613.36052026575,11567.687092024256,0.00028164063807610486,226130.31300130556
low,low,improved_pue,two,steady,Q18,202.2863107857487,46.925679588920886,0.0,34757.688648026386,14545.12865125949,0.00035434936099767013,284482.0411047004
low,low,improved_pue,two,steady,Q19,237.31213884236453,57.22536617669567,0.0,42935.35582688334,17928.99777191295,0.00043733130292675476,351031.40102666285
low,low,improved_pue,two,steady,Q20,280.44451287571474,69.81641233482509,0.0,52149.041654724424,21753.31250976803,0.0005309509981185381,426129.291716578
low,low,improved_pue,two,steady,Q21,326.3431344460452,85.1374999185654,0.0,62494.52449095953,26040.69232466087,0.0006360126014417552,510385.02121044684
low,low,improved_pue,two,steady,Q22,388.20086557064036,103.1098781284146,0.0,74231.60803222796,30934.578218199415,0.000755508754461325,606272.2143109059
low,low,improved_pue,two,steady,Q23,460.5496987908984,124.84855587401722,0.0,87717.71244482366,36562.37049120767,0.0008928663437500737,716494.5546913713
low,low,improved_pue,two,steady,Q24,537.0562340988914,150.85206726691763,0.0,103026.77316826834,42935.0170200542,0.001048642199714654,841457.2628736153
low,low,improved_pue,two,transition,Q01,0.0,0.0,0.0,0.0,0.0,0.0,0.0
low,low,improved_pue,two,transition,Q02,0.0,0.0,0.0,0.0,0.0,0.0,0.0
low,low,improved_pue,two,transition,Q03,0.0,0.0,0.0,0.0,0.0,0.0,0.0
low,low,improved_pue,two,transition,Q04,0.0,0.0,0.0,0.0,0.0,0.0,0.0
low,low,improved_pue,two,transition,Q05,0.0,0.0,0.0,0.0,0.0,0.0,0.0
low,low,improved_pue,two,transition,Q06,0.0,0.0,0.0,0.0,0.0,0.0,0.0
low,low,improved_pue,two,transition,Q07,0.0,0.0,0.0,0.0,0.0,0.0,0.0
low,low,improved_pue,two,transition,Q08,0.0,0.0,0.0,0.0,0.0,0.0,0.0
low,low,improved_pue,two,transition,Q09,15.438817274284201,2.167506054289339,0.0,1433.8674906892445,521.7417739391461,1.3338142460433492e-05,10354.40387994771
low,low,improved_pue,two,transition,Q10,23.63161776324496,4.394704191757901,0.0,3325.5166190536447,1156.6081196568066,3.031319414533709e-05,23381.41121639341
low,low,improved_pue,two,transition,Q11,32.588518500392176,6.850752556191864,0.0,5485.674161350212,1861.5440887735426,4.9402720521583816e-05,37944.36235902709
low,low,improved_pue,two,transition,Q12,42.29408817006973,9.814669408724075,0.0,7924.787810565442,2635.2226721396532,7.062988501208822e-05,54037.763651738635
low,low,improved_pue,two,transition,Q13,60.424650558309665,13.493559370516115,0.0,10802.166517842117,3543.076796753169,9.549904911193079e-05,72824.33044938119
low,low,improved_pue,two,transition,Q14,72.27747343786993,17.648679700531808,0.0,14123.49891568267,4534.829598063173,0.0001234984600809872,93774.45825356897
low,low,improved_pue,two,transition,Q15,88.99191348889434,22.957743789623223,0.0,17825.53447491448,5619.0863501562635,0.00015433964598887952,116721.07247250996
low,low,improved_pue,two,transition,Q16,111.31054113887862,29.67302847163722,0.0,22054.40271253191,6831.034482410252,0.00018912474382596687,142446.47768999287
low,low,improved_pue,two,transition,Q17,164.66082683039264,37.813871235704696,0.0,27613.36052026575,8447.353877923193,0.00023483563986458888,176204.98157568852
low,low,improved_pue,two,transition,Q18,202.2863107857487,46.925679588920886,0.0,34757.688648026386,10368.67736609816,0.00029170259172025013,217658.8205421191
low,low,improved_pue,two,transition,Q19,237.31213884236453,57.22536617669567,0.0,42935.35582688334,12472.563797887055,0.00035548479331636625,263728.4574422484
low,low,improved_pue,two,transition,Q20,280.44451287571474,69.81641233482509,0.0,52149.041654724424,14774.617398968392,0.0004262705714565434,314470.16994378367
low,low,improved_pue,two,transition,Q21,326.3431344460452,85.1374999185654,0.0,62494.52449095953,17262.782807559473,0.0005043439586852341,369938.46893682436
low,low,improved_pue,two,transition,Q22,388.20086557064036,103.1098781284146,0.0,74231.60803222796,20013.37518486639,0.0005916907089613296,431532.9657775775
low,low,improved_pue,two,transition,Q23,460.5496987908984,124.84855587401722,0.0,87717.71244482366,23061.21704850851,0.0006903490421095864,500476.0996081847
low,low,improved_pue,two,transition,Q24,537.0562340988914,150.85206726691763,0.0,103026.77316826834,26372.0514326661,0.0008001977159038324,576449.8134754057
low,low,advanced_coolant,single,steady,Q01,0.0,0.0,0.0,0.0,0.0,0.0,0.0
low,low,advanced_coolant,single,steady,Q02,0.0,0.0,0.0,0.0,0.0,0.0,0.0
low,low,advanced_coolant,single,steady,Q03,0.0,0.0,0.0,0.0,0.0,0.0,0.0
low,low,advanced_coolant,single,steady,Q04,0.0,0.0,0.0,0.0,0.0,0.0,0.0
low,low,advanced_coolant,single,steady,Q05,0.0,0.0,0.0,0.0,0.0,0.0,0.0
low,low,advanced_coolant,single,steady,Q06,0.0,0.0,0.0,0.0,0.0,0.0,0.0
low,low,advanced_coolant,single,steady,Q07,0.0,0.0,0.0,0.0,0.0,0.0,0.0
low,low,advanced_coolant,single,steady,Q08,0.0,0.0,0.0,0.0,0.0,0.0,0.0
low,low,advanced_coolant,single,steady,Q09,13.251782354620566,2.12870030232832,0.0,3140.852598652625,1283.9089543214554,3.169484863664195e-05,25402.499937825054
low,low,advanced_coolant,single,steady,Q10,19.976841913169093,4.296093095223496,0.0,7334.38801574961,2975.856936673794,7.378637792671171e-05,59096.12142973638
low,low,advanced_coolant,single,steady,Q11,27.18529891464539,6.653024587405131,0.0,12181.570793585804,4930.325427557315,0.00012242594416002502,98029.53744991637
low,low,advanced_coolant,single,steady,Q12,34.842239035418196,9.431787990456277,0.0,17722.27340414879,7163.30973372558,0.00017801389670210081,142522.19095385095
low,low,advanced_coolant,single,steady,Q13,49.13780963451948,12.810801270026701,0.0,24340.24443088513,9840.778792258105,0.00024451330851424195,195768.76564612155
low,low,advanced_coolant,single,steady,Q14,58.08531845393268,16.53419550266154,0.0,32076.00596509604,12954.840120697612,0.00032208710797506566,257852.42506736025
low,low,advanced_coolant,single,steady,Q15,70.61468429458024,21.238444081459487,0.0,40809.01292533516,16475.453760763958,0.0004097148073800578,327990.5893089802
low,low,advanced_coolant,single,steady,Q16,87.12239463865838,27.102490260237065,0.0,50914.36040223914,20553.540195303092,0.0005111570768177669,409192.84356198745
low,low,advanced_coolant,single,steady,Q17,126.45115594087498,34.1327915112829,0.0,64372.88983148945,26019.124640233174,0.0006465992493488249,517682.8057282895
low,low,advanced_coolant,single,steady,Q18,153.14826203947095,41.88312332139207,0.0,81900.30817159552,33087.36135437785,0.0008224848781899586,658474.8462301606
low,low,advanced_coolant,single,steady,Q19,177.26489521630435,50.49681822134182,0.0,102233.96710280738,41273.365040666235,0.0010263899371146133,821669.5188178918
low,low,advanced_coolant,single,steady,Q20,206.4595228096996,60.78099204451795,0.0,125457.50398394103,50626.31113521807,0.0012593120402160495,1008093.1272879448
low,low,advanced_coolant,single,steady,Q21,236.78396402893748,73.01854910449498,0.0,151895.9601209863,61268.46125100464,0.0015244254659814867,1220268.4529939916
low,low,advanced_coolant,single,steady,Q22,277.0514928865227,87.06027452369396,0.0,182313.19070680867,73522.90940575836,0.001829543539671054,1464481.8568848183
low,low,advanced_coolant,single,steady,Q23,323.112299226766,103.75430253567293,0.0,217762.37944848873,87803.05352911686,0.002185123583494779,1749080.0530851237
low,low,advanced_coolant,single,steady,Q24,370.5527934861528,123.40481541008556,0.0,258586.54137767444,104237.42454574713,0.002594510517800568,2076720.410968169
low,low,advanced_coolant,single,transition,Q01,0.0,0.0,0.0,0.0,0.0,0.0,0.0
low,low,advanced_coolant,single,transition,Q02,0.0,0.0,0.0,0.0,0.0,0.0,0.0
low,low,advanced_coolant,single,transition,Q03,0.0,0.0,0.0,0.0,0.0,0.0,0.0
low,low,advanced_coolant,single,transition,Q04,0.0,0.0,0.0,0.0,0.0,0.0,0.0
low,low,advanced_coolant,single,transition,Q05,0.0,0.0,0.0,0.0,0.0,0.0,0.0
low,low,advanced_coolant,single,transition,Q06,0.0,0.0,0.0,0.0,0.0,0.0,0.0
low,low,advanced_coolant,single,transition,Q07,0.0,0.0,0.0,0.0,0.0,0.0,0.0
low,low,advanced_coolant,single,transition,Q08,0.0,0.0,0.0,0.0,0.0,0.0,0.0
low,low,advanced_coolant,single,transition,Q09,13.251782354620566,2.12870030232832,0.0,3140.852598652625,1065.4148605021426,2.8417437229352254e-05,21906.594436716045
low,low,advanced_coolant,single,transition,Q10,19.976841913169093,4.296093095223496,0.0,7334.38801574961,2429.173114559934,6.558612059500382e-05,50349.18027591462
low,low,advanced_coolant,single,transition,Q11,27.18529891464539,6.653024587405131,0.0,12181.570793585804,3962.147450849004,0.00010790327450940035,82538.6898225834
low,low,advanced_coolant,single,transition,Q12,34.842239035418196,9.431787990456277,0.0,17722.27340414879,5665.151507311244,0.00015554152330588577,118551.6593312216
low,low,advanced_coolant,single,transition,Q13,49.13780963451948,12.810801270026701,0.0,24340.24443088513,7652.049676097367,0.00021168237177183091,160749.09978754979
low,low,advanced_coolant,single,transition,Q14,58.08531845393268,16.53419550266154,0.0,32076.00596509604,9891.633613713033,0.00027613901037029697,208841.120955607
low,low,advanced_coolant,single,transition,Q15,70.61468429458024,21.238444081459487,0.0,40809.01292533516,12349.098580358961,0.0003478194796739829,261968.9064225003
low,low,advanced_coolant,single,transition,Q16,87.12239463865838,27.102490260237065,0.0,50914.36040223914,15109.096213562796,0.00042949041709166246,322081.7398541427
low,low,advanced_coolant,single,transition,Q17,126.45115594087498,34.1327915112829,0.0,64372.88983148945,18702.189607466746,0.0005368452238573284,400611.8452040267
low,low,advanced_coolant,single,transition,Q18,153.14826203947095,41.88312332139207,0.0,81900.30817159552,23179.41665394357,0.0006738657076834443,499947.7310232121
low,low,advanced_coolant,single,transition,Q19,177.26489521630435,50.49681822134182,0.0,102233.96710280738,28182.760681433574,0.0008300308717261234,612219.8490701693
low,low,advanced_coolant,single,transition,Q20,206.4595228096996,60.78099204451795,0.0,125457.50398394103,33698.7745956242,0.0010053989921221414,737252.5426544428
low,low,advanced_coolant,single,transition,Q21,236.78396402893748,73.01854910449498,0.0,151895.9601209863,39742.932339750725,0.0012015425323126778,875859.9904139289
low,low,advanced_coolant,single,transition,Q22,277.0514928865227,87.06027452369396,0.0,182313.19070680867,46442.92969187601,0.0014233438439628186,1031202.1814627006
low,low,advanced_coolant,single,transition,Q23,323.112299226766,103.75430253567293,0.0,217762.37944848873,53941.48988204354,0.0016772001287886794,1207295.0347319504
low,low,advanced_coolant,single,transition,Q24,370.5527934861528,123.40481541008556,0.0,258586.54137767444,62211.02851283666,0.001964114577306911,1404298.0744416015
low,low,advanced_coolant,two,steady,Q01,0.0,0.0,0.0,0.0,0.0,0.0,0.0
low,low,advanced_coolant,two,steady,Q02,0.0,0.0,0.0,0.0,0.0,0.0,0.0
low,low,advanced_coolant,two,steady,Q03,0.0,0.0,0.0,0.0,0.0,0.0,0.0
low,low,advanced_coolant,two,steady,Q04,0.0,0.0,0.0,0.0,0.0,0.0,0.0
low,low,advanced_coolant,two,steady,Q05,0.0,0.0,0.0,0.0,0.0,0.0,0.0
low,low,advanced_coolant,two,steady,Q06,0.0,0.0,0.0,0.0,0.0,0.0,0.0
low,low,advanced_coolant,two,steady,Q07,0.0,0.0,0.0,0.0,0.0,0.0,0.0
low,low,advanced_coolant,two,steady,Q08,0.0,0.0,0.0,0.0,0.0,0.0,0.0
low,low,advanced_coolant,two,steady,Q09,13.581083408591699,2.1287003023283195,0.0,1570.4262993263144,670.5102951830472,1.614362600005582e-05,12986.808149135728
low,low,advanced_coolant,two,steady,Q10,20.679400411368974,4.296093095223495,0.0,3667.1940078748084,1532.1378742054483,3.735676348751751e-05,29990.154773553717
low,low,advanced_coolant,two,steady,Q11,28.30767695028372,6.653024587405129,0.0,6090.7853967929095,2526.226958008569,6.185687964524869e-05,49625.41116725733
low,low,advanced_coolant,two,steady,Q12,36.430807073695235,9.431787990456275,0.0,8861.136702074404,3660.82094304369,8.984576805281176e-05,72052.75623873452
low,low,advanced_coolant,two,steady,Q13,51.301094515884,12.810801270026701,0.0,12170.122215442578,5031.560270677204,0.0001234324170089527,98996.09156854235
low,low,advanced_coolant,two,steady,Q14,60.87172131851921,16.53419550266154,0.0,16038.002982548036,6610.21700360177,0.00016245419439757586,130254.18196620984
low,low,advanced_coolant,two,steady,Q15,74.0990940966823,21.238444081459487,0.0,20404.506462667603,8400.028700418185,0.0002065866141107984,165618.31285485227
low,low,advanced_coolant,two,steady,Q16,91.40817799784301,27.102490260237065,0.0,25457.180201119598,10477.423482136548,0.00025772058470503484,206602.95562584387
low,low,advanced_coolant,two,steady,Q17,131.86521672148416,34.1327915112829,0.0,32186.44491574476,13295.77321009582,0.0003263323975317614,261703.51176393725
low,low,advanced_coolant,two,steady,Q18,159.87575136896226,41.88312332139207,0.0,40950.15408579781,16891.101230917055,0.0004149260602488679,332711.6286523618
low,low,advanced_coolant,two,steady,Q19,185.45338804339315,50.49681822134182,0.0,51116.98355140375,21041.026198357686,0.0005174908894286594,414878.1961891919
low,low,advanced_coolant,two,steady,Q20,216.29044918178596,60.78099204451795,0.0,62728.75199197058,25785.957888366982,0.0006346879482758272,508774.5868515522
low,low,advanced_coolant,two,steady,Q21,248.4283893164876,73.01854910449497,0.0,75947.98006049322,31179.241103975128,0.0007680279305209944,615584.3312817243
low,low,advanced_coolant,two,steady,Q22,290.76316959803256,87.06027452369395,0.0,91156.59535340442,37400.22285604864,0.0009215947527398407,738628.6099741042
low,low,advanced_coolant,two,steady,Q23,339.17500349837616,103.75430253567293,0.0,108881.18972424447,44647.816627094675,0.0011005434618854312,882002.9251679247
low,low,advanced_coolant,two,steady,Q24,389.23109651712326,123.40481541008556,0.0,129293.27068883734,52977.55517664387,0.0013064607120150385,1046948.6345217882
low,low,advanced_coolant,two,transition,Q01,0.0,0.0,0.0,0.0,0.0,0.0,0.0
low,low,advanced_coolant,two,transition,Q02,0.0,0.0,0.0,0.0,0.0,0.0,0.0
low,low,advanced_coolant,two,transition,Q03,0.0,0.0,0.0,0.0,0.0,0.0,0.0
low,low,advanced_coolant,two,transition,Q04,0.0,0.0,0.0,0.0,0.0,0.0,0.0
low,low,advanced_coolant,two,transition,Q05,0.0,0.0,0.0,0.0,0.0,0.0,0.0
low,low,advanced_coolant,two,transition,Q06,0.0,0.0,0.0,0.0,0.0,0.0,0.0
low,low,advanced_coolant,two,transition,Q07,0.0,0.0,0.0,0.0,0.0,0.0,0.0
low,low,advanced_coolant,two,transition,Q08,0.0,0.0,0.0,0.0,0.0,0.0,0.0
low,low,advanced_coolant,two,transition,Q09,13.581083408591699,2.1287003023283195,0.0,1570.4262993263144,561.2632482733904,1.450492029641097e-05,11238.855398581221
low,low,advanced_coolant,two,transition,Q10,20.679400411368974,4.296093095223495,0.0,3667.1940078748084,1258.795963148518,3.3256634821663554e-05,25616.684196642833
low,low,advanced_coolant,two,transition,Q11,28.30767695028372,6.653024587405129,0.0,6090.7853967929095,2042.1379696544127,5.459554481993633e-05,41879.98735359083
low,low,advanced_coolant,two,transition,Q12,36.430807073695235,9.431787990456275,0.0,8861.136702074404,2911.741829836521,7.860958135470421e-05,60067.49042741982
low,low,advanced_coolant,two,transition,Q13,51.301094515884,12.810801270026701,0.0,12170.122215442578,3937.195712596834,0.00010701694863774717,81486.25863925644
low,low,advanced_coolant,two,transition,Q14,60.87172131851921,16.53419550266154,0.0,16038.002982548036,5078.613750109478,0.00013948014559519152,105748.52991033318
low,low,advanced_coolant,two,transition,Q15,74.0990940966823,21.238444081459487,0.0,20404.506462667603,6336.8511102156845,0.00017563895025776092,132607.47141161226
low,low,advanced_coolant,two,transition,Q16,91.40817799784301,27.102490260237065,0.0,25457.180201119598,7755.201491266396,0.00021688725484198258,163047.40377192144
low,low,advanced_coolant,two,transition,Q17,131.86521672148416,34.1327915112829,0.0,32186.44491574476,9637.305693712602,0.00027145538478601315,203168.03150180576
low,low,advanced_coolant,two,transition,Q18,159.87575136896226,41.88312332139207,0.0,40950.15408579781,11937.12888069991,0.0003406164749956107,253448.07104888745
low,low,advanced_coolant,two,transition,Q19,185.45338804339315,50.49681822134182,0.0,51116.98355140375,14495.72401874135,0.00041931135673441437,310153.3613153305
low,low,advanced_coolant,two,transition,Q20,216.29044918178596,60.78099204451795,0.0,62728.75199197058,17322.18961857004,0.000507731424228873,373354.29453480104
low,low,advanced_coolant,two,transition,Q21,248.4283893164876,73.01854910449497,0.0,75947.98006049322,20416.476648348158,0.0006065864636865899,443380.0999916927
low,low,advanced_coolant,two,transition,Q22,290.76316959803256,87.06027452369395,0.0,91156.59535340442,23860.23299910745,0.000718494904885723,521988.77226304513
low,low,advanced_coolant,two,transition,Q23,339.17500349837616,103.75430253567293,0.0,108881.18972424447,27717.034803558,0.0008465817345323811,611110.4159913379
low,low,advanced_coolant,two,transition,Q24,389.23109651712326,123.40481541008556,0.0,129293.27068883734,31964.357160188625,0.0009912627417682097,710737.4662585042
low,low,coolant_recovery,single,steady,Q01,0.0,0.0,0.0,0.0,0.0,0.0,0.0
low,low,coolant_recovery,single,steady,Q02,0.0,0.0,0.0,0.0,0.0,0.0,0.0
low,low,coolant_recovery,single,steady,Q03,0.0,0.0,0.0,0.0,0.0,0.0,0.0
low,low,coolant_recovery,single,steady,Q04,0.0,0.0,0.0,0.0,0.0,0.0,0.0
low,low,coolant_recovery,single,steady,Q05,0.0,0.0,0.0,0.0,0.0,0.0,0.0
low,low,coolant_recovery,single,steady,Q06,0.0,0.0,0.0,0.0,0.0,0.0,0.0
low,low,coolant_recovery,single,steady,Q07,0.0,0.0,0.0,0.0,0.0,0.0,0.0
low,low,coolant_recovery,single,steady,Q08,0.0,0.0,0.0,0.0,0.0,0.0,0.0
low,low,coolant_recovery,single,steady,Q09,13.786794454176896,0.8778399519871827,1.289666102302157,3140.852598652625,1284.656999192998,3.170062654631967e-05,25411.49764077848
low,low,coolant_recovery,single,steady,Q10,20.23814684878389,1.77985519766195,2.6148489940959507,7334.38801574961,2975.7366861830888,7.378182311111954e-05,59097.99521776356
low,low,coolant_recovery,single,steady,Q11,27.2591207937077,2.7745547852577053,4.076197770934159,12181.570793585804,4929.492941772233,0.00012241261353353145,98026.0081188549
low,low,coolant_recovery,single,steady,Q12,34.66697611911681,3.9749411105332513,5.839728298190824,17722.27340414879,7161.604838170237,0.00017799017431790608,142512.01226688363
low,low,coolant_recovery,single,steady,Q13,49.936876269673796,5.464891545059028,8.028667825457088,24340.24443088513,9840.5930689778,0.0002445030582074922,195776.35390487788
low,low,coolant_recovery,single,steady,Q14,58.580245686796374,7.147715278715383,10.500964421816423,32076.00596509604,12953.607550209439,0.0003220649120964353,257852.45343826892
low,low,coolant_recovery,single,steady,Q15,71.29646754315849,9.297886234797407,13.659857554825816,40809.01292533516,16474.061132468327,0.00040968938956982646,327992.73344667663
low,low,coolant_recovery,single,steady,Q16,88.63698348678656,12.017576531013077,17.655451940624143,50914.36040223914,20553.181140120763,0.000511140375057088,409210.02413009433
low,low,coolant_recovery,single,steady,Q17,135.71676683041466,15.314617850460404,22.49925338524429,64372.88983148945,26033.540717154836,0.0006467287283793324,517853.4362073712
low,low,coolant_recovery,single,steady,Q18,166.2301886721593,19.004900233512963,27.920779355407927,81900.30817159552,33108.65569124173,0.0008226819743702949,658720.6375745117
low,low,coolant_recovery,single,steady,Q19,193.21754098895389,23.17627330156175,34.04909287513392,102233.96710280738,41299.62161101637,0.0010266360733624871,821972.142277717
low,low,coolant_recovery,single,steady,Q20,226.673204723972,28.275646995604166,41.540765339220926,125457.50398394103,50660.26012424903,0.001259635617847018,1008481.4886668888
low,low,coolant_recovery,single,steady,Q21,261.0010500705312,34.48068746701899,50.65681245154641,151895.9601209863,61309.54574225769,0.001524822410335659,1220738.894156465
low,low,coolant_recovery,single,steady,Q22,309.3096516257118,41.75950064200792,61.350377486406686,182313.19070680867,73579.21071923387,0.0018300965796804707,1465117.0469342633
low,low,coolant_recovery,single,steady,Q23,365.4066482501296,50.56366512897698,74.28489074504024,217762.37944848873,87878.5257062826,0.002185874534046739,1749922.168845893
low,low,coolant_recovery,single,steady,Q24,422.6724451421049,61.095087243101645,89.75698002381598,258586.54137767444,104331.62827439289,0.0025954577957874522,2077768.0447017136
low,low,coolant_recovery,single,transition,Q01,0.0,0.0,0.0,0.0,0.0,0.0,0.0
low,low,coolant_recovery,single,transition,Q02,0.0,0.0,0.0,0.0,0.0,0.0,0.0
low,low,coolant_recovery,single,transition,Q03,0.0,0.0,0.0,0.0,0.0,0.0,0.0
low,low,coolant_recovery,single,transition,Q04,0.0,0.0,0.0,0.0,0.0,0.0,0.0
low,low,coolant_recovery,single,transition,Q05,0.0,0.0,0.0,0.0,0.0,0.0,0.0
low,low,coolant_recovery,single,transition,Q06,0.0,0.0,0.0,0.0,0.0,0.0,0.0
low,low,coolant_recovery,single,transition,Q07,0.0,0.0,0.0,0.0,0.0,0.0,0.0
low,low,coolant_recovery,single,transition,Q08,0.0,0.0,0.0,0.0,0.0,0.0,0.0
low,low,coolant_recovery,single,transition,Q09,13.786794454176896,0.8778399519871827,1.289666102302157,3140.852598652625,1066.1629053736851,2.8423215139029982e-05,21915.592139669472
low,low,coolant_recovery,single,transition,Q10,20.23814684878389,1.77985519766195,2.6148489940959507,7334.38801574961,2429.052864069229,6.558156577941165e-05,50351.0540639418
low,low,coolant_recovery,single,transition,Q11,27.2591207937077,2.7745547852577053,4.076197770934159,12181.570793585804,3961.314965063922,0.00010788994388290678,82535.1604915219
low,low,coolant_recovery,single,transition,Q12,34.66697611911681,3.9749411105332513,5.839728298190824,17722.27340414879,5663.446611755901,0.00015551780092169104,118541.48064425426
low,low,coolant_recovery,single,transition,Q13,49.936876269673796,5.464891545059028,8.028667825457088,24340.24443088513,7651.863952817064,0.0002116721214650811,160756.6880463061
low,low,coolant_recovery,single,transition,Q14,58.580245686796374,7.147715278715383,10.500964421816423,32076.00596509604,9890.401043224861,0.00027611681449166663,208841.14932651568
low,low,coolant_recovery,single,transition,Q15,71.29646754315849,9.297886234797407,13.659857554825816,40809.01292533516,12347.705952063334,0.00034779406186375155,261971.05056019677
low,low,coolant_recovery,single,transition,Q16,88.63698348678656,12.017576531013077,17.655451940624143,50914.36040223914,15108.737158380469,0.00042947371533098356,322098.9204222496
low,low,coolant_recovery,single,transition,Q17,135.71676683041466,15.314617850460404,22.49925338524429,64372.88983148945,18716.60568438841,0.000536974702887836,400782.4756831083
low,low,coolant_recovery,single,transition,Q18,166.2301886721593,19.004900233512963,27.920779355407927,81900.30817159552,23200.710990807453,0.0006740628038637807,500193.52236756316
low,low,coolant_recovery,single,transition,Q19,193.21754098895389,23.17627330156175,34.04909287513392,102233.96710280738,28209.01725178372,0.0008302770079739973,612522.4725299944
low,low,coolant_recovery,single,transition,Q20,226.673204723972,28.275646995604166,41.540765339220926,125457.50398394103,33732.72358465516,0.0010057225697531098,737640.9040333868
low,low,coolant_recovery,single,transition,Q21,261.0010500705312,34.48068746701899,50.65681245154641,151895.9601209863,39784.01683100377,0.0012019394766668503,876330.4315764024
low,low,coolant_recovery,single,transition,Q22,309.3096516257118,41.75950064200792,61.350377486406686,182313.19070680867,46499.23100535152,0.0014238968839722355,1031837.3715121457
low,low,coolant_recovery,single,transition,Q23,365.4066482501296,50.56366512897698,74.28489074504024,217762.37944848873,54016.962059209276,0.001677951079340639,1208137.1504927196
low,low,coolant_recovery,single,transition,Q24,422.6724451421049,61.095087243101645,89.75698002381598,258586.54137767444,62305.23224148244,0.0019650618552937947,1405345.7081751463
low,low,coolant_recovery,two,steady,Q01,0.0,0.0,0.0,0.0,0.0,0.0,0.0
low,low,coolant_recovery,two,steady,Q02,0.0,0.0,0.0,0.0,0.0,0.0,0.0
low,low,coolant_recovery,two,steady,Q03,0.0,0.0,0.0,0.0,0.0,0.0,0.0
low,low,coolant_recovery,two,steady,Q04,0.0,0.0,0.0,0.0,0.0,0.0,0.0
low,low,coolant_recovery,two,steady,Q05,0.0,0.0,0.0,0.0,0.0,0.0,0.0
low,low,coolant_recovery,two,steady,Q06,0.0,0.0,0.0,0.0,0.0,0.0,0.0
low,low,coolant_recovery,two,steady,Q07,0.0,0.0,0.0,0.0,0.0,0.0,0.0
low,low,coolant_recovery,two,steady,Q08,0.0,0.0,0.0,0.0,0.0,0.0,0.0
low,low,coolant_recovery,two,steady,Q09,14.149151171982044,0.8778399519871825,1.2896661023021567,1570.4262993263144,671.7315294818632,1.6153284534487432e-05,13001.29637348089
low,low,coolant_recovery,two,steady,Q10,21.01676876914901,1.7798551976619499,2.6148489940959507,3667.1940078748084,1532.1856887358863,3.735221316679421e-05,29995.24735825944
low,low,coolant_recovery,two,steady,Q11,28.51232072945802,2.7745547852577053,4.076197770934159,6090.7853967929095,2525.3706950312817,6.18408083625117e-05,49624.04182766845
low,low,coolant_recovery,two,steady,Q12,36.45435987187891,3.9749411105332513,5.839728298190824,8861.136702074404,3658.860046854131,8.98161489479542e-05,72043.45267971809
low,low,coolant_recovery,two,steady,Q13,52.39598273285258,5.464891545059028,8.028667825457088,12170.122215442578,5032.169150502192,0.00012342591619628245,99016.34860413129
low,low,coolant_recovery,two,steady,Q14,61.77650901605351,7.147715278715383,10.500964421816423,16038.002982548036,6609.597729263523,0.00016243319639357048,130266.52033651296
low,low,coolant_recovery,two,steady,Q15,75.33205593406853,9.297886234797407,13.659857554825816,20404.506462667603,8399.593293741167,0.00020656502275311555,165638.0644190612
low,low,coolant_recovery,two,steady,Q16,93.6550891982545,12.017576531013077,17.655451940624143,25457.180201119598,10479.081866419907,0.0002577175017345849,206650.6961485727
low,low,coolant_recovery,two,steady,Q17,142.16157344514835,15.314617850460404,22.499253385244288,32186.44491574476,13320.489562980692,0.0003265575384525464,261990.37985758347
low,low,coolant_recovery,two,steady,Q18,174.36553143034075,19.004900233512963,27.920779355407923,40950.15408579781,16927.266296498954,0.0004152639401222328,333122.55127174914
low,low,coolant_recovery,two,steady,Q19,203.2630459672306,23.17627330156175,34.04909287513392,51116.98355140375,21085.982090336467,0.0005179158041650054,415387.84174346516
low,low,coolant_recovery,two,steady,Q20,238.9037475364938,28.275646995604163,41.540765339220926,62728.75199197058,25844.08022123473,0.0006352453032154924,509429.1174131812
low,low,coolant_recovery,two,steady,Q21,275.6863219944988,34.48068746701899,50.6568124515464,75947.98006049322,31249.99038076395,0.0007687145724513449,616381.2184245269
low,low,coolant_recovery,two,steady,Q22,326.8504880842337,41.75950064200792,61.350377486406686,91156.59535340442,37496.16230550295,0.0009225391875463755,739696.2698406819
low,low,coolant_recovery,two,steady,Q23,386.26480804585816,50.56366512897698,74.28489074504023,108881.18972424447,44775.41125941565,0.0011018137513790936,883409.9624748019
low,low,coolant_recovery,two,steady,Q24,447.29925407507545,61.095087243101645,89.75698002381597,129293.27068883734,53136.70628731855,0.0013080600841724234,1048698.540299165
low,low,coolant_recovery,two,transition,Q01,0.0,0.0,0.0,0.0,0.0,0.0,0.0
low,low,coolant_recovery,two,transition,Q02,0.0,0.0,0.0,0.0,0.0,0.0,0.0
low,low,coolant_recovery,two,transition,Q03,0.0,0.0,0.0,0.0,0.0,0.0,0.0
low,low,coolant_recovery,two,transition,Q04,0.0,0.0,0.0,0.0,0.0,0.0,0.0
low,low,coolant_recovery,two,transition,Q05,0.0,0.0,0.0,0.0,0.0,0.0,0.0
low,low,coolant_recovery,two,transition,Q06,0.0,0.0,0.0,0.0,0.0,0.0,0.0
low,low,coolant_recovery,two,transition,Q07,0.0,0.0,0.0,0.0,0.0,0.0,0.0
low,low,coolant_recovery,two,transition,Q08,0.0,0.0,0.0,0.0,0.0,0.0,0.0
low,low,coolant_recovery,two,transition,Q09,14.149151171982044,0.8778399519871825,1.2896661023021567,1570.4262993263144,562.4844825722064,1.4514578830842583e-05,11253.343622926384
low,low,coolant_recovery,two,transition,Q10,21.01676876914901,1.7798551976619499,2.6148489940959507,3667.1940078748084,1258.843777678956,3.325208450094026e-05,25621.77678134856
low,low,coolant_recovery,two,transition,Q11,28.51232072945802,2.7745547852577053,4.076197770934159,6090.7853967929095,2041.2817066771252,5.4579473537199355e-05,41878.61801400195
low,low,coolant_recovery,two,transition,Q12,36.45435987187891,3.9749411105332513,5.839728298190824,8861.136702074404,2909.780933646962,7.857996224984668e-05,60058.18686840338
low,low,coolant_recovery,two,transition,Q13,52.39598273285258,5.464891545059028,8.028667825457088,12170.122215442578,3937.8045924218222,0.00010701044782507691,81506.51567484536
low,low,coolant_recovery,two,transition,Q14,61.77650901605351,7.147715278715383,10.500964421816423,16038.002982548036,5077.994475771233,0.00013945914759118613,105760.86828063628
low,low,coolant_recovery,two,transition,Q15,75.33205593406853,9.297886234797407,13.659857554825816,20404.506462667603,6336.415703538667,0.0001756173589000781,132627.22297582118
low,low,coolant_recovery,two,transition,Q16,93.6550891982545,12.017576531013077,17.655451940624143,25457.180201119598,7756.859875549756,0.00021688417187153266,163095.14429465024
low,low,coolant_recovery,two,transition,Q17,142.16157344514835,15.314617850460404,22.499253385244288,32186.44491574476,9662.022046597476,0.0002716805257067982,203454.89959545195
low,low,coolant_recovery,two,transition,Q18,174.36553143034075,19.004900233512963,27.920779355407923,40950.15408579781,11973.293946281809,0.0003409543548689757,253858.99366827478
low,low,coolant_recovery,two,transition,Q19,203.2630459672306,23.17627330156175,34.04909287513392,51116.98355140375,14540.679910720133,0.0004197362714707605,310663.0068696038
low,low,coolant_recovery,two,transition,Q20,238.9037475364938,28.275646995604163,41.540765339220926,62728.75199197058,17380.31195143779,0.0005082887791685385,374008.8250964301
low,low,coolant_recovery,two,transition,Q21,275.6863219944988,34.48068746701899,50.6568124515464,75947.98006049322,20487.225925136987,0.0006072731056169405,444176.9871344954
low,low,coolant_recovery,two,transition,Q22,326.8504880842337,41.75950064200792,61.350377486406686,91156.59535340442,23956.172448561763,0.0007194393396922578,523056.432129623
low,low,coolant_recovery,two,transition,Q23,386.26480804585816,50.56366512897698,74.28489074504023,108881.18972424447,27844.62943587897,0.0008478520240260437,612517.4532982153
low,low,coolant_recovery,two,transition,Q24,447.29925407507545,61.095087243101645,89.75698002381597,129293.27068883734,32123.508270863298,0.0009928621139255948,712487.3720358812
low,low,combined_strategy,single,steady,Q01,0.0,0.0,0.0,0.0,0.0,0.0,0.0
low,low,combined_strategy,single,steady,Q02,0.0,0.0,0.0,0.0,0.0,0.0,0.0
low,low,combined_strategy,single,steady,Q03,0.0,0.0,0.0,0.0,0.0,0.0,0.0
low,low,combined_strategy,single,steady,Q04,0.0,0.0,0.0,0.0,0.0,0.0,0.0
low,low,combined_strategy,single,steady,Q05,0.0,0.0,0.0,0.0,0.0,0.0,0.0
low,low,combined_strategy,single,steady,Q06,0.0,0.0,0.0,0.0,0.0,0.0,0.0
low,low,combined_strategy,single,steady,Q07,0.0,0.0,0.0,0.0,0.0,0.0,0.0
low,low,combined_strategy,single,steady,Q08,0.0,0.0,0.0,0.0,0.0,0.0,0.0
low,low,combined_strategy,single,steady,Q09,11.985205674735216,0.8621236224429698,1.2665766798853502,2867.7349813784854,1171.7934837544121,2.893312561456214e-05,23190.36485326969
low,low,combined_strategy,single,steady,Q10,17.420666521511112,1.739917703565516,2.5561753916579795,6651.033238107286,2696.726040171051,6.689118121437202e-05,53574.4006193063
low,low,combined_strategy,single,steady,Q11,23.226749285139334,2.6944749578990783,3.9585496295060523,10971.348322700414,4437.271488571631,0.00011022824854834185,88262.76529372914
low,low,combined_strategy,single,steady,Q12,29.23032518109671,3.8198741361347928,5.611913854321484,15849.575621130869,6401.521286201273,0.00015915157271425857,127420.11759812951
low,low,combined_strategy,single,steady,Q13,41.515382878853586,5.188374514360815,7.622426755665886,21604.333035684205,8729.151679466375,0.00021697035956400783,173717.81649828958
low,low,combined_strategy,single,steady,Q14,48.24747212984906,6.696349178577925,9.837846324083616,28246.997831365312,11400.957038765486,0.0002835597609322952,227009.13564996797
low,low,combined_strategy,single,steady,Q15,57.97781006611184,8.601569852991094,12.636874228468395,35651.068949828914,14383.65736716169,0.0003578305959524264,286455.7163817896
low,low,combined_strategy,single,steady,Q16,70.99641293381731,10.976508555396013,16.125981704841053,44108.805425063765,17794.797598807272,0.0004427126063107788,354402.16943151
low,low,combined_strategy,single,steady,Q17,106.14214499166164,13.82378056206958,20.309010949213327,55226.72104053141,22314.663187288505,0.0005546477558810575,444077.4089890686
low,low,combined_strategy,single,steady,Q18,128.22780366324267,16.962664945163795,24.920458376228282,69515.37729605268,28076.951495485137,0.0006980345466148681,558860.342325387
low,low,combined_strategy,single,steady,Q19,147.21928837460598,20.451211379643443,30.045606841698383,85870.71165376657,34660.01839849665,0.0008620327532827288,690118.3783727877
low,low,combined_strategy,single,steady,Q20,170.2948325432114,24.61630177802978,36.16469026648818,104298.0833094487,42080.64047864115,0.0010468456262352872,838041.2847186375
low,low,combined_strategy,single,steady,Q21,193.33792731176297,29.572512387320472,43.44603671717451,124989.04898191891,50407.30430045938,0.001254308538411163,1004080.3519166426
low,low,combined_strategy,single,steady,Q22,225.25062954492478,35.25941118209606,51.8008633415979,148463.21606445572,59865.60582889651,0.0014897944783081095,1192569.8647389547
low,low,combined_strategy,single,steady,Q23,261.37848921804067,42.02049252694755,61.73381000872539,175435.42488964708,70732.46278291338,0.0017603651636649757,1409138.9553994972
low,low,combined_strategy,single,steady,Q24,297.1269283171519,49.97895024108467,73.4258651690009,206053.54633653635,83057.9385405268,0.0020674097082880524,1654879.9541222004
low,low,combined_strategy,single,transition,Q01,0.0,0.0,0.0,0.0,0.0,0.0,0.0
low,low,combined_strategy,single,transition,Q02,0.0,0.0,0.0,0.0,0.0,0.0,0.0
low,low,combined_strategy,single,transition,Q03,0.0,0.0,0.0,0.0,0.0,0.0,0.0
low,low,combined_strategy,single,transition,Q04,0.0,0.0,0.0,0.0,0.0,0.0,0.0
low,low,combined_strategy,single,transition,Q05,0.0,0.0,0.0,0.0,0.0,0.0,0.0
low,low,combined_strategy,single,transition,Q06,0.0,0.0,0.0,0.0,0.0,0.0,0.0
low,low,combined_strategy,single,transition,Q07,0.0,0.0,0.0,0.0,0.0,0.0,0.0
low,low,combined_strategy,single,transition,Q08,0.0,0.0,0.0,0.0,0.0,0.0,0.0
low,low,combined_strategy,single,transition,Q09,11.985205674735216,0.8621236224429698,1.2665766798853502,2867.7349813784854,972.2988763541696,2.5940706503558506e-05,19998.451134865812
low,low,combined_strategy,single,transition,Q10,17.420666521511112,1.739917703565516,2.5561753916579795,6651.033238107286,2201.147221374641,5.9457498932425875e-05,45645.13951856375
low,low,combined_strategy,single,transition,Q11,23.226749285139334,2.6944749578990783,3.9585496295060523,10971.348322700414,3566.013097201906,9.715937267779597e-05,74322.63103181355
low,low,combined_strategy,single,transition,Q12,29.23032518109671,3.8198741361347928,5.611913854321484,15849.575621130869,5063.649848894722,0.0001390835011546603,106014.1746012247
low,low,combined_strategy,single,transition,Q13,41.515382878853586,5.188374514360815,7.622426755665886,21604.333035684205,6790.783816293388,0.00018789484161641304,142703.9306875218
low,low,combined_strategy,single,transition,Q14,48.24747212984906,6.696349178577925,9.837846324083616,28246.997831365312,8711.679242167678,0.0002432205939833281,183980.69090440305
low,low,combined_strategy,single,transition,Q15,57.97781006611184,8.601569852991094,12.636874228468395,35651.068949828914,10793.014390924836,0.00030397095130887356,229005.4287619999
low,low,combined_strategy,single,transition,Q16,70.99641293381731,10.976508555396013,16.125981704841053,44108.805425063765,13100.971604061526,0.00037230521638959257,279300.953515578
low,low,combined_strategy,single,transition,Q17,106.14214499166164,13.82378056206958,20.309010949213327,55226.72104053141,16073.996759086387,0.0004610377594580258,344226.74613783474
low,low,combined_strategy,single,transition,Q18,128.22780366324267,16.962664945163795,24.920458376228282,69515.37729605268,19724.048925162482,0.0005727410080600284,425213.90120022465
low,low,combined_strategy,single,transition,Q19,147.21928837460598,20.451211379643443,30.045606841698383,85870.71165376657,23747.150450444868,0.0006983397340619521,515512.4912039592
low,low,combined_strategy,single,transition,Q20,170.2948325432114,24.61630177802978,36.16469026648818,104298.0833094487,28123.250257041884,0.0008374847729112982,614723.0411730492
low,low,combined_strategy,single,transition,Q21,193.33792731176297,29.572512387320472,43.44603671717451,124989.04898191891,32851.4852662566,0.0009909712528981215,723187.2473693981
low,low,combined_strategy,single,transition,Q22,225.25062954492478,35.25941118209606,51.8008633415979,148463.21606445572,38023.19976223048,0.0011621583873081191,843091.3676722982
low,low,combined_strategy,single,transition,Q23,261.37848921804067,42.02049252694755,61.73381000872539,175435.42488964708,43730.1558975151,0.0013553305603840014,977102.0452331246
low,low,combined_strategy,single,transition,Q24,297.1269283171519,49.97895024108467,73.4258651690009,206053.54633653635,49932.00736575066,0.0015705207406664103,1124865.0553257822
low,low,combined_strategy,two,steady,Q01,0.0,0.0,0.0,0.0,0.0,0.0,0.0
low,low,combined_strategy,two,steady,Q02,0.0,0.0,0.0,0.0,0.0,0.0,0.0
low,low,combined_strategy,two,steady,Q03,0.0,0.0,0.0,0.0,0.0,0.0,0.0
low,low,combined_strategy,two,steady,Q04,0.0,0.0,0.0,0.0,0.0,0.0,0.0
low,low,combined_strategy,two,steady,Q05,0.0,0.0,0.0,0.0,0.0,0.0,0.0
low,low,combined_strategy,two,steady,Q06,0.0,0.0,0.0,0.0,0.0,0.0,0.0
low,low,combined_strategy,two,steady,Q07,0.0,0.0,0.0,0.0,0.0,0.0,0.0
low,low,combined_strategy,two,steady,Q08,0.0,0.0,0.0,0.0,0.0,0.0,0.0
low,low,combined_strategy,two,steady,Q09,12.314506728706348,0.8621236224429696,1.26657667988535,1433.8674906892445,611.584136242138,1.4732217639677504e-05,11853.546460495803
low,low,combined_strategy,two,steady,Q10,18.123225019710997,1.7399177035655156,2.5561753916579795,3325.5166190536447,1386.7834405082622,3.384751619543118e-05,27174.411779047183
low,low,combined_strategy,two,steady,Q11,24.349127320777676,2.694474957899078,3.958549629506052,5485.674161350212,2270.7350378841975,5.566256093657781e-05,44657.03270005959
low,low,combined_strategy,two,steady,Q12,30.818893219373763,3.819874136134792,5.611913854321483,7924.787810565442,3267.2173849643955,8.027925990122754e-05,64381.2284692957
low,low,combined_strategy,two,steady,Q13,43.678667760218126,5.188374514360815,7.622426755665886,10802.166517842117,4458.484159569978,0.00010947710753561077,87806.95900840178
low,low,combined_strategy,two,steady,Q14,51.0338749944356,6.696349178577925,9.837846324083616,14123.49891568267,5810.995634195868,0.00014295325517072743,114621.31290996716
low,low,combined_strategy,two,steady,Q15,61.4622198682139,8.601569852991094,12.636874228468395,17825.53447491448,7325.511700217283,0.00018033973672441374,144579.55526811627
low,low,combined_strategy,two,steady,Q16,75.28219629300196,10.976508555396013,16.125981704841053,22054.40271253191,9061.531578262968,0.00022310942871630636,178861.38424753054
low,low,combined_strategy,two,steady,Q17,111.55620577227083,13.82378056206958,20.309010949213327,27613.36052026575,11397.548547062033,0.0002798668452396909,224464.76698277015
low,low,combined_strategy,two,steady,Q18,134.95529299273394,16.962664945163795,24.920458376228282,34757.688648026386,14329.45879279512,0.0003520998716416606,282369.3197995442
low,low,combined_strategy,two,steady,Q19,155.40778120169475,20.451211379643443,30.045606841698383,42935.35582688334,17666.30841471963,0.00043458766817124083,348457.5291138621
low,low,combined_strategy,two,steady,Q20,180.12575891529775,24.61630177802978,36.16469026648818,52149.041654724424,21431.220173298534,0.0005275825340496072,422972.18839352974
low,low,combined_strategy,two,steady,Q21,204.98235259931306,29.572512387320472,43.44603671717451,62494.52449095953,25650.270133784186,0.000631921650556183,506557.4687782396
low,low,combined_strategy,two,steady,Q22,238.9623062564346,35.25941118209606,51.8008633415979,74231.60803222796,30454.257347697036,0.0007504709071189532,601560.4188941319
low,low,combined_strategy,two,steady,Q23,277.44119348965074,42.02049252694755,61.73381000872539,87717.71244482366,35972.71233132612,0.0008866753777291424,710706.9151102181
low,low,combined_strategy,two,steady,Q24,315.80523134812233,49.97895024108466,73.4258651690009,103026.77316826834,42221.52418526863,0.0010411394481576461,834451.9095819402
low,low,combined_strategy,two,transition,Q01,0.0,0.0,0.0,0.0,0.0,0.0,0.0
low,low,combined_strategy,two,transition,Q02,0.0,0.0,0.0,0.0,0.0,0.0,0.0
low,low,combined_strategy,two,transition,Q03,0.0,0.0,0.0,0.0,0.0,0.0,0.0
low,low,combined_strategy,two,transition,Q04,0.0,0.0,0.0,0.0,0.0,0.0,0.0
low,low,combined_strategy,two,transition,Q05,0.0,0.0,0.0,0.0,0.0,0.0,0.0
low,low,combined_strategy,two,transition,Q06,0.0,0.0,0.0,0.0,0.0,0.0,0.0
low,low,combined_strategy,two,transition,Q07,0.0,0.0,0.0,0.0,0.0,0.0,0.0
low,low,combined_strategy,two,transition,Q08,0.0,0.0,0.0,0.0,0.0,0.0,0.0
low,low,combined_strategy,two,transition,Q09,12.314506728706348,0.8621236224429696,1.26657667988535,1433.8674906892445,511.83683254201674,1.3236008084175685e-05,10257.589601293861
low,low,combined_strategy,two,transition,Q10,18.123225019710997,1.7399177035655156,2.5561753916579795,3325.5166190536447,1138.9940311100572,3.013067505445811e-05,23209.781228675907
low,low,combined_strategy,two,transition,Q11,24.349127320777676,2.694474957899078,3.958549629506052,5485.674161350212,1835.1058421993343,4.912812300130487e-05,37686.96556910179
low,low,combined_strategy,two,transition,Q12,30.818893219373763,3.819874136134792,5.611913854321483,7924.787810565442,2598.281666311119,7.024522412142841e-05,53678.25697084328
low,low,combined_strategy,two,transition,Q13,43.678667760218126,5.188374514360815,7.622426755665886,10802.166517842117,3489.300227983483,9.493934856181336e-05,72300.01610301787
low,low,combined_strategy,two,transition,Q14,51.0338749944356,6.696349178577925,9.837846324083616,14123.49891568267,4466.356735896963,0.00012278367169624385,93107.09053718469
low,low,combined_strategy,two,transition,Q15,61.4622198682139,8.601569852991094,12.636874228468395,17825.53447491448,5530.190212098854,0.0001534099144026373,115854.41145822141
low,low,combined_strategy,two,transition,Q16,75.28219629300196,10.976508555396013,16.125981704841053,22054.40271253191,6714.618580890091,0.00018790573375571318,141310.77628956453
low,low,combined_strategy,two,transition,Q17,111.55620577227083,13.82378056206958,20.309010949213327,27613.36052026575,8277.215332960972,0.00023306184702817493,174539.43555715316
low,low,combined_strategy,two,transition,Q18,134.95529299273394,16.962664945163795,24.920458376228282,34757.688648026386,10153.00750763379,0.00028945310236424063,215546.09923696288
low,low,combined_strategy,two,transition,Q19,155.40778120169475,20.451211379643443,30.045606841698383,42935.35582688334,12209.874440693737,0.00035274115856085244,261154.5855294477
low,low,combined_strategy,two,transition,Q20,180.12575891529775,24.61630177802978,36.16469026648818,52149.041654724424,14452.525062498893,0.0004229021073876127,311313.06662073545
low,low,combined_strategy,two,transition,Q21,204.98235259931306,29.572512387320472,43.44603671717451,62494.52449095953,16872.36061668279,0.000500253007799662,366110.91650461726
low,low,combined_strategy,two,transition,Q22,238.9623062564346,35.25941118209606,51.8008633415979,74231.60803222796,19533.05431436401,0.000586652861618958,426821.1703608036
low,low,combined_strategy,two,transition,Q23,277.44119348965074,42.02049252694755,61.73381000872539,87717.71244482366,22471.558888626958,0.0006841580760886552,494688.46002703166
low,low,combined_strategy,two,transition,Q24,315.80523134812233,49.97895024108466,73.4258651690009,103026.77316826834,25658.55859788054,0.0007926949643468248,569444.4601837307
low,central,baseline,single,steady,Q01,0.0,0.0,0.0,0.0,0.0,0.0,0.0
low,central,baseline,single,steady,Q02,0.0,0.0,0.0,0.0,0.0,0.0,0.0
low,central,baseline,single,steady,Q03,0.0,0.0,0.0,0.0,0.0,0.0,0.0
low,central,baseline,single,steady,Q04,0.0,0.0,0.0,0.0,0.0,0.0,0.0
low,central,baseline,single,steady,Q05,0.0,0.0,0.0,0.0,0.0,0.0,0.0
low,central,baseline,single,steady,Q06,0.0,0.0,0.0,0.0,0.0,0.0,0.0
low,central,baseline,single,steady,Q07,0.0,0.0,0.0,0.0,0.0,0.0,0.0
low,central,baseline,single,steady,Q08,0.0,0.0,0.0,0.0,0.0,0.0,0.0
low,central,baseline,single,steady,Q09,24.81936603063224,3.4366075180012823,0.0,5137.6011687119635,2106.3975033050506,5.190676508291229e-05,41614.37970789836
low,central,baseline,single,steady,Q10,37.83218581672891,6.997069650471548,0.0,12032.865403235854,4892.309067753035,0.00012115526844519783,97054.55229047377
low,central,baseline,single,steady,Q11,52.09019852375441,10.960426596717737,0.0,20043.163366017452,8126.925956752848,0.0002015830418966168,161441.9130315983
low,central,baseline,single,steady,Q12,67.56501645828358,15.78741455582835,0.0,29240.864208559127,11839.36942361813,0.0002939178165603152,235357.15107041784
low,central,baseline,single,steady,Q13,96.94040097981092,21.82423194797292,0.0,40272.58905363031,16313.828539385731,0.00040488294087537904,324228.64160837856
low,central,baseline,single,steady,Q14,115.85650103608776,28.700477959361372,0.0,53213.63952136638,21531.519049598406,0.0005347405300139791,428169.74858144956
low,central,baseline,single,steady,Q15,142.80150394538362,37.5067887464014,0.0,67872.30580178673,27453.27872297866,0.000681954155984239,546022.0104369335
low,central,baseline,single,steady,Q16,179.01646584516942,48.67764968615512,0.0,84886.41435829745,34336.9374998524,0.0008529312493967395,682915.0324317138
low,central,baseline,single,steady,Q17,267.0217302448918,62.24516939980636,0.0,107613.07398354082,43610.395638606016,0.001082093626134304,866556.2523202234
low,central,baseline,single,steady,Q18,328.2917976766774,77.48993116444646,0.0,137282.36745316273,55608.275542200674,0.0013801644097968053,1105212.2252346575
low,central,baseline,single,steady,Q19,384.96311128022126,94.78221130522074,0.0,171782.79631616457,69530.43585467889,0.0017264750475003024,1382435.543811447
low,central,baseline,single,steady,Q20,455.1040161028451,116.00163002723426,0.0,211273.1408851653,85477.46520128543,0.0021229935054739822,1699867.2155535154
low,central,baseline,single,steady,Q21,529.6614714502268,141.8966014790758,0.0,256321.73157183416,103658.96387237366,0.002575229511162137,2061876.565011073
low,central,baseline,single,steady,Q22,630.9809531802775,172.37878064467702,0.0,308248.84331434616,124647.68862242135,0.003096831840013514,2479472.2594815977
low,central,baseline,single,steady,Q23,749.6539807981997,209.3091359285006,0.0,368873.4849722773,149153.35651847156,0.003705821020698022,2967027.5050738244
low,central,baseline,single,steady,Q24,874.8791603618643,253.54920227705173,0.0,438805.27759304707,177398.64395908106,0.004408085851160479,3529207.549962999
low,central,baseline,single,transition,Q01,0.0,0.0,0.0,0.0,0.0,0.0,0.0
low,central,baseline,single,transition,Q02,0.0,0.0,0.0,0.0,0.0,0.0,0.0
low,central,baseline,single,transition,Q03,0.0,0.0,0.0,0.0,0.0,0.0,0.0
low,central,baseline,single,transition,Q04,0.0,0.0,0.0,0.0,0.0,0.0,0.0
low,central,baseline,single,transition,Q05,0.0,0.0,0.0,0.0,0.0,0.0,0.0
low,central,baseline,single,transition,Q06,0.0,0.0,0.0,0.0,0.0,0.0,0.0
low,central,baseline,single,transition,Q07,0.0,0.0,0.0,0.0,0.0,0.0,0.0
low,central,baseline,single,transition,Q08,0.0,0.0,0.0,0.0,0.0,0.0,0.0
low,central,baseline,single,transition,Q09,24.81936603063224,3.4366075180012823,0.0,5137.6011687119635,1748.9991611337837,4.6545789950343286e-05,35896.00623315809
low,central,baseline,single,transition,Q10,37.83218581672891,6.997069650471548,0.0,12032.865403235854,3995.281350705986,0.0001076998526894921,82702.10881772097
low,central,baseline,single,transition,Q11,52.09019852375441,10.960426596717737,0.0,20043.163366017452,6533.350590768268,0.00017767941140684807,135944.70717584502
low,central,baseline,single,transition,Q12,67.56501645828358,15.78741455582835,0.0,29240.864208559127,9366.013977042609,0.00025681748486168233,195783.46392520945
low,central,baseline,single,transition,Q13,96.94040097981092,21.82423194797292,0.0,40272.58905363031,12689.336587237563,0.00035051556159315645,266236.7703740079
low,central,baseline,single,transition,Q14,115.85650103608776,28.700477959361372,0.0,53213.63952136638,16444.1257402279,0.00045842963037342143,346771.4556315215
low,central,baseline,single,transition,Q15,142.80150394538362,37.5067887464014,0.0,67872.30580178673,20581.35212729611,0.0005788752570490006,436071.1849060127
low,central,baseline,single,transition,Q16,179.01646584516942,48.67764968615512,0.0,84886.41435829745,25245.779353320624,0.0007165638771987628,537456.5020872054
low,central,baseline,single,transition,Q17,267.0217302448918,62.24516939980636,0.0,107613.07398354082,31357.26745725777,0.0008982967034140804,670506.2014186515
low,central,baseline,single,transition,Q18,328.2917976766774,77.48993116444646,0.0,137282.36745316273,38969.25180447354,0.0011305790537308982,838987.8454310235
low,central,baseline,single,transition,Q19,384.96311128022126,94.78221130522074,0.0,171782.79631616457,47491.34499056886,0.001395888684538652,1029810.0899856867
low,central,baseline,single,transition,Q20,455.1040161028451,116.00163002723426,0.0,211273.1408851653,56913.88262577529,0.0016945397668413301,1242849.8943453531
low,central,baseline,single,transition,Q21,529.6614714502268,141.8966014790758,0.0,256321.73157183416,67260.8437861385,0.0020292577098686097,1479506.6436313104
low,central,baseline,single,transition,Q22,630.9809531802775,172.37878064467702,0.0,308248.84331434616,78767.22639190141,0.0024086249065557144,1745384.8637932786
low,central,baseline,single,transition,Q23,749.6539807981997,209.3091359285006,0.0,368873.4849722773,91675.13675339088,0.0028436477242218114,2047375.9888325334
low,central,baseline,single,transition,Q24,874.8791603618643,253.54920227705173,0.0,438805.27759304707,105934.06566984643,0.0033361171768219585,2385774.2973352442
low,central,baseline,two,steady,Q01,0.0,0.0,0.0,0.0,0.0,0.0,0.0
low,central,baseline,two,steady,Q02,0.0,0.0,0.0,0.0,0.0,0.0,0.0
low,central,baseline,two,steady,Q03,0.0,0.0,0.0,0.0,0.0,0.0,0.0
low,central,baseline,two,steady,Q04,0.0,0.0,0.0,0.0,0.0,0.0,0.0
low,central,baseline,two,steady,Q05,0.0,0.0,0.0,0.0,0.0,0.0,0.0
low,central,baseline,two,steady,Q06,0.0,0.0,0.0,0.0,0.0,0.0,0.0
low,central,baseline,two,steady,Q07,0.0,0.0,0.0,0.0,0.0,0.0,0.0
low,central,baseline,two,steady,Q08,0.0,0.0,0.0,0.0,0.0,0.0,0.0
low,central,baseline,two,steady,Q09,25.41346149565933,3.4366075180012814,0.0,2568.8005843559845,1106.338073867873,2.6501958801199645e-05,21338.583076102666
low,central,baseline,two,steady,Q10,39.11243310763922,6.997069650471547,0.0,6016.432701617933,2529.1581822079447,6.144265605416558e-05,49357.31262855118
low,central,baseline,two,steady,Q11,54.15646394713456,10.960426596717735,0.0,10021.581683008737,4179.322384992437,0.00010200491714745216,81879.55058195931
low,central,baseline,two,steady,Q12,70.51982518819068,15.787414555828349,0.0,14620.432104279578,6071.572878193276,0.00014855672701677894,119197.45719905106
low,central,baseline,two,steady,Q13,101.01685997848043,21.82423194797292,0.0,20136.294526815174,8373.936564622492,0.00020472081454672578,164284.5437534856
low,central,baseline,two,steady,Q14,121.16819817620974,28.70047795936137,0.0,26606.819760683215,11027.757857271437,0.0002701337507215089,216704.8576154472
low,central,baseline,two,steady,Q15,149.52413482514757,37.50678874640139,0.0,33936.1529008934,14051.163656392604,0.0003444098548848845,276256.2481674996
low,central,baseline,two,steady,Q16,187.3955742449068,48.67764968615511,0.0,42443.207179148776,17575.977831658845,0.0004307841037641273,345532.6070331835
low,central,baseline,two,steady,Q17,277.81264044429145,62.245169399806336,0.0,53806.53699177047,22402.736595090915,0.0005473334266720305,439253.51391799096
low,central,baseline,two,steady,Q18,341.9475837909076,77.48993116444645,0.0,68641.18372658144,28540.433690378635,0.0006978326137470083,559969.0718101121
low,central,baseline,two,steady,Q19,401.8633665768487,94.78221130522073,0.0,85891.39815808239,35633.23602144242,0.0008723916157477076,699897.9528467536
low,central,baseline,two,steady,Q20,475.72348063927006,116.00163002723424,0.0,105636.57044258277,43768.79984147135,0.0010723774332954143,860234.2801850445
low,central,baseline,two,steady,Q21,554.467427370913,141.8966014790758,0.0,128160.86578591722,53034.17104758894,0.0013003711297024858,1042985.1736195582
low,central,baseline,two,steady,Q22,660.665954983647,172.37878064467702,0.0,154124.42165717325,63761.050613303756,0.001563649876930912,1254108.1927617304
low,central,baseline,two,steady,Q23,785.0167184881955,209.3091359285006,0.0,184436.74248613886,76286.72900186651,0.001871057563454962,1500614.2599632205
low,central,baseline,two,steady,Q24,916.7024394299891,253.54920227705173,0.0,219402.6387965238,90701.32473860728,0.0022253306991822934,1784623.8025721677
low,central,baseline,two,transition,Q01,0.0,0.0,0.0,0.0,0.0,0.0,0.0
low,central,baseline,two,transition,Q02,0.0,0.0,0.0,0.0,0.0,0.0,0.0
low,central,baseline,two,transition,Q03,0.0,0.0,0.0,0.0,0.0,0.0,0.0
low,central,baseline,two,transition,Q04,0.0,0.0,0.0,0.0,0.0,0.0,0.0
low,central,baseline,two,transition,Q05,0.0,0.0,0.0,0.0,0.0,0.0,0.0
low,central,baseline,two,transition,Q06,0.0,0.0,0.0,0.0,0.0,0.0,0.0
low,central,baseline,two,transition,Q07,0.0,0.0,0.0,0.0,0.0,0.0,0.0
low,central,baseline,two,transition,Q08,0.0,0.0,0.0,0.0,0.0,0.0,0.0
low,central,baseline,two,transition,Q09,25.41346149565933,3.4366075180012814,0.0,2568.8005843559845,927.6389027822391,2.382147123491514e-05,18479.396338732528
low,central,baseline,two,transition,Q10,39.11243310763922,6.997069650471547,0.0,6016.432701617933,2080.6443236844193,5.471494817631271e-05,42181.090892174776
low,central,baseline,two,transition,Q11,54.15646394713456,10.960426596717735,0.0,10021.581683008737,3382.534702000146,9.005310190256782e-05,69130.94765408266
low,central,baseline,two,transition,Q12,70.51982518819068,15.787414555828349,0.0,14620.432104279578,4834.895154905513,0.0001300065611674625,99410.61362644687
low,central,baseline,two,transition,Q13,101.01685997848043,21.82423194797292,0.0,20136.294526815174,6561.690588548407,0.0001775371249056145,135288.60813630026
low,central,baseline,two,transition,Q14,121.16819817620974,28.70047795936137,0.0,26606.819760683215,8484.061202586183,0.00023197830090123005,176005.71114048315
low,central,baseline,two,transition,Q15,149.52413482514757,37.50678874640139,0.0,33936.1529008934,10615.200358551327,0.0002928704054172653,221280.8354020392
low,central,baseline,two,transition,Q16,187.3955742449068,48.67764968615511,0.0,42443.207179148776,13030.398758392956,0.0003626004176651389,272803.3418609293
low,central,baseline,two,transition,Q17,277.81264044429145,62.245169399806336,0.0,53806.53699177047,16276.17250441679,0.0004554349653119186,341228.48846720497
low,central,baseline,two,transition,Q18,341.9475837909076,77.48993116444645,0.0,68641.18372658144,20220.92182151506,0.0005730399357140548,426856.88190829486
low,central,baseline,two,transition,Q19,401.8633665768487,94.78221130522073,0.0,85891.39815808239,24613.69058938739,0.0007070984342668823,523585.2259338732
low,central,baseline,two,transition,Q20,475.72348063927006,116.00163002723424,0.0,105636.57044258277,29487.008553716256,0.0008581505639790881,631725.619580963
low,central,baseline,two,transition,Q21,554.467427370913,141.8966014790758,0.0,128160.86578591722,34835.111004471335,0.0010273852290557219,751800.2129296765
low,central,baseline,two,transition,Q22,660.665954983647,172.37878064467702,0.0,154124.42165717325,40820.81949804374,0.001219546410202012,887064.4949175703
low,central,baseline,two,transition,Q23,785.0167184881955,209.3091359285006,0.0,184436.74248613886,47547.61911932612,0.0014399709152168563,1040788.5018425742
low,central,baseline,two,transition,Q24,916.7024394299891,253.54920227705173,0.0,219402.6387965238,54969.035593989895,0.0016893463620130328,1212907.1762582897
low,central,improved_pue,single,steady,Q01,0.0,0.0,0.0,0.0,0.0,0.0,0.0
low,central,improved_pue,single,steady,Q02,0.0,0.0,0.0,0.0,0.0,0.0,0.0
low,central,improved_pue,single,steady,Q03,0.0,0.0,0.0,0.0,0.0,0.0,0.0
low,central,improved_pue,single,steady,Q04,0.0,0.0,0.0,0.0,0.0,0.0,0.0
low,central,improved_pue,single,steady,Q05,0.0,0.0,0.0,0.0,0.0,0.0,0.0
low,central,improved_pue,single,steady,Q06,0.0,0.0,0.0,0.0,0.0,0.0,0.0
low,central,improved_pue,single,steady,Q07,0.0,0.0,0.0,0.0,0.0,0.0,0.0
low,central,improved_pue,single,steady,Q08,0.0,0.0,0.0,0.0,0.0,0.0,0.0
low,central,improved_pue,single,steady,Q09,24.81936603063224,3.4366075180012823,0.0,4690.853240997882,1927.6983322194178,4.743928580577147e-05,38040.39628618571
low,central,improved_pue,single,steady,Q10,37.83218581672891,6.997069650471548,0.0,10911.580756927044,4443.795209229511,0.00010994242198210972,88084.27512000328
low,central,improved_pue,single,steady,Q11,52.09019852375441,10.960426596717737,0.0,18051.194158536724,7330.138273760557,0.0001816633498218095,145506.15937175247
low,central,improved_pue,single,steady,Q12,67.56501645828358,15.78741455582835,0.0,26149.169900339723,10602.69170033037,0.00026300087347812115,210623.59660466257
low,central,improved_pue,single,steady,Q13,96.94040097981092,21.82423194797292,0.0,35741.974113445096,14501.582563311646,0.00035957679147352687,287983.7220868968
low,central,improved_pue,single,steady,Q14,115.85650103608776,28.700477959361372,0.0,46854.39788465324,18987.82239491315,0.00047114811364684775,377295.81548774446
low,central,improved_pue,single,steady,Q15,142.80150394538362,37.5067887464014,0.0,59282.39755718353,24017.315425137378,0.0005960550735382071,477302.7444801079
low,central,improved_pue,single,steady,Q16,179.01646584516942,48.67764968615512,0.0,73522.46667513273,29791.358426586507,0.0007392917725650923,592003.450966396
low,central,improved_pue,single,steady,Q17,267.0217302448918,62.24516939980636,0.0,92296.6637568555,37483.831547931884,0.000928929523867451,744024.970506741
low,central,improved_pue,single,steady,Q18,328.2917976766774,77.48993116444646,0.0,116483.58778100382,47288.763673337104,0.0011721766130752163,938821.9878573864
low,central,improved_pue,single,steady,Q19,384.96311128022126,94.78221130522074,0.0,144233.93273602705,58510.89042262387,0.0014509864116989271,1162044.635170347
low,central,improved_pue,single,steady,Q20,455.1040161028451,116.00163002723426,0.0,175568.6626657776,71195.67391353035,0.0017659487232801053,1414231.389798414
low,central,improved_pue,single,steady,Q21,529.6614714502268,141.8966014790758,0.0,210824.0814640402,85459.90382925607,0.0021202530100841973,1697895.3641487216
low,central,improved_pue,single,steady,Q22,630.9809531802775,172.37878064467702,0.0,250898.26552619616,101707.45750716137,0.002523326062132014,2020667.6371763982
low,central,improved_pue,single,steady,Q23,749.6539807981997,209.3091359285006,0.0,297025.7102659264,120414.24663593121,0.002987343273634513,2392245.3074230175
low,central,improved_pue,single,steady,Q24,874.8791603618643,253.54920227705173,0.0,349474.5547315037,141666.35481446373,0.0035147786225450447,2814561.767070652
low,central,improved_pue,single,transition,Q01,0.0,0.0,0.0,0.0,0.0,0.0,0.0
low,central,improved_pue,single,transition,Q02,0.0,0.0,0.0,0.0,0.0,0.0,0.0
low,central,improved_pue,single,transition,Q03,0.0,0.0,0.0,0.0,0.0,0.0,0.0
low,central,improved_pue,single,transition,Q04,0.0,0.0,0.0,0.0,0.0,0.0,0.0
low,central,improved_pue,single,transition,Q05,0.0,0.0,0.0,0.0,0.0,0.0,0.0
low,central,improved_pue,single,transition,Q06,0.0,0.0,0.0,0.0,0.0,0.0,0.0
low,central,improved_pue,single,transition,Q07,0.0,0.0,0.0,0.0,0.0,0.0,0.0
low,central,improved_pue,single,transition,Q08,0.0,0.0,0.0,0.0,0.0,0.0,0.0
low,central,improved_pue,single,transition,Q09,24.81936603063224,3.4366075180012823,0.0,4690.853240997882,1601.3781067586956,4.254448242386064e-05,32819.27267881415
low,central,improved_pue,single,transition,Q10,37.83218581672891,6.997069650471548,0.0,10911.580756927044,3630.6354390438983,9.774502542932554e-05,75073.71879703348
low,central,improved_pue,single,transition,Q11,52.09019852375441,10.960426596717737,0.0,18051.194158536724,5896.142555608885,0.00016015341404953441,122562.22788132573
low,central,improved_pue,single,transition,Q12,67.56501645828358,15.78741455582835,0.0,26149.169900339723,8394.10699818015,0.00022987210294586786,175286.2413702591
low,central,improved_pue,single,transition,Q13,96.94040097981092,21.82423194797292,0.0,35741.974113445096,11292.009595446083,0.0003114331969555434,236630.55460104786
low,central,improved_pue,single,transition,Q14,115.85650103608776,28.700477959361372,0.0,46854.39788465324,14522.062392041451,0.0004041617136037722,305843.6554417973
low,central,improved_pue,single,transition,Q15,142.80150394538362,37.5067887464014,0.0,59282.39755718353,18038.581549088078,0.0005063740653974675,381643.0024633191
low,central,improved_pue,single,transition,Q16,179.01646584516942,48.67764968615512,0.0,73522.46667513273,21955.224230804703,0.0006217497596283652,466625.3038338871
low,central,improved_pue,single,transition,Q17,267.0217302448918,62.24516939980636,0.0,92296.6637568555,27035.63514947561,0.0007722065778906068,576853.8281314404
low,central,improved_pue,single,transition,Q18,328.2917976766774,77.48993116444646,0.0,116483.58778100382,33265.10894087629,0.0009618217920883041,714443.5121380133
low,central,improved_pue,single,transition,Q19,384.96311128022126,94.78221130522074,0.0,144233.93273602705,40143.70343633334,0.0011754786069045691,868169.6433896984
low,central,improved_pue,single,transition,Q20,455.1040161028451,116.00163002723426,0.0,175568.6626657776,47651.444591020154,0.0014127852834424524,1037523.7206382508
low,central,improved_pue,single,transition,Q21,529.6614714502268,141.8966014790758,0.0,210824.0814640402,55784.297324439336,0.0016751189125119464,1223085.6600716538
low,central,improved_pue,single,transition,Q22,630.9809531802775,172.37878064467702,0.0,250898.26552619616,64713.95652142919,0.0019684235473460317,1428771.6214046835
low,central,improved_pue,single,transition,Q23,749.6539807981997,209.3091359285006,0.0,297025.7102659264,74596.36491738108,0.0023000750478562614,1659159.1999262155
low,central,improved_pue,single,transition,Q24,874.8791603618643,253.54920227705173,0.0,349474.5547315037,85358.70420279815,0.0026701638633700613,1913639.3572840025
low,central,improved_pue,two,steady,Q01,0.0,0.0,0.0,0.0,0.0,0.0,0.0
low,central,improved_pue,two,steady,Q02,0.0,0.0,0.0,0.0,0.0,0.0,0.0
low,central,improved_pue,two,steady,Q03,0.0,0.0,0.0,0.0,0.0,0.0,0.0
low,central,improved_pue,two,steady,Q04,0.0,0.0,0.0,0.0,0.0,0.0,0.0
low,central,improved_pue,two,steady,Q05,0.0,0.0,0.0,0.0,0.0,0.0,0.0
low,central,improved_pue,two,steady,Q06,0.0,0.0,0.0,0.0,0.0,0.0,0.0
low,central,improved_pue,two,steady,Q07,0.0,0.0,0.0,0.0,0.0,0.0,0.0
low,central,improved_pue,two,steady,Q08,0.0,0.0,0.0,0.0,0.0,0.0,0.0
low,central,improved_pue,two,steady,Q09,25.41346149565933,3.4366075180012814,0.0,2345.426620498944,1016.9884883250566,2.426821916262924e-05,19551.591365246342
low,central,improved_pue,two,steady,Q10,39.11243310763922,6.997069650471547,0.0,5455.790378463525,2304.901252946181,5.58362328226215e-05,44872.174043315914
low,central,improved_pue,two,steady,Q11,54.15646394713456,10.960426596717735,0.0,9025.59707926837,3780.92854349629,9.20450711100485e-05,73911.67375203638
low,central,improved_pue,two,steady,Q12,70.51982518819068,15.787414555828349,0.0,13074.584950169872,5453.234016549392,0.00013309825547568187,106830.67996617343
low,central,improved_pue,two,steady,Q13,101.01685997848043,21.82423194797292,0.0,17870.98705672257,7467.8135765854495,0.00018206773984579973,146162.0839927448
low,central,improved_pue,two,steady,Q14,121.16819817620974,28.70047795936137,0.0,23427.198942326642,9755.909529928807,0.00023833754253794315,191267.89106859468
low,central,improved_pue,two,steady,Q15,149.52413482514757,37.50678874640139,0.0,29641.198778591795,12333.182007471964,0.00030146031366186843,241896.61518908685
low,central,improved_pue,two,steady,Q16,187.3955742449068,48.67764968615511,0.0,36761.2333375664,15303.1882950259,0.0003739643653483036,300076.81630052463
low,central,improved_pue,two,steady,Q17,277.81264044429145,62.245169399806336,0.0,46148.331878427816,19339.454549753857,0.00047075137553860406,377987.8730112499
low,central,improved_pue,two,steady,Q18,341.9475837909076,77.48993116444645,0.0,58241.79389050197,24380.677755946846,0.0005938387153862138,476773.9531214764
low,central,improved_pue,two,steady,Q19,401.8633665768487,94.78221130522073,0.0,72116.9663680136,30123.4633054149,0.00073464729784702,589702.4985262034
low,central,improved_pue,two,steady,Q20,475.72348063927006,116.00163002723424,0.0,87784.33133288892,36627.9041975938,0.0008938550421984761,717416.3673074938
low,central,improved_pue,two,steady,Q21,554.467427370913,141.8966014790758,0.0,105412.04073202022,43934.64102603013,0.001072882879163516,860994.5731883822
low,central,improved_pue,two,steady,Q22,660.665954983647,172.37878064467702,0.0,125449.13276309823,52290.93505567373,0.0012768969879901621,1024705.8816091303
low,central,improved_pue,two,steady,Q23,785.0167184881955,209.3091359285006,0.0,148512.85513296336,61917.174060596306,0.0015118186899232074,1213223.1611378165
low,central,improved_pue,two,steady,Q24,916.7024394299891,253.54920227705173,0.0,174737.2773657521,72835.1801662986,0.0017786770848745768,1427300.9111259943
low,central,improved_pue,two,transition,Q01,0.0,0.0,0.0,0.0,0.0,0.0,0.0
low,central,improved_pue,two,transition,Q02,0.0,0.0,0.0,0.0,0.0,0.0,0.0
low,central,improved_pue,two,transition,Q03,0.0,0.0,0.0,0.0,0.0,0.0,0.0
low,central,improved_pue,two,transition,Q04,0.0,0.0,0.0,0.0,0.0,0.0,0.0
low,central,improved_pue,two,transition,Q05,0.0,0.0,0.0,0.0,0.0,0.0,0.0
low,central,improved_pue,two,transition,Q06,0.0,0.0,0.0,0.0,0.0,0.0,0.0
low,central,improved_pue,two,transition,Q07,0.0,0.0,0.0,0.0,0.0,0.0,0.0
low,central,improved_pue,two,transition,Q08,0.0,0.0,0.0,0.0,0.0,0.0,0.0
low,central,improved_pue,two,transition,Q09,25.41346149565933,3.4366075180012814,0.0,2345.426620498944,853.8283755946953,2.182081747167382e-05,16941.02956156056
low,central,improved_pue,two,transition,Q10,39.11243310763922,6.997069650471547,0.0,5455.790378463525,1898.3213678533748,4.97375345462294e-05,38366.895881831006
low,central,improved_pue,two,transition,Q11,54.15646394713456,10.960426596717735,0.0,9025.59707926837,3063.9306844204534,8.129010322391095e-05,62439.70800682299
low,central,improved_pue,two,transition,Q12,70.51982518819068,15.787414555828349,0.0,13074.584950169872,4348.941665474282,0.0001165338702095552,89162.00234897164
low,central,improved_pue,two,transition,Q13,101.01685997848043,21.82423194797292,0.0,17870.98705672257,5863.027092652666,0.00015799594258680794,120485.50024982024
low,central,improved_pue,two,transition,Q14,121.16819817620974,28.70047795936137,0.0,23427.198942326642,7523.029528492956,0.00020484434251640535,155541.811045621
low,central,improved_pue,two,transition,Q15,149.52413482514757,37.50678874640139,0.0,29641.198778591795,9343.81506944731,0.00025661980959149864,194066.74418069236
low,central,improved_pue,two,transition,Q16,187.3955742449068,48.67764968615511,0.0,36761.2333375664,11385.121197134993,0.00031519335887994,237387.7427342701
low,central,improved_pue,two,transition,Q17,277.81264044429145,62.245169399806336,0.0,46148.331878427816,14115.35635052571,0.0003923899025501818,294402.3018235995
low,central,improved_pue,two,transition,Q18,341.9475837909076,77.48993116444645,0.0,58241.79389050197,17368.850389716434,0.0004886613048927575,364584.71526178974
low,central,improved_pue,two,transition,Q19,401.8633665768487,94.78221130522073,0.0,72116.9663680136,20939.869812269626,0.0005968933954498407,442765.00263587903
low,central,improved_pue,two,transition,Q20,475.72348063927006,116.00163002723424,0.0,87784.33133288892,24855.789536338692,0.0007172733222796492,529062.532727412
low,central,improved_pue,two,transition,Q21,554.467427370913,141.8966014790758,0.0,105412.04073202022,29096.83777362175,0.00085031583037739,623589.7211498481
low,central,improved_pue,two,transition,Q22,660.665954983647,172.37878064467702,0.0,125449.13276309823,33794.18456280763,0.0009994457305971703,728757.8737232726
low,central,improved_pue,two,transition,Q23,785.0167184881955,209.3091359285006,0.0,148512.85513296336,39008.23320132122,0.0011681845770340807,846680.1073894151
low,central,improved_pue,two,transition,Q24,916.7024394299891,253.54920227705173,0.0,174737.2773657521,44681.35486046576,0.001356369705287084,976839.706232669
low,central,advanced_coolant,single,steady,Q01,0.0,0.0,0.0,0.0,0.0,0.0,0.0
low,central,advanced_coolant,single,steady,Q02,0.0,0.0,0.0,0.0,0.0,0.0,0.0
low,central,advanced_coolant,single,steady,Q03,0.0,0.0,0.0,0.0,0.0,0.0,0.0
low,central,advanced_coolant,single,steady,Q04,0.0,0.0,0.0,0.0,0.0,0.0,0.0
low,central,advanced_coolant,single,steady,Q05,0.0,0.0,0.0,0.0,0.0,0.0,0.0
low,central,advanced_coolant,single,steady,Q06,0.0,0.0,0.0,0.0,0.0,0.0,0.0
low,central,advanced_coolant,single,steady,Q07,0.0,0.0,0.0,0.0,0.0,0.0,0.0
low,central,advanced_coolant,single,steady,Q08,0.0,0.0,0.0,0.0,0.0,0.0,0.0
low,central,advanced_coolant,single,steady,Q09,21.815100170982866,3.370441225402838,0.0,5137.6011687119635,2100.3558884394524,5.184601810279332e-05,41553.96355924238
low,central,advanced_coolant,single,steady,Q10,33.06778706364142,6.830020564050312,0.0,12032.865403235854,4882.69674570365,0.00012105830997927187,96958.4290699799
low,central,advanced_coolant,single,steady,Q11,45.183840082352,10.6275226708261,0.0,20043.163366017452,8112.946787907098,0.0002014415856885298,161302.12134314078
low,central,advanced_coolant,single,steady,Q12,58.10255984103607,15.146742387147562,0.0,29240.864208559127,11820.124174299297,0.0002937221607062834,235164.69857722946
low,central,advanced_coolant,single,steady,Q13,82.15496078897544,20.685880906627837,0.0,40272.58905363031,16283.688483483389,0.0004045758485611488,323927.2410493551
low,central,advanced_coolant,single,steady,Q14,97.38017671535252,26.84656230775967,0.0,53213.63952136638,21493.639443131135,0.0005343524643710483,427790.95251677686
low,central,advanced_coolant,single,steady,Q15,118.64531222935751,34.6476419063544,0.0,67872.30580178673,27403.536766126585,0.0006814424406815178,545524.5908684127
low,central,advanced_coolant,single,steady,Q16,146.6637358240194,44.39919149197138,0.0,84886.41435829745,34270.09281071301,0.0008522414102143745,682246.5855403198
low,central,advanced_coolant,single,steady,Q17,213.32127983791224,56.11141916752861,0.0,107613.07398354082,43499.92786267592,0.0010809582796238416,865451.5745609223
low,central,advanced_coolant,single,steady,Q18,258.83941199184693,69.07245644946934,0.0,137282.36745316273,55465.16203347353,0.0013786911873359588,1103781.090147386
low,central,advanced_coolant,single,steady,Q19,300.1090474901649,83.52748193508069,0.0,171782.79631616457,69355.10036241371,0.0017246654189307998,1380682.1888887952
low,central,advanced_coolant,single,steady,Q20,350.1165287677783,100.85130636928076,0.0,211273.1408851653,85259.91506478633,0.002120742252490701,1697691.7141885243
low,central,advanced_coolant,single,steady,Q21,402.1568552922828,121.52739003374823,0.0,256321.73157183416,103393.77003433512,0.0025724757267245246,2059224.6266306876
low,central,advanced_coolant,single,steady,Q22,471.3030109593385,145.33749827536815,0.0,308248.84331434616,124314.81209679483,0.0030933678683454017,2476143.4942253325
low,central,advanced_coolant,single,steady,Q23,550.4847290010612,173.6921391557987,0.0,368873.4849722773,148737.20951649096,0.003701481465694352,2962866.0350540183
low,central,advanced_coolant,single,steady,Q24,632.1557857216858,207.11718823720804,0.0,438805.27759304707,176889.98120278082,0.0044027670635272765,3524120.922399996
low,central,advanced_coolant,single,transition,Q01,0.0,0.0,0.0,0.0,0.0,0.0,0.0
low,central,advanced_coolant,single,transition,Q02,0.0,0.0,0.0,0.0,0.0,0.0,0.0
low,central,advanced_coolant,single,transition,Q03,0.0,0.0,0.0,0.0,0.0,0.0,0.0
low,central,advanced_coolant,single,transition,Q04,0.0,0.0,0.0,0.0,0.0,0.0,0.0
low,central,advanced_coolant,single,transition,Q05,0.0,0.0,0.0,0.0,0.0,0.0,0.0
low,central,advanced_coolant,single,transition,Q06,0.0,0.0,0.0,0.0,0.0,0.0,0.0
low,central,advanced_coolant,single,transition,Q07,0.0,0.0,0.0,0.0,0.0,0.0,0.0
low,central,advanced_coolant,single,transition,Q08,0.0,0.0,0.0,0.0,0.0,0.0,0.0
low,central,advanced_coolant,single,transition,Q09,21.815100170982866,3.370441225402838,0.0,5137.6011687119635,1742.9575462681858,4.6485042970224316e-05,35835.59008450211
low,central,advanced_coolant,single,transition,Q10,33.06778706364142,6.830020564050312,0.0,12032.865403235854,3985.6690286566,0.00010760289422356613,82605.98559722712
low,central,advanced_coolant,single,transition,Q11,45.183840082352,10.6275226708261,0.0,20043.163366017452,6519.3714219225185,0.00017753795519876114,135804.9154873875
low,central,advanced_coolant,single,transition,Q12,58.10255984103607,15.146742387147562,0.0,29240.864208559127,9346.768727723775,0.0002566218290076506,195591.0114320211
low,central,advanced_coolant,single,transition,Q13,82.15496078897544,20.685880906627837,0.0,40272.58905363031,12659.196531335223,0.00035020846927892634,265935.36981498444
low,central,advanced_coolant,single,transition,Q14,97.38017671535252,26.84656230775967,0.0,53213.63952136638,16406.246133760633,0.00045804156473049074,346392.6595668488
low,central,advanced_coolant,single,transition,Q15,118.64531222935751,34.6476419063544,0.0,67872.30580178673,20531.610170444037,0.0005783635417462797,435573.765337492
low,central,advanced_coolant,single,transition,Q16,146.6637358240194,44.39919149197138,0.0,84886.41435829745,25178.934664181234,0.000715874038016398,536788.0551958114
low,central,advanced_coolant,single,transition,Q17,213.32127983791224,56.11141916752861,0.0,107613.07398354082,31246.799681327677,0.000897161356903618,669401.5236593505
low,central,advanced_coolant,single,transition,Q18,258.83941199184693,69.07245644946934,0.0,137282.36745316273,38826.138295746394,0.001129105831270052,837556.7103437519
low,central,advanced_coolant,single,transition,Q19,300.1090474901649,83.52748193508069,0.0,171782.79631616457,47316.009498303676,0.0013940790559691493,1028056.7350630348
low,central,advanced_coolant,single,transition,Q20,350.1165287677783,100.85130636928076,0.0,211273.1408851653,56696.332489276174,0.0016922885138580491,1240674.392980362
low,central,advanced_coolant,single,transition,Q21,402.1568552922828,121.52739003374823,0.0,256321.73157183416,66995.64994809995,0.0020265039254309973,1476854.705250925
low,central,advanced_coolant,single,transition,Q22,471.3030109593385,145.33749827536815,0.0,308248.84331434616,78434.34986627486,0.0024051609348876026,1742056.0985370134
low,central,advanced_coolant,single,transition,Q23,550.4847290010612,173.6921391557987,0.0,368873.4849722773,91258.98975141023,0.0028393081692181417,2043214.5188127272
low,central,advanced_coolant,single,transition,Q24,632.1557857216858,207.11718823720804,0.0,438805.27759304707,105425.40291354615,0.0033307983891887566,2380687.6697722417
low,central,advanced_coolant,two,steady,Q01,0.0,0.0,0.0,0.0,0.0,0.0,0.0
low,central,advanced_coolant,two,steady,Q02,0.0,0.0,0.0,0.0,0.0,0.0,0.0
low,central,advanced_coolant,two,steady,Q03,0.0,0.0,0.0,0.0,0.0,0.0,0.0
low,central,advanced_coolant,two,steady,Q04,0.0,0.0,0.0,0.0,0.0,0.0,0.0
low,central,advanced_coolant,two,steady,Q05,0.0,0.0,0.0,0.0,0.0,0.0,0.0
low,central,advanced_coolant,two,steady,Q06,0.0,0.0,0.0,0.0,0.0,0.0,0.0
low,central,advanced_coolant,two,steady,Q07,0.0,0.0,0.0,0.0,0.0,0.0,0.0
low,central,advanced_coolant,two,steady,Q08,0.0,0.0,0.0,0.0,0.0,0.0,0.0
low,central,advanced_coolant,two,steady,Q09,22.354640061322364,3.370441225402838,0.0,2568.8005843559845,1097.1119848454132,2.640920166378056e-05,21246.322185878067
low,central,advanced_coolant,two,steady,Q10,34.222263922822535,6.830020564050312,0.0,6016.432701617933,2514.362387838679,6.129344524232476e-05,49209.35468485852
low,central,advanced_coolant,two,steady,Q11,47.033342368110986,10.6275226708261,0.0,10021.581683008737,4157.703342310948,0.0001017862299411931,81663.36015514442
low,central,advanced_coolant,two,steady,Q12,60.727210501091136,15.146742387147562,0.0,14620.432104279578,6041.714530005466,0.00014825333849363575,118898.87371717297
low,central,advanced_coolant,two,steady,Q13,85.73896460310094,20.685880906627837,0.0,20136.294526815174,8327.249115215345,0.00020424540241984423,163817.66925941416
low,central,advanced_coolant,two,steady,Q14,102.00789662967775,26.846562307759665,0.0,26606.819760683215,10968.88651589314,0.0002695311329403389,216116.14420166425
low,central,advanced_coolant,two,steady,Q15,124.44588950100962,34.647641906354394,0.0,33936.1529008934,13973.784560290156,0.0003436146203225596,275482.45720647514
low,central,advanced_coolant,two,steady,Q16,153.81482241503574,44.399191491971365,0.0,42443.207179148776,17472.0267325236,0.0004297125043363184,344493.0960418311
low,central,advanced_coolant,two,steady,Q17,222.37912459067178,56.111419167528595,0.0,53806.53699177047,22231.835734855853,0.0005455784149429378,437544.50531564036
low,central,advanced_coolant,two,steady,Q18,270.12249018745644,69.07245644946933,0.0,68641.18372658144,28318.645303532052,0.0006955515988181801,557751.1879416462
low,central,advanced_coolant,two,steady,Q19,313.87307943044516,83.52748193508067,0.0,85891.39815808239,35360.824112975606,0.0008695830861927634,697173.8337620855
low,central,advanced_coolant,two,steady,Q20,366.67553072519604,100.85130636928075,0.0,105636.57044258277,43430.29324898566,0.0010688787399431227,856849.2142601877
low,central,advanced_coolant,two,steady,Q21,421.80800389401395,121.52739003374822,0.0,128160.86578591722,52620.915868574244,0.0012960858088264988,1038852.6218294114
low,central,advanced_coolant,two,steady,Q22,494.4853936897832,145.33749827536815,0.0,154124.42165717325,63242.22796764518,0.0015582588408565566,1248919.9663051448
low,central,advanced_coolant,two,steady,Q23,577.6899658760419,173.6921391557987,0.0,184436.74248613886,75638.03599645052,0.0018643035059250068,1494127.3299090606
low,central,advanced_coolant,two,steady,Q24,663.8437876201863,207.11718823720804,0.0,219402.6387965238,89907.92477264798,0.002217048459417402,1776689.802912575
low,central,advanced_coolant,two,transition,Q01,0.0,0.0,0.0,0.0,0.0,0.0,0.0
low,central,advanced_coolant,two,transition,Q02,0.0,0.0,0.0,0.0,0.0,0.0,0.0
low,central,advanced_coolant,two,transition,Q03,0.0,0.0,0.0,0.0,0.0,0.0,0.0
low,central,advanced_coolant,two,transition,Q04,0.0,0.0,0.0,0.0,0.0,0.0,0.0
low,central,advanced_coolant,two,transition,Q05,0.0,0.0,0.0,0.0,0.0,0.0,0.0
low,central,advanced_coolant,two,transition,Q06,0.0,0.0,0.0,0.0,0.0,0.0,0.0
low,central,advanced_coolant,two,transition,Q07,0.0,0.0,0.0,0.0,0.0,0.0,0.0
low,central,advanced_coolant,two,transition,Q08,0.0,0.0,0.0,0.0,0.0,0.0,0.0
low,central,advanced_coolant,two,transition,Q09,22.354640061322364,3.370441225402838,0.0,2568.8005843559845,918.4128137597794,2.3728714097496057e-05,18387.13544850793
low,central,advanced_coolant,two,transition,Q10,34.222263922822535,6.830020564050312,0.0,6016.432701617933,2065.8485293151534,5.4565737364471894e-05,42033.13294848212
low,central,advanced_coolant,two,transition,Q11,47.033342368110986,10.6275226708261,0.0,10021.581683008737,3360.9156593186563,8.983441469630874e-05,68914.75722726776
low,central,advanced_coolant,two,transition,Q12,60.727210501091136,15.146742387147562,0.0,14620.432104279578,4805.036806717703,0.0001297031726443193,99112.03014456877
low,central,advanced_coolant,two,transition,Q13,85.73896460310094,20.685880906627837,0.0,20136.294526815174,6515.003139141259,0.00017706171277873293,134821.73364222876
low,central,advanced_coolant,two,transition,Q14,102.00789662967775,26.846562307759665,0.0,26606.819760683215,8425.189861207886,0.00023137568312006006,175416.99772670015
low,central,advanced_coolant,two,transition,Q15,124.44588950100962,34.647641906354394,0.0,33936.1529008934,10537.821262448879,0.0002920751708549404,220507.04444101467
low,central,advanced_coolant,two,transition,Q16,153.81482241503574,44.399191491971365,0.0,42443.207179148776,12926.447659257705,0.00036152881823732995,271763.8308695767
low,central,advanced_coolant,two,transition,Q17,222.37912459067178,56.111419167528595,0.0,53806.53699177047,16105.271644181723,0.0004536799535828258,339519.47986485425
low,central,advanced_coolant,two,transition,Q18,270.12249018745644,69.07245644946933,0.0,68641.18372658144,19999.133434668474,0.0005707589207852265,424638.99803982896
low,central,advanced_coolant,two,transition,Q19,313.87307943044516,83.52748193508067,0.0,85891.39815808239,24341.278680920575,0.000704289904711938,520861.10684920504
low,central,advanced_coolant,two,transition,Q20,366.67553072519604,100.85130636928075,0.0,105636.57044258277,29148.50196123057,0.0008546518706267965,628340.5536561061
low,central,advanced_coolant,two,transition,Q21,421.80800389401395,121.52739003374822,0.0,128160.86578591722,34421.855825456645,0.001023099908179735,747667.6611395295
low,central,advanced_coolant,two,transition,Q22,494.4853936897832,145.33749827536815,0.0,154124.42165717325,40301.99685238517,0.0012141553741276566,881876.2684609845
low,central,advanced_coolant,two,transition,Q23,577.6899658760419,173.6921391557987,0.0,184436.74248613886,46898.926113910136,0.001433216857686901,1034301.5717884143
low,central,advanced_coolant,two,transition,Q24,663.8437876201863,207.11718823720804,0.0,219402.6387965238,54175.63562803061,0.001681064122248141,1204973.1765986967
low,central,coolant_recovery,single,steady,Q01,0.0,0.0,0.0,0.0,0.0,0.0,0.0
low,central,coolant_recovery,single,steady,Q02,0.0,0.0,0.0,0.0,0.0,0.0,0.0
low,central,coolant_recovery,single,steady,Q03,0.0,0.0,0.0,0.0,0.0,0.0,0.0
low,central,coolant_recovery,single,steady,Q04,0.0,0.0,0.0,0.0,0.0,0.0,0.0
low,central,coolant_recovery,single,steady,Q05,0.0,0.0,0.0,0.0,0.0,0.0,0.0
low,central,coolant_recovery,single,steady,Q06,0.0,0.0,0.0,0.0,0.0,0.0,0.0
low,central,coolant_recovery,single,steady,Q07,0.0,0.0,0.0,0.0,0.0,0.0,0.0
low,central,coolant_recovery,single,steady,Q08,0.0,0.0,0.0,0.0,0.0,0.0,0.0
low,central,coolant_recovery,single,steady,Q09,22.774584557421477,1.3918260447905193,2.044781473210763,5137.6011687119635,2101.766674674544,5.1857449765028974e-05,41570.47704685589
low,central,coolant_recovery,single,steady,Q10,33.668929374698344,2.833813208440977,4.163256442030571,12032.865403235854,4882.8805163990255,0.00012105486049571357,96965.16472568898
low,central,coolant_recovery,single,steady,Q11,45.56874469870736,4.4389727716706835,6.521453825047052,20043.163366017452,8112.156781913773,0.00020142575977495387,161301.89358182522
low,central,coolant_recovery,single,steady,Q12,58.17150479756572,6.393902895110482,9.393511660717866,29240.864208559127,11818.095882504154,0.000293691267161439,235155.4668494671
low,central,coolant_recovery,single,steady,Q13,83.95498297076705,8.838813938929032,12.985418009043883,40272.58905363031,16284.42038683584,0.00040456976314692556,323949.8370452432
low,central,coolant_recovery,single,steady,Q14,98.77971665026776,11.623693573541356,17.076784385820012,53213.63952136638,21492.845155548166,0.0005343286781552621,427803.0999755187
low,central,coolant_recovery,single,steady,Q15,120.4849646412748,15.190249442292567,22.316539304108826,67872.30580178673,27402.738325142884,0.000681415933565728,545542.8612106983
low,central,coolant_recovery,single,steady,Q16,150.05326428190716,19.714448122892826,28.963201563262288,84886.41435829745,34271.3443669003,0.000852232725123743,682293.1754569733
low,central,coolant_recovery,single,steady,Q17,229.98585445200706,25.209293606921577,37.035875792884774,107613.07398354082,43526.52027283977,0.0010812004079534168,865761.070281141
low,central,coolant_recovery,single,steady,Q18,282.1852886338318,31.38342212160082,46.10650904284564,137282.36745316273,55503.85785995657,0.0013790524292845955,1104222.2913640318
low,central,coolant_recovery,single,steady,Q19,328.567695553615,38.386795578614404,56.39541572660633,171782.79631616457,69402.71682494509,0.0017251149227680725,1381224.701062023
low,central,coolant_recovery,single,steady,Q20,386.0830462366408,46.98066016102988,69.02096986620437,211273.1408851653,85321.15300482373,0.0021213288820830915,1698385.2947299178
low,central,coolant_recovery,single,steady,Q21,445.2329935701768,57.46812359902571,84.42847788005008,256321.73157183416,103467.7582018806,0.0025731932949309123,2060063.8359271782
low,central,coolant_recovery,single,steady,Q22,528.4155786966948,69.8134061610942,102.56537448358281,308248.84331434616,124415.40821550266,0.0030943582045112627,2477270.1205588626
low,central,coolant_recovery,single,steady,Q23,625.1150449207419,84.77020005104276,124.53893587745785,368873.4849722773,148871.31245780792,0.003702817434597448,2964353.580862338
low,central,coolant_recovery,single,steady,Q24,724.0173850070186,102.68742692220597,150.86177535484575,438805.27759304707,177056.98640901275,0.004404447420107803,3525968.4589039097
low,central,coolant_recovery,single,transition,Q01,0.0,0.0,0.0,0.0,0.0,0.0,0.0
low,central,coolant_recovery,single,transition,Q02,0.0,0.0,0.0,0.0,0.0,0.0,0.0
low,central,coolant_recovery,single,transition,Q03,0.0,0.0,0.0,0.0,0.0,0.0,0.0
low,central,coolant_recovery,single,transition,Q04,0.0,0.0,0.0,0.0,0.0,0.0,0.0
low,central,coolant_recovery,single,transition,Q05,0.0,0.0,0.0,0.0,0.0,0.0,0.0
low,central,coolant_recovery,single,transition,Q06,0.0,0.0,0.0,0.0,0.0,0.0,0.0
low,central,coolant_recovery,single,transition,Q07,0.0,0.0,0.0,0.0,0.0,0.0,0.0
low,central,coolant_recovery,single,transition,Q08,0.0,0.0,0.0,0.0,0.0,0.0,0.0
low,central,coolant_recovery,single,transition,Q09,22.774584557421477,1.3918260447905193,2.044781473210763,5137.6011687119635,1744.368332503277,4.649647463245997e-05,35852.10357211562
low,central,coolant_recovery,single,transition,Q10,33.668929374698344,2.833813208440977,4.163256442030571,12032.865403235854,3985.8527993519756,0.00010759944474000783,82612.7212529362
low,central,coolant_recovery,single,transition,Q11,45.56874469870736,4.4389727716706835,6.521453825047052,20043.163366017452,6518.581415929192,0.0001775221292851852,135804.68772607195
low,central,coolant_recovery,single,transition,Q12,58.17150479756572,6.393902895110482,9.393511660717866,29240.864208559127,9344.74043592863,0.00025659093546280624,195581.77970425875
low,central,coolant_recovery,single,transition,Q13,83.95498297076705,8.838813938929032,12.985418009043883,40272.58905363031,12659.92843468767,0.00035020238386470313,265957.9658108725
low,central,coolant_recovery,single,transition,Q14,98.77971665026776,11.623693573541356,17.076784385820012,53213.63952136638,16405.45184617766,0.0004580177785147047,346404.8070255906
low,central,coolant_recovery,single,transition,Q15,120.4849646412748,15.190249442292567,22.316539304108826,67872.30580178673,20530.811729460336,0.0005783370346304898,435592.03567977744
low,central,coolant_recovery,single,transition,Q16,150.05326428190716,19.714448122892826,28.963201563262288,84886.41435829745,25180.18622036853,0.0007158653529257665,536834.6451124648
low,central,coolant_recovery,single,transition,Q17,229.98585445200706,25.209293606921577,37.035875792884774,107613.07398354082,31273.392091491532,0.0008974034852331932,669711.019379569
low,central,coolant_recovery,single,transition,Q18,282.1852886338318,31.38342212160082,46.10650904284564,137282.36745316273,38864.83412222945,0.0011294670732186886,837997.9115603976
low,central,coolant_recovery,single,transition,Q19,328.567695553615,38.386795578614404,56.39541572660633,171782.79631616457,47363.625960835074,0.001394528559806422,1028599.2472362624
low,central,coolant_recovery,single,transition,Q20,386.0830462366408,46.98066016102988,69.02096986620437,211273.1408851653,56757.570429313586,0.0016928751434504394,1241367.973521755
low,central,coolant_recovery,single,transition,Q21,445.2329935701768,57.46812359902571,84.42847788005008,256321.73157183416,67069.63811564544,0.002027221493637385,1477693.9145474152
low,central,coolant_recovery,single,transition,Q22,528.4155786966948,69.8134061610942,102.56537448358281,308248.84331434616,78534.9459849827,0.0024061512710534636,1743182.7248705428
low,central,coolant_recovery,single,transition,Q23,625.1150449207419,84.77020005104276,124.53893587745785,368873.4849722773,91393.09269272722,0.0028406441381212378,2044702.0646210467
low,central,coolant_recovery,single,transition,Q24,724.0173850070186,102.68742692220597,150.86177535484575,438805.27759304707,105592.4081197781,0.0033324787457692834,2382535.206276155
low,central,coolant_recovery,two,steady,Q01,0.0,0.0,0.0,0.0,0.0,0.0,0.0
low,central,coolant_recovery,two,steady,Q02,0.0,0.0,0.0,0.0,0.0,0.0,0.0
low,central,coolant_recovery,two,steady,Q03,0.0,0.0,0.0,0.0,0.0,0.0,0.0
low,central,coolant_recovery,two,steady,Q04,0.0,0.0,0.0,0.0,0.0,0.0,0.0
low,central,coolant_recovery,two,steady,Q05,0.0,0.0,0.0,0.0,0.0,0.0,0.0
low,central,coolant_recovery,two,steady,Q06,0.0,0.0,0.0,0.0,0.0,0.0,0.0
low,central,coolant_recovery,two,steady,Q07,0.0,0.0,0.0,0.0,0.0,0.0,0.0
low,central,coolant_recovery,two,steady,Q08,0.0,0.0,0.0,0.0,0.0,0.0,0.0
low,central,coolant_recovery,two,steady,Q09,23.36868002244857,1.3918260447905193,2.044781473210762,2568.8005843559845,1099.3918309221128,2.6427985824374668e-05,21272.729084538965
low,central,coolant_recovery,two,steady,Q10,34.949176665608654,2.833813208440977,4.163256442030569,6016.432701617933,2515.015355176929,6.129204412993919e-05,49223.23128137401
low,central,coolant_recovery,two,steady,Q11,47.635010122087515,4.438972771670683,6.52145382504705,10021.581683008737,4157.168622733821,0.00010176899396495783,81669.5214072997
low,central,coolant_recovery,two,steady,Q12,61.126313527472824,6.3939028951104815,9.393511660717865,14620.432104279578,6039.662566522307,0.00014821690291846475,118894.930867625
low,central,coolant_recovery,two,steady,Q13,88.03144196943654,8.838813938929032,12.985418009043883,20136.294526815174,8329.824335797652,0.00020425104795404568,163866.3369087826
low,central,coolant_recovery,two,steady,Q14,104.09141379038974,11.623693573541356,17.076784385820012,26606.819760683215,10969.747016196077,0.00026951597293343364,216154.88470655098
low,central,coolant_recovery,two,steady,Q15,127.20759552103875,15.190249442292565,22.316539304108826,33936.1529008934,13975.35305963894,0.0003436025212571182,275537.5243281467
low,central,coolant_recovery,two,steady,Q16,158.43237268164452,19.714448122892822,28.963201563262288,42443.207179148776,17477.588132230703,0.0004297363173546328,344599.82157107256
low,central,coolant_recovery,two,steady,Q17,240.77676465140667,25.20929360692157,37.03587579288477,53806.53699177047,22276.923546441554,0.0005459935994006997,438060.7408593672
low,central,coolant_recovery,two,steady,Q18,295.84107474806194,31.383422121600812,46.10650904284563,68641.18372658144,28383.807167012495,0.0006961646429786937,558484.1710041733
low,central,coolant_recovery,two,steady,Q19,345.46795085024235,38.3867955786144,56.39541572660632,85891.39815808239,35441.65747684174,0.0008703514286493629,698081.6887226173
low,central,coolant_recovery,two,steady,Q20,406.7025107730657,46.980660161029874,69.02096986620437,105636.57044258277,43534.331546778805,0.0010698804982090782,858011.3989496476
low,central,coolant_recovery,two,steady,Q21,470.0389494908629,57.4681235990257,84.42847788005008,128160.86578591722,52747.36254184936,0.0012973168053556487,1040266.0799937154
low,central,coolant_recovery,two,steady,Q22,558.1005805000641,69.81340616109419,102.5653744835828,154124.42165717325,63412.6300029257,0.0015599394236775353,1250804.9843776268
low,central,coolant_recovery,two,steady,Q23,660.4777826107376,84.77020005104274,124.53893587745782,184436.74248613886,75863.66291087103,0.001866552184304101,1496603.3736459904
low,central,coolant_recovery,two,steady,Q24,765.8406640751433,102.68742692220594,150.86177535484572,219402.6387965238,90188.83841350478,0.0022198730526032796,1779765.1659835335
low,central,coolant_recovery,two,transition,Q01,0.0,0.0,0.0,0.0,0.0,0.0,0.0
low,central,coolant_recovery,two,transition,Q02,0.0,0.0,0.0,0.0,0.0,0.0,0.0
low,central,coolant_recovery,two,transition,Q03,0.0,0.0,0.0,0.0,0.0,0.0,0.0
low,central,coolant_recovery,two,transition,Q04,0.0,0.0,0.0,0.0,0.0,0.0,0.0
low,central,coolant_recovery,two,transition,Q05,0.0,0.0,0.0,0.0,0.0,0.0,0.0
low,central,coolant_recovery,two,transition,Q06,0.0,0.0,0.0,0.0,0.0,0.0,0.0
low,central,coolant_recovery,two,transition,Q07,0.0,0.0,0.0,0.0,0.0,0.0,0.0
low,central,coolant_recovery,two,transition,Q08,0.0,0.0,0.0,0.0,0.0,0.0,0.0
low,central,coolant_recovery,two,transition,Q09,23.36868002244857,1.3918260447905193,2.044781473210762,2568.8005843559845,920.692659836479,2.3747498258090164e-05,18413.542347168826
low,central,coolant_recovery,two,transition,Q10,34.949176665608654,2.833813208440977,4.163256442030569,6016.432701617933,2066.501496653404,5.456433625208631e-05,42047.009544997614
low,central,coolant_recovery,two,transition,Q11,47.635010122087515,4.438972771670683,6.52145382504705,10021.581683008737,3360.3809397415307,8.981717872007347e-05,68920.91847942305
low,central,coolant_recovery,two,transition,Q12,61.126313527472824,6.3939028951104815,9.393511660717865,14620.432104279578,4802.984843234545,0.0001296667370691483,99108.0872950208
low,central,coolant_recovery,two,transition,Q13,88.03144196943654,8.838813938929032,12.985418009043883,20136.294526815174,6517.578359723567,0.00017706735831293438,134870.40129159723
low,central,coolant_recovery,two,transition,Q14,104.09141379038974,11.623693573541356,17.076784385820012,26606.819760683215,8426.050361510823,0.0002313605231131548,175455.73823158687
low,central,coolant_recovery,two,transition,Q15,127.20759552103875,15.190249442292565,22.316539304108826,33936.1529008934,10539.389761797662,0.000292063071789499,220562.11156268627
low,central,coolant_recovery,two,transition,Q16,158.43237268164452,19.714448122892822,28.963201563262288,42443.207179148776,12932.009058964813,0.0003615526312556444,271870.5563988183
low,central,coolant_recovery,two,transition,Q17,240.77676465140667,25.20929360692157,37.03587579288477,53806.53699177047,16150.35945576743,0.00045409513804058776,340035.7154085812
low,central,coolant_recovery,two,transition,Q18,295.84107474806194,31.383422121600812,46.10650904284563,68641.18372658144,20064.29529814892,0.0005713719649457399,425371.98110235616
low,central,coolant_recovery,two,transition,Q19,345.46795085024235,38.3867955786144,56.39541572660632,85891.39815808239,24422.112044786714,0.0007050582471685373,521768.96180973697
low,central,coolant_recovery,two,transition,Q20,406.7025107730657,46.980660161029874,69.02096986620437,105636.57044258277,29252.54025902371,0.0008556536288927517,629502.7383455662
low,central,coolant_recovery,two,transition,Q21,470.0389494908629,57.4681235990257,84.42847788005008,128160.86578591722,34548.302498731755,0.0010243309047088846,749081.1193038338
low,central,coolant_recovery,two,transition,Q22,558.1005805000641,69.81340616109419,102.5653744835828,154124.42165717325,40472.398887665695,0.001215835956948635,883761.2865334668
low,central,coolant_recovery,two,transition,Q23,660.4777826107376,84.77020005104274,124.53893587745782,184436.74248613886,47124.55302833064,0.001435465536065995,1036777.6155253444
low,central,coolant_recovery,two,transition,Q24,765.8406640751433,102.68742692220594,150.86177535484572,219402.6387965238,54456.549268887415,0.0016838887154340188,1208048.5396696557
low,central,combined_strategy,single,steady,Q01,0.0,0.0,0.0,0.0,0.0,0.0,0.0
low,central,combined_strategy,single,steady,Q02,0.0,0.0,0.0,0.0,0.0,0.0,0.0
low,central,combined_strategy,single,steady,Q03,0.0,0.0,0.0,0.0,0.0,0.0,0.0
low,central,combined_strategy,single,steady,Q04,0.0,0.0,0.0,0.0,0.0,0.0,0.0
low,central,combined_strategy,single,steady,Q05,0.0,0.0,0.0,0.0,0.0,0.0,0.0
low,central,combined_strategy,single,steady,Q06,0.0,0.0,0.0,0.0,0.0,0.0,0.0
low,central,combined_strategy,single,steady,Q07,0.0,0.0,0.0,0.0,0.0,0.0,0.0
low,central,combined_strategy,single,steady,Q08,0.0,0.0,0.0,0.0,0.0,0.0,0.0
low,central,combined_strategy,single,steady,Q09,19.809687641868177,1.3650286962881495,2.0054125291146887,4690.853240997882,1917.1150478025895,4.7330172994067966e-05,37936.9227508752
low,central,combined_strategy,single,steady,Q10,29.00392482803148,2.7661583284403766,4.063862235609935,10911.580756927044,4424.979434470068,0.00010974745272108964,87900.89838680367
low,central,combined_strategy,single,steady,Q11,38.86046409321047,4.30414668168457,6.323375989141528,18051.194158536724,7301.838518115868,0.0001813693886633962,145230.60108117515
low,central,combined_strategy,single,steady,Q12,49.09024812068327,6.1344306667947635,9.012311720352798,26149.169900339723,10563.036215644854,0.0002625878618708338,210237.6444774784
low,central,combined_strategy,single,steady,Q13,69.84686164953187,8.377781767184276,12.308099139443563,35741.974113445096,14443.568282887623,0.00035897285676828657,287418.05939929123
low,central,combined_strategy,single,steady,Q14,81.4064721422355,10.872857734642668,15.973704573117,46854.39788465324,18913.767045736175,0.0004703747998348006,376574.0545895901
low,central,combined_strategy,single,steady,Q15,98.02996529507664,14.032294972073537,20.615346934280865,59282.39755718353,23920.885770816494,0.0005950461645741298,476362.7012862335
low,central,combined_strategy,single,steady,Q16,120.24621688629641,17.981672554248412,26.417518937722964,73522.46667513273,29664.68582691169,0.0007379648049848177,590767.8044036921
low,central,combined_strategy,single,steady,Q17,179.93498543323273,22.72512476284909,33.38629440467951,92296.6637568555,37297.75363467355,0.0009269889784919345,742203.4693675747
low,central,combined_strategy,single,steady,Q18,217.7413004044127,27.97434486203509,41.098111587434246,116483.58778100382,47052.5750295443,0.0011697122008643198,936508.4521389728
low,central,combined_strategy,single,steady,Q19,250.41019573879197,33.82863018370769,49.698851751373,144233.93273602705,58223.00164845117,0.001447978163763656,1159224.2166659744
low,central,combined_strategy,single,steady,Q20,290.1100014780563,40.84477907955872,60.006527289722044,175568.6626657776,70842.22664169864,0.0017622502540504252,1410767.5129945553
low,central,combined_strategy,single,steady,Q21,329.84805822220267,49.218592963668044,72.30879707008019,210824.0814640402,85030.95183314705,0.0021157553075996007,1693690.9133606548
low,central,combined_strategy,single,steady,Q22,384.82719948549453,58.861686801524115,86.47581147384403,250898.26552619616,101178.73870260877,0.0025177764973636505,2015482.185379665
low,central,combined_strategy,single,steady,Q23,447.137906203361,70.3453163580985,103.34682279770021,297025.7102659264,119764.04947643814,0.0029805112364339574,2385864.9203254962
low,central,combined_strategy,single,steady,Q24,508.9210587205471,83.88246123606928,123.23472700113875,349474.5547315037,140878.60164701383,0.003506487703260639,2806829.217427919
low,central,combined_strategy,single,transition,Q01,0.0,0.0,0.0,0.0,0.0,0.0,0.0
low,central,combined_strategy,single,transition,Q02,0.0,0.0,0.0,0.0,0.0,0.0,0.0
low,central,combined_strategy,single,transition,Q03,0.0,0.0,0.0,0.0,0.0,0.0,0.0
low,central,combined_strategy,single,transition,Q04,0.0,0.0,0.0,0.0,0.0,0.0,0.0
low,central,combined_strategy,single,transition,Q05,0.0,0.0,0.0,0.0,0.0,0.0,0.0
low,central,combined_strategy,single,transition,Q06,0.0,0.0,0.0,0.0,0.0,0.0,0.0
low,central,combined_strategy,single,transition,Q07,0.0,0.0,0.0,0.0,0.0,0.0,0.0
low,central,combined_strategy,single,transition,Q08,0.0,0.0,0.0,0.0,0.0,0.0,0.0
low,central,combined_strategy,single,transition,Q09,19.809687641868177,1.3650286962881495,2.0054125291146887,4690.853240997882,1590.7948223418673,4.243536961215714e-05,32715.79914350365
low,central,combined_strategy,single,transition,Q10,29.00392482803148,2.7661583284403766,4.063862235609935,10911.580756927044,3611.8196642844546,9.755005616830545e-05,74890.34206383387
low,central,combined_strategy,single,transition,Q11,38.86046409321047,4.30414668168457,6.323375989141528,18051.194158536724,5867.842799964196,0.0001598594528911211,122286.66959074841
low,central,combined_strategy,single,transition,Q12,49.09024812068327,6.1344306667947635,9.012311720352798,26149.169900339723,8354.451513494634,0.00022945909133858052,174900.2892430749
low,central,combined_strategy,single,transition,Q13,69.84686164953187,8.377781767184276,12.308099139443563,35741.974113445096,11233.99531502206,0.00031082926225030317,236064.8919134422
low,central,combined_strategy,single,transition,Q14,81.4064721422355,10.872857734642668,15.973704573117,46854.39788465324,14448.007042864476,0.0004033883997917252,305121.8945436429
low,central,combined_strategy,single,transition,Q15,98.02996529507664,14.032294972073537,20.615346934280865,59282.39755718353,17942.151894767194,0.0005053651564333904,380702.95926944463
low,central,combined_strategy,single,transition,Q16,120.24621688629641,17.981672554248412,26.417518937722964,73522.46667513273,21828.551631129885,0.0006204227920480906,465389.6572711832
low,central,combined_strategy,single,transition,Q17,179.93498543323273,22.72512476284909,33.38629440467951,92296.6637568555,26849.557236217275,0.0007702660325150904,575032.3269922743
low,central,combined_strategy,single,transition,Q18,217.7413004044127,27.97434486203509,41.098111587434246,116483.58778100382,33028.920297083496,0.0009593573798774077,712129.9764195998
low,central,combined_strategy,single,transition,Q19,250.41019573879197,33.82863018370769,49.698851751373,144233.93273602705,39855.81466216064,0.0011724703589692982,865349.2248853259
low,central,combined_strategy,single,transition,Q20,290.1100014780563,40.84477907955872,60.006527289722044,175568.6626657776,47297.99731918845,0.0014090868142127724,1034059.8438343921
low,central,combined_strategy,single,transition,Q21,329.84805822220267,49.218592963668044,72.30879707008019,210824.0814640402,55355.345328330324,0.0016706212100273499,1218881.209283587
low,central,combined_strategy,single,transition,Q22,384.82719948549453,58.861686801524115,86.47581147384403,250898.26552619616,64185.23771687661,0.001962873982577668,1423586.1696079504
low,central,combined_strategy,single,transition,Q23,447.137906203361,70.3453163580985,103.34682279770021,297025.7102659264,73946.16775788802,0.0022932430106557054,1652778.812828694
low,central,combined_strategy,single,transition,Q24,508.9210587205471,83.88246123606928,123.23472700113875,349474.5547315037,84570.95103534823,0.0026618729440856547,1905906.8076412696
low,central,combined_strategy,two,steady,Q01,0.0,0.0,0.0,0.0,0.0,0.0,0.0
low,central,combined_strategy,two,steady,Q02,0.0,0.0,0.0,0.0,0.0,0.0,0.0
low,central,combined_strategy,two,steady,Q03,0.0,0.0,0.0,0.0,0.0,0.0,0.0
low,central,combined_strategy,two,steady,Q04,0.0,0.0,0.0,0.0,0.0,0.0,0.0
low,central,combined_strategy,two,steady,Q05,0.0,0.0,0.0,0.0,0.0,0.0,0.0
low,central,combined_strategy,two,steady,Q06,0.0,0.0,0.0,0.0,0.0,0.0,0.0
low,central,combined_strategy,two,steady,Q07,0.0,0.0,0.0,0.0,0.0,0.0,0.0
low,central,combined_strategy,two,steady,Q08,0.0,0.0,0.0,0.0,0.0,0.0,0.0
low,central,combined_strategy,two,steady,Q09,20.349227532207674,1.3650286962881495,2.0054125291146887,2345.426620498944,1000.9498949757514,2.4102913277833357e-05,19394.74439503996
low,central,combined_strategy,two,steady,Q10,30.158401687212596,2.7661583284403766,4.063862235609935,5455.790378463525,2276.3002795118286,5.5540005818139495e-05,44593.33583056464
low,central,combined_strategy,two,steady,Q11,40.709966378969455,4.30414668168457,6.323375989141528,9025.59707926837,3737.8286206163934,9.159762647829988e-05,73491.83342204177
low,central,combined_strategy,two,steady,Q12,51.71489878073833,6.134430666794763,9.012311720352798,13074.584950169872,5392.7603153115615,0.00013246883332265533,106241.8470333016
low,central,combined_strategy,two,steady,Q13,73.43086546365737,8.377781767184274,12.308099139443563,17870.98705672257,7379.3147903957815,0.000181147064132403,145298.81630580005
low,central,combined_strategy,two,steady,Q14,86.03419205656074,10.872857734642665,15.973704573117,23427.198942326642,9642.774574485953,0.00023715705250309865,190164.73040458924
low,central,combined_strategy,two,steady,Q15,103.83054256672875,14.032294972073531,20.615346934280865,29641.198778591795,12185.771365166298,0.0002999192886075093,240458.88879003184
low,central,combined_strategy,two,steady,Q16,127.39730347731276,17.981672554248405,26.417518937722964,36761.2333375664,15109.495330087504,0.00037193707332363,298186.5058022072
low,central,combined_strategy,two,steady,Q17,188.99283018599226,22.725124762849084,33.38629440467951,46148.331878427816,19055.138483526425,0.0004677885655119302,375203.62933910143
low,central,combined_strategy,two,steady,Q18,229.02437860002217,27.974344862035082,41.098111587434246,58241.79389050197,24019.276666501777,0.0005900709158323106,473232.4683062976
low,central,combined_strategy,two,steady,Q19,264.17422767907215,33.82863018370767,49.698851751373,72116.9663680136,29682.221474086815,0.000730040839243423,585377.7840689544
low,central,combined_strategy,two,steady,Q20,306.669003435474,40.844779079558705,60.006527289722044,87784.33133288892,36085.55190210922,0.0008881855244765855,712098.7382243357
low,central,combined_strategy,two,steady,Q21,349.4992068239337,49.21859296366803,72.30879707008019,105412.04073202022,43275.74860990974,0.0010659816812170523,854533.2527867138
low,central,combined_strategy,two,steady,Q22,408.0095822159392,58.8616868015241,86.47581147384403,125449.13276309823,51478.34899162609,0.0012683775622654289,1016732.6253418431
low,central,combined_strategy,two,steady,Q23,474.3431430783417,70.34531635809849,103.34682279770021,148512.85513296336,60917.40581891168,0.0015013259090979232,1203407.855467084
low,central,combined_strategy,two,steady,Q24,540.6090606190476,83.88246123606926,123.23472700113875,174737.2773657521,71623.14458361486,0.0017659366476328786,1415398.0283468063
low,central,combined_strategy,two,transition,Q01,0.0,0.0,0.0,0.0,0.0,0.0,0.0
low,central,combined_strategy,two,transition,Q02,0.0,0.0,0.0,0.0,0.0,0.0,0.0
low,central,combined_strategy,two,transition,Q03,0.0,0.0,0.0,0.0,0.0,0.0,0.0
low,central,combined_strategy,two,transition,Q04,0.0,0.0,0.0,0.0,0.0,0.0,0.0
low,central,combined_strategy,two,transition,Q05,0.0,0.0,0.0,0.0,0.0,0.0,0.0
low,central,combined_strategy,two,transition,Q06,0.0,0.0,0.0,0.0,0.0,0.0,0.0
low,central,combined_strategy,two,transition,Q07,0.0,0.0,0.0,0.0,0.0,0.0,0.0
low,central,combined_strategy,two,transition,Q08,0.0,0.0,0.0,0.0,0.0,0.0,0.0
low,central,combined_strategy,two,transition,Q09,20.349227532207674,1.3650286962881495,2.0054125291146887,2345.426620498944,837.7897822453901,2.1655511586877938e-05,16784.18259135418
low,central,combined_strategy,two,transition,Q10,30.158401687212596,2.7661583284403766,4.063862235609935,5455.790378463525,1869.7203944190219,4.9441307541747395e-05,38088.05766907973
low,central,combined_strategy,two,transition,Q11,40.709966378969455,4.30414668168457,6.323375989141528,9025.59707926837,3020.8307615405565,8.084265859216233e-05,62019.86767682839
low,central,combined_strategy,two,transition,Q12,51.71489878073833,6.134430666794763,9.012311720352798,13074.584950169872,4288.46796423645,0.00011590444805652865,88573.16941609984
low,central,combined_strategy,two,transition,Q13,73.43086546365737,8.377781767184274,12.308099139443563,17870.98705672257,5774.528306462997,0.00015707526687341124,119622.23256287552
low,central,combined_strategy,two,transition,Q14,86.03419205656074,10.872857734642665,15.973704573117,23427.198942326642,7409.894573050098,0.00020366385248156085,154438.6503816156
low,central,combined_strategy,two,transition,Q15,103.83054256672875,14.032294972073531,20.615346934280865,29641.198778591795,9196.40442714164,0.0002550787845371395,192629.01778163735
low,central,combined_strategy,two,transition,Q16,127.39730347731276,17.981672554248405,26.417518937722964,36761.2333375664,11191.428232196593,0.00031316606685526647,235497.4322359527
low,central,combined_strategy,two,transition,Q17,188.99283018599226,22.725124762849084,33.38629440467951,46148.331878427816,13831.040284298273,0.0003894270925235081,291618.05815145106
low,central,combined_strategy,two,transition,Q18,229.02437860002217,27.974344862035082,41.098111587434246,58241.79389050197,17007.449300271357,0.00048489350533885455,361043.23044661095
low,central,combined_strategy,two,transition,Q19,264.17422767907215,33.82863018370767,49.698851751373,72116.9663680136,20498.62798094153,0.000592286936846244,438440.28817862994
low,central,combined_strategy,two,transition,Q20,306.669003435474,40.844779079558705,60.006527289722044,87784.33133288892,24313.4372408541,0.0007116038045577591,523744.9036442538
low,central,combined_strategy,two,transition,Q21,349.4992068239337,49.21859296366803,72.30879707008019,105412.04073202022,28437.945357501347,0.0008434146324309269,617128.4007481795
low,central,combined_strategy,two,transition,Q22,408.0095822159392,58.8616868015241,86.47581147384403,125449.13276309823,32981.59849875997,0.0009909263048724377,720784.6174559852
low,central,combined_strategy,two,transition,Q23,474.3431430783417,70.34531635809849,103.34682279770021,148512.85513296336,38008.46495963658,0.0011576917962087974,836864.8017186823
low,central,combined_strategy,two,transition,Q24,540.6090606190476,83.88246123606926,123.23472700113875,174737.2773657521,43469.319277782015,0.0013436292680453867,964936.8234534806
low,high,baseline,single,steady,Q01,0.0,0.0,0.0,0.0,0.0,0.0,0.0
low,high,baseline,single,steady,Q02,0.0,0.0,0.0,0.0,0.0,0.0,0.0
low,high,baseline,single,steady,Q03,0.0,0.0,0.0,0.0,0.0,0.0,0.0
low,high,baseline,single,steady,Q04,0.0,0.0,0.0,0.0,0.0,0.0,0.0
low,high,baseline,single,steady,Q05,0.0,0.0,0.0,0.0,0.0,0.0,0.0
low,high,baseline,single,steady,Q06,0.0,0.0,0.0,0.0,0.0,0.0,0.0
low,high,baseline,single,steady,Q07,0.0,0.0,0.0,0.0,0.0,0.0,0.0
low,high,baseline,single,steady,Q08,0.0,0.0,0.0,0.0,0.0,0.0,0.0
low,high,baseline,single,steady,Q09,34.56347412358272,4.706786484268034,0.0,7134.342896842233,2925.217500226193,7.208176631573667e-05,57789.54658963086
low,high,baseline,single,steady,Q10,52.81351334720999,9.601447549574718,0.0,16731.33594879303,6802.962129986418,0.00016846564423037024,134954.9650950363
low,high,baseline,single,steady,Q11,72.84801185419762,15.072689620026868,0.0,27904.761498834567,11315.136968052237,0.0002806553021216299,224770.41567586066
low,high,baseline,single,steady,Q12,94.6272060745442,21.763675363407188,0.0,40759.48642515116,16503.93081989126,0.0004097050451266366,328077.25389951724
low,high,baseline,single,steady,Q13,135.91963588990149,30.15943395378914,0.0,56204.96264173036,22768.904045448842,0.0005650696134746395,452508.8910214099
low,high,baseline,single,steady,Q14,162.6352406874381,39.755892657143214,0.0,74351.26926520042,30085.656133783617,0.0007471629563923244,598261.6383986379
low,high,baseline,single,steady,Q15,200.65121313453005,52.0602401527857,0.0,94935.57798481706,38401.56374027228,0.0009538894065123892,763757.9493419911
low,high,baseline,single,steady,Q16,251.74836322745978,67.6900139730636,0.0,118858.44762093454,48080.72078181527,0.0011942963436136253,956240.9983018909
low,high,baseline,single,steady,Q17,375.8382178691822,86.68661902765197,0.0,150853.2666813474,61136.32641779115,0.001516916297361134,1214776.330903301
low,high,baseline,single,steady,Q18,462.44796868296356,108.06939515672981,0.0,192664.4646558541,78044.71649728593,0.0019369742998837677,1551105.0235962758
low,high,baseline,single,steady,Q19,542.6782604284863,132.35759922545927,0.0,241331.66345064595,97684.20070072808,0.002425493775707284,1942168.6608098648
low,high,baseline,single,steady,Q20,642.0224460475927,162.2144153190241,0.0,297088.85604803794,120200.69451896986,0.0029853511535545213,2390362.3693818506
low,high,baseline,single,steady,Q21,747.6967510105611,198.68723782227354,0.0,360747.62181124784,145893.78584543138,0.003624417025510912,2901928.345699305
low,high,baseline,single,steady,Q22,891.3477209660314,241.69422983784472,0.0,434184.5649421384,175577.36853370632,0.004362089546139082,3492511.945105617
low,high,baseline,single,steady,Q23,1059.6736752523843,293.82778443353783,0.0,519984.5533841802,210260.0825963936,0.005223977285191184,4182539.0395006565
low,high,baseline,single,steady,Q24,1237.3951149265138,356.3124387185034,0.0,619023.920304392,250262.5145709691,0.006218550229729635,4978720.826927259
low,high,baseline,single,transition,Q01,0.0,0.0,0.0,0.0,0.0,0.0,0.0
low,high,baseline,single,transition,Q02,0.0,0.0,0.0,0.0,0.0,0.0,0.0
low,high,baseline,single,transition,Q03,0.0,0.0,0.0,0.0,0.0,0.0,0.0
low,high,baseline,single,transition,Q04,0.0,0.0,0.0,0.0,0.0,0.0,0.0
low,high,baseline,single,transition,Q05,0.0,0.0,0.0,0.0,0.0,0.0,0.0
low,high,baseline,single,transition,Q06,0.0,0.0,0.0,0.0,0.0,0.0,0.0
low,high,baseline,single,transition,Q07,0.0,0.0,0.0,0.0,0.0,0.0,0.0
low,high,baseline,single,transition,Q08,0.0,0.0,0.0,0.0,0.0,0.0,0.0
low,high,baseline,single,transition,Q09,34.56347412358272,4.706786484268034,0.0,7134.342896842233,2428.915385663255,6.463723459729261e-05,49848.712756623856
low,high,baseline,single,transition,Q10,52.81351334720999,9.601447549574718,0.0,16731.33594879303,5555.590993966462,0.0001497550771900709,114997.02691871699
low,high,baseline,single,transition,Q11,72.84801185419762,15.072689620026868,0.0,27904.761498834567,9096.163610289537,0.00024737070175518945,189266.84195165744
low,high,baseline,single,transition,Q12,94.6272060745442,21.763675363407188,0.0,40759.48642515116,13055.37507787219,0.0003579767089963506,272900.3620272121
low,high,baseline,single,transition,Q13,135.91963588990149,30.15943395378914,0.0,56204.96264173036,17708.646437351945,0.0004891657493531861,371544.76929185947
low,high,baseline,single,transition,Q14,162.6352406874381,39.755892657143214,0.0,74351.26926520042,22974.076907381408,0.0006404892679962913,484476.3707762025
low,high,baseline,single,transition,Q15,200.65121313453005,52.0602401527857,0.0,94935.57798481706,28784.06866974283,0.0008096269804544474,609878.0282135198
low,high,baseline,single,transition,Q16,251.74836322745978,67.6900139730636,0.0,118858.44762093454,35342.85141092267,0.0010032283030502363,752435.0883676093
low,high,baseline,single,transition,Q17,375.8382178691822,86.68661902765197,0.0,150853.2666813474,43947.00396023241,0.001259076460497753,939747.1715823613
low,high,baseline,single,transition,Q18,462.44796868296356,108.06939515672981,0.0,192664.4646558541,54674.60825219142,0.00158642267620735,1177183.2916747637
low,high,baseline,single,transition,Q19,542.6782604284863,132.35759922545927,0.0,241331.66345064595,66696.61786166615,0.001960680033121355,1446367.335384874
low,high,baseline,single,transition,Q20,642.0224460475927,162.2144153190241,0.0,297088.85604803794,80001.05377251274,0.0023823565423576644,1747168.1174385366
low,high,baseline,single,transition,Q21,747.6967510105611,198.68723782227354,0.0,360747.62181124784,94623.05540102471,0.002855356068844812,2081596.6585887987
low,high,baseline,single,transition,Q22,891.3477209660314,241.69422983784472,0.0,434184.5649421384,110896.41369148486,0.0033918752235057607,2457616.6676300736
low,high,baseline,single,transition,Q23,1059.6736752523843,293.82778443353783,0.0,519984.5533841802,129165.21692178152,0.004007554300072004,2885021.1887068637
low,high,baseline,single,transition,Q24,1237.3951149265138,356.3124387185034,0.0,619023.920304392,149359.77551231463,0.004705009143849819,3364277.001988788
low,high,baseline,two,steady,Q01,0.0,0.0,0.0,0.0,0.0,0.0,0.0
low,high,baseline,two,steady,Q02,0.0,0.0,0.0,0.0,0.0,0.0,0.0
low,high,baseline,two,steady,Q03,0.0,0.0,0.0,0.0,0.0,0.0,0.0
low,high,baseline,two,steady,Q04,0.0,0.0,0.0,0.0,0.0,0.0,0.0
low,high,baseline,two,steady,Q05,0.0,0.0,0.0,0.0,0.0,0.0,0.0
low,high,baseline,two,steady,Q06,0.0,0.0,0.0,0.0,0.0,0.0,0.0
low,high,baseline,two,steady,Q07,0.0,0.0,0.0,0.0,0.0,0.0,0.0
low,high,baseline,two,steady,Q08,0.0,0.0,0.0,0.0,0.0,0.0,0.0
low,high,baseline,two,steady,Q09,35.38930833583175,4.706786484268034,0.0,3567.1714484211207,1536.5665942391447,3.680399553155018e-05,29634.35173607593
low,high,baseline,two,steady,Q10,54.59538600866548,9.601447549574718,0.0,8365.667974396523,3517.254433446787,8.543856303746883e-05,68635.21623205396
low,high,baseline,two,steady,Q11,75.72734503922345,15.072689620026868,0.0,13952.3807494173,5819.438852099611,0.0001420217181896501,114003.9115186653
low,high,baseline,two,steady,Q12,98.74944448853097,21.763675363407188,0.0,20379.743212575606,8464.46837501839,0.00020708637059086308,166163.65660048634
low,high,baseline,two,steady,Q13,141.61344921597603,30.15943395378914,0.0,28102.481320865212,11688.452451459354,0.0002857256081944382,229294.4497980544
low,high,baseline,two,steady,Q14,170.06237037545054,39.75589265714321,0.0,37175.63463260025,15410.25788365931,0.00037745455582712315,302805.11736699415
low,high,baseline,two,steady,Q15,210.06088524017352,52.060240152785695,0.0,47467.78899240859,19656.343432798545,0.0004817606200835828,386434.5902976198
low,high,baseline,two,steady,Q16,263.48847305249217,67.69001397306359,0.0,59429.223810467345,24612.922453824212,0.0006032122425058441,483846.1197801115
low,high,baseline,two,steady,Q17,390.97523559886474,86.68661902765194,0.0,75426.63334067378,31408.594007336847,0.0007672958897601185,615792.4734360636
low,high,baseline,two,steady,Q18,481.62420209885937,108.06939515672977,0.0,96332.23232792717,40058.81758383499,0.0009793920902695884,785917.1051500586
low,high,baseline,two,steady,Q19,566.4332699890814,132.3575992254592,0.0,120665.83172532312,50064.90069951559,0.0012256366793412855,983312.3338964484
low,high,baseline,two,steady,Q20,671.0308433820238,162.21441531902406,0.0,148544.42802401914,61552.524551243,0.0015080084217714376,1209702.9576085065
low,high,baseline,two,steady,Q21,782.6234020020689,198.6872378222735,0.0,180373.81090562412,74646.40999662256,0.0018301971196836376,1467959.3435887222
low,high,baseline,two,steady,Q22,933.176890489284,241.69422983784466,0.0,217092.28247106943,89817.71433227402,0.0022025435448729406,1766546.273207018
low,high,baseline,two,steady,Q23,1109.5409834298193,293.8277844335378,0.0,259992.27669209038,107545.90446545077,0.0026376164131903016,2115428.1514228694
low,high,baseline,two,steady,Q24,1296.414856722965,356.31243871850336,0.0,309511.96015219635,127961.26296008633,0.0031393567338044302,2517660.470209649
low,high,baseline,two,transition,Q01,0.0,0.0,0.0,0.0,0.0,0.0,0.0
low,high,baseline,two,transition,Q02,0.0,0.0,0.0,0.0,0.0,0.0,0.0
low,high,baseline,two,transition,Q03,0.0,0.0,0.0,0.0,0.0,0.0,0.0
low,high,baseline,two,transition,Q04,0.0,0.0,0.0,0.0,0.0,0.0,0.0
low,high,baseline,two,transition,Q05,0.0,0.0,0.0,0.0,0.0,0.0,0.0
low,high,baseline,two,transition,Q06,0.0,0.0,0.0,0.0,0.0,0.0,0.0
low,high,baseline,two,transition,Q07,0.0,0.0,0.0,0.0,0.0,0.0,0.0
low,high,baseline,two,transition,Q08,0.0,0.0,0.0,0.0,0.0,0.0,0.0
low,high,baseline,two,transition,Q09,35.38930833583175,4.706786484268034,0.0,3567.1714484211207,1288.4155369576756,3.3081729672328144e-05,25663.93481957242
low,high,baseline,two,transition,Q10,54.59538600866548,9.601447549574718,0.0,8365.667974396523,2893.568865436808,7.608327951731913e-05,58656.2471438943
low,high,baseline,two,transition,Q11,75.72734503922345,15.072689620026868,0.0,13952.3807494173,4709.95217321826,0.00012537941800642985,96252.1246565637
low,high,baseline,two,transition,Q12,98.74944448853097,21.763675363407188,0.0,20379.743212575606,6740.190504008855,0.00018122220252572005,138575.21066433375
low,high,baseline,two,transition,Q13,141.61344921597603,30.15943395378914,0.0,28102.481320865212,9158.323647410904,0.0002477736761337115,188812.38893327917
low,high,baseline,two,transition,Q14,170.06237037545054,39.75589265714321,0.0,37175.63463260025,11854.468270458203,0.00032411771162910657,245912.4835557764
low,high,baseline,two,transition,Q15,210.06088524017352,52.060240152785695,0.0,47467.78899240859,14847.595897533814,0.0004096294070546119,309494.6297333841
low,high,baseline,two,transition,Q16,263.48847305249217,67.69001397306359,0.0,59429.223810467345,18243.987768377905,0.0005076782222241496,381943.16481297056
low,high,baseline,two,transition,Q17,390.97523559886474,86.68661902765194,0.0,75426.63334067378,22813.93277855747,0.0006383759713284279,478277.89377559355
low,high,baseline,two,transition,Q18,481.62420209885937,108.06939515672977,0.0,96332.23232792717,28373.763461287726,0.0008041162784313794,598956.2391893023
low,high,baseline,two,transition,Q19,566.4332699890814,132.3575992254592,0.0,120665.83172532312,34571.10927998461,0.000993229808048321,735411.6711839526
low,high,baseline,two,transition,Q20,671.0308433820238,162.21441531902406,0.0,148544.42802401914,41452.70417801441,0.0012065111161730089,888105.8316368491
low,high,baseline,two,transition,Q21,782.6234020020689,198.6872378222735,0.0,180373.81090562412,49011.0447744192,0.0014456666413505872,1057793.5000334682
low,high,baseline,two,transition,Q22,933.176890489284,241.69422983784466,0.0,217092.28247106943,57477.23691116324,0.0017174363835562793,1249098.6344692456
low,high,baseline,two,transition,Q23,1109.5409834298193,293.8277844335378,0.0,259992.27669209038,66998.47162814469,0.0020294049206307104,1466669.2260259718
low,high,baseline,two,transition,Q24,1296.414856722965,356.31243871850336,0.0,309511.96015219635,77509.89343075905,0.002382586190864521,1710438.5577404122
low,high,improved_pue,single,steady,Q01,0.0,0.0,0.0,0.0,0.0,0.0,0.0
low,high,improved_pue,single,steady,Q02,0.0,0.0,0.0,0.0,0.0,0.0,0.0
low,high,improved_pue,single,steady,Q03,0.0,0.0,0.0,0.0,0.0,0.0,0.0
low,high,improved_pue,single,steady,Q04,0.0,0.0,0.0,0.0,0.0,0.0,0.0
low,high,improved_pue,single,steady,Q05,0.0,0.0,0.0,0.0,0.0,0.0,0.0
low,high,improved_pue,single,steady,Q06,0.0,0.0,0.0,0.0,0.0,0.0,0.0
low,high,improved_pue,single,steady,Q07,0.0,0.0,0.0,0.0,0.0,0.0,0.0
low,high,improved_pue,single,steady,Q08,0.0,0.0,0.0,0.0,0.0,0.0,0.0
low,high,improved_pue,single,steady,Q09,34.56347412358272,4.706786484268034,0.0,6513.965253638564,2677.066442944725,6.587798988369999e-05,52826.525444001505
low,high,improved_pue,single,steady,Q10,52.81351334720999,9.601447549574718,0.0,15172.122028768084,6179.276561976441,0.00015287350503012082,122481.25373483676
low,high,improved_pue,single,steady,Q11,72.84801185419762,15.072689620026868,0.0,25131.044801631193,10205.650289170886,0.00025291813514959614,202580.68209823364
low,high,improved_pue,single,steady,Q12,94.6272060745442,21.763675363407188,0.0,36448.79174762733,14779.652948881725,0.00036659809835139825,293591.6964793266
low,high,improved_pue,single,steady,Q13,135.91963588990149,30.15943395378914,0.0,49879.64063160923,20238.77524140039,0.0005018163933734282,401906.3149404409
low,high,improved_pue,single,steady,Q14,162.6352406874381,39.755892657143214,0.0,65461.795232197655,26529.866520582513,0.0006582682160622968,527145.8461346158
low,high,improved_pue,single,steady,Q15,200.65121313453005,52.0602401527857,0.0,82913.70914665525,33592.816205007555,0.0008336707181307709,667582.9986366966
low,high,improved_pue,single,steady,Q16,251.74836322745978,67.6900139730636,0.0,102936.1109073188,41711.786096368975,0.0010350729764774678,828862.3045929649
low,high,improved_pue,single,steady,Q17,375.8382178691822,86.68661902765197,0.0,129366.61360939898,52541.66518901178,0.00130204976664165,1042883.1063277137
low,high,improved_pue,single,steady,Q18,462.44796868296356,108.06939515672981,0.0,163451.82934948598,66359.66237473869,0.0016448479468200864,1317403.941145331
low,high,improved_pue,single,steady,Q19,542.6782604284863,132.35759922545927,0.0,202597.18490181855,82190.40928119713,0.0020381489902190097,1632292.8324192455
low,high,improved_pue,single,steady,Q20,642.0224460475927,162.2144153190241,0.0,246839.3051149665,100100.87414574131,0.002482855644223807,1988365.961917279
low,high,improved_pue,single,steady,Q21,747.6967510105611,198.68723782227354,0.0,296659.20875573944,120258.42062322806,0.0029835328949558287,2389221.0412552385
low,high,improved_pue,single,steady,Q22,891.3477209660314,241.69422983784472,0.0,353333.37138936145,143236.8911125956,0.003553577610611314,2845702.396683402
low,high,improved_pue,single,steady,Q23,1059.6736752523843,293.82778443353783,0.0,418615.971290915,169712.64975908757,0.004210291464258534,3371590.382754536
low,high,improved_pue,single,steady,Q24,1237.3951149265138,356.3124387185034,0.0,492895.49648107385,199811.14504164187,0.004957265991496455,3969693.4363407143
low,high,improved_pue,single,transition,Q01,0.0,0.0,0.0,0.0,0.0,0.0,0.0
low,high,improved_pue,single,transition,Q02,0.0,0.0,0.0,0.0,0.0,0.0,0.0
low,high,improved_pue,single,transition,Q03,0.0,0.0,0.0,0.0,0.0,0.0,0.0
low,high,improved_pue,single,transition,Q04,0.0,0.0,0.0,0.0,0.0,0.0,0.0
low,high,improved_pue,single,transition,Q05,0.0,0.0,0.0,0.0,0.0,0.0,0.0
low,high,improved_pue,single,transition,Q06,0.0,0.0,0.0,0.0,0.0,0.0,0.0
low,high,improved_pue,single,transition,Q07,0.0,0.0,0.0,0.0,0.0,0.0,0.0
low,high,improved_pue,single,transition,Q08,0.0,0.0,0.0,0.0,0.0,0.0,0.0
low,high,improved_pue,single,transition,Q09,34.56347412358272,4.706786484268034,0.0,6513.965253638564,2223.9210339959554,5.9080808749468433e-05,45576.19890082119
low,high,improved_pue,single,transition,Q10,52.81351334720999,9.601447549574718,0.0,15172.122028768084,5048.536274974057,0.00013591240072508503,104389.4091427986
low,high,improved_pue,single,transition,Q11,72.84801185419762,15.072689620026868,0.0,25131.044801631193,8208.91671757171,0.0002229671315756085,170632.9449526468
low,high,improved_pue,single,transition,Q12,94.6272060745442,21.763675363407188,0.0,36448.79174762733,11700.35227810031,0.000320408588289677,244322.88574682391
low,high,improved_pue,single,transition,Q13,135.91963588990149,30.15943395378914,0.0,49879.64063160923,15757.99468707304,0.00043460468505851794,330213.8260712032
low,high,improved_pue,single,transition,Q14,162.6352406874381,39.755892657143214,0.0,65461.795232197655,20287.625011406035,0.0005646345934246495,427269.98198779207
low,high,improved_pue,single,transition,Q15,200.65121313453005,52.0602401527857,0.0,82913.70914665525,25225.993871462328,0.0007081683831275925,533713.8412999728
low,high,improved_pue,single,transition,Q16,251.74836322745978,67.6900139730636,0.0,102936.1109073188,30733.34614186763,0.0008703963771599476,653207.2653209434
low,high,improved_pue,single,transition,Q17,375.8382178691822,86.68661902765197,0.0,129366.61360939898,37885.93790204711,0.0010822138573371798,808391.469736279
low,high,improved_pue,single,transition,Q18,462.44796868296356,108.06939515672981,0.0,163451.82934948598,46665.25102184811,0.0013494317765267278,1002293.3594990816
low,high,improved_pue,single,transition,Q19,542.6782604284863,132.35759922545927,0.0,202597.18490181855,56368.898798376234,0.0016508263329766965,1219148.6646941113
low,high,improved_pue,single,transition,Q20,642.0224460475927,162.2144153190241,0.0,246839.3051149665,66969.79597553075,0.001985889471670649,1458268.7111939103
low,high,improved_pue,single,transition,Q21,747.6967510105611,198.68723782227354,0.0,296659.20875573944,78463.01138505699,0.0023566017563832627,1720494.4934445014
low,high,improved_pue,single,transition,Q22,891.3477209660314,241.69422983784472,0.0,353333.37138936145,91092.28695871963,0.002771408548303175,2011388.7302213865
low,high,improved_pue,single,transition,Q23,1059.6736752523843,293.82778443353783,0.0,418615.971290915,105079.20040665353,0.0032407897239720234,2337455.193115591
low,high,improved_pue,single,transition,Q24,1237.3951149265138,356.3124387185034,0.0,492895.49648107385,120321.79065117605,0.0037649256756394677,2697863.766093261
low,high,improved_pue,two,steady,Q01,0.0,0.0,0.0,0.0,0.0,0.0,0.0
low,high,improved_pue,two,steady,Q02,0.0,0.0,0.0,0.0,0.0,0.0,0.0
low,high,improved_pue,two,steady,Q03,0.0,0.0,0.0,0.0,0.0,0.0,0.0
low,high,improved_pue,two,steady,Q04,0.0,0.0,0.0,0.0,0.0,0.0,0.0
low,high,improved_pue,two,steady,Q05,0.0,0.0,0.0,0.0,0.0,0.0,0.0
low,high,improved_pue,two,steady,Q06,0.0,0.0,0.0,0.0,0.0,0.0,0.0
low,high,improved_pue,two,steady,Q07,0.0,0.0,0.0,0.0,0.0,0.0,0.0
low,high,improved_pue,two,steady,Q08,0.0,0.0,0.0,0.0,0.0,0.0,0.0
low,high,improved_pue,two,steady,Q09,35.38930833583175,4.706786484268034,0.0,3256.982626819286,1412.4910655984108,3.370210731553184e-05,27152.84116326125
low,high,improved_pue,two,steady,Q10,54.59538600866548,9.601447549574718,0.0,7586.061014384046,3205.4116494417963,7.764249343734406e-05,62398.360551954145
low,high,improved_pue,two,steady,Q11,75.72734503922345,15.072689620026868,0.0,12565.522400815606,5264.695512658933,0.00012815313470363317,102909.04472985175
low,high,improved_pue,two,steady,Q12,98.74944448853097,21.763675363407188,0.0,18224.395873813683,7602.329439513622,0.00018553289720324385,148920.87789039093
low,high,improved_pue,two,steady,Q13,141.61344921597603,30.15943395378914,0.0,24939.820315804653,10423.388049435132,0.00025409899814383263,203993.1617575699
low,high,improved_pue,two,steady,Q14,170.06237037545054,39.75589265714321,0.0,32730.897616098864,13632.363077058757,0.0003330071856621093,267247.221234983
low,high,improved_pue,two,steady,Q15,210.06088524017352,52.060240152785695,0.0,41456.85457332767,17251.96966516618,0.0004216512758927737,338347.11494497245
low,high,improved_pue,two,steady,Q16,263.48847305249217,67.69001397306359,0.0,51468.05545365946,21428.45511110106,0.0005236005589377653,420156.7729256484
low,high,improved_pue,two,steady,Q17,390.97523559886474,86.68661902765194,0.0,64683.30680469958,27111.263392947167,0.0006598626244003764,529845.86114827
low,high,improved_pue,two,steady,Q18,481.62420209885937,108.06939515672977,0.0,81725.9146747431,34216.290522561365,0.0008333289137377475,669066.5639245859
low,high,improved_pue,two,steady,Q19,566.4332699890814,132.3575992254592,0.0,101298.5924509094,42318.0049897501,0.0010319642865971482,828374.4197011385
low,high,improved_pue,two,steady,Q20,671.0308433820238,162.21441531902406,0.0,123419.65255748344,51502.61436462872,0.0012567606671060802,1008704.7538762208
low,high,improved_pue,two,steady,Q21,782.6234020020689,198.6872378222735,0.0,148329.60437786992,61828.727385520884,0.001509755054406095,1211605.6913666883
low,high,improved_pue,two,steady,Q22,933.176890489284,241.69422983784466,0.0,176666.685694681,73647.47562171862,0.0017982875771090556,1443141.49899591
low,high,improved_pue,two,steady,Q23,1109.5409834298193,293.8277844335378,0.0,209307.9856454578,87272.18804679773,0.002130773502723975,1709953.8230498084
low,high,improved_pue,two,steady,Q24,1296.414856722965,356.31243871850336,0.0,246447.74824053736,102735.57819542271,0.0025087146146878393,2013146.7749163765
low,high,improved_pue,two,transition,Q01,0.0,0.0,0.0,0.0,0.0,0.0,0.0
low,high,improved_pue,two,transition,Q02,0.0,0.0,0.0,0.0,0.0,0.0,0.0
low,high,improved_pue,two,transition,Q03,0.0,0.0,0.0,0.0,0.0,0.0,0.0
low,high,improved_pue,two,transition,Q04,0.0,0.0,0.0,0.0,0.0,0.0,0.0
low,high,improved_pue,two,transition,Q05,0.0,0.0,0.0,0.0,0.0,0.0,0.0
low,high,improved_pue,two,transition,Q06,0.0,0.0,0.0,0.0,0.0,0.0,0.0
low,high,improved_pue,two,transition,Q07,0.0,0.0,0.0,0.0,0.0,0.0,0.0
low,high,improved_pue,two,transition,Q08,0.0,0.0,0.0,0.0,0.0,0.0,0.0
low,high,improved_pue,two,transition,Q09,35.38930833583175,4.706786484268034,0.0,3256.982626819286,1185.9183611240255,3.030351674841606e-05,23527.67789167109
low,high,improved_pue,two,transition,Q10,54.59538600866548,9.601447549574718,0.0,7586.061014384046,2640.0415059406037,6.916194128482616e-05,53352.43825593506
low,high,improved_pue,two,transition,Q11,75.72734503922345,15.072689620026868,0.0,12565.522400815606,4266.328726859344,0.00011317763291663934,86935.17615705833
low,high,improved_pue,two,transition,Q12,98.74944448853097,21.763675363407188,0.0,18224.395873813683,6062.679104122912,0.00016243814217238323,124286.4725241396
low,high,improved_pue,two,transition,Q13,141.61344921597603,30.15943395378914,0.0,24939.820315804653,8182.99777227145,0.00022049314398637745,168146.91732295102
low,high,improved_pue,two,transition,Q14,170.06237037545054,39.75589265714321,0.0,32730.897616098864,10511.242322470513,0.00028619037434328567,217309.2891615711
low,high,improved_pue,two,transition,Q15,210.06088524017352,52.060240152785695,0.0,41456.85457332767,13068.558498393559,0.00035890010839118437,271412.5362766105
low,high,improved_pue,two,transition,Q16,263.48847305249217,67.69001397306359,0.0,51468.05545365946,15939.23513385038,0.0004412622592790051,332329.2532896375
low,high,improved_pue,two,transition,Q17,390.97523559886474,86.68661902765194,0.0,64683.30680469958,19783.399749464817,0.0005499446697481413,412600.0428525524
low,high,improved_pue,two,transition,Q18,481.62420209885937,108.06939515672977,0.0,81725.9146747431,24369.08484611606,0.000685620828591068,511511.2731014611
low,high,improved_pue,two,transition,Q19,566.4332699890814,132.3575992254592,0.0,101298.5924509094,29407.249748339636,0.0008383029579759914,621802.3358385712
low,high,improved_pue,two,transition,Q20,671.0308433820238,162.21441531902406,0.0,123419.65255748344,34937.07527952341,0.001008277580829501,743656.128514536
low,high,improved_pue,two,transition,Q21,782.6234020020689,198.6872378222735,0.0,148329.60437786992,40931.022766435315,0.001196289485119812,877242.4174613194
low,high,improved_pue,two,transition,Q22,933.176890489284,241.69422983784466,0.0,176666.685694681,47575.173544780606,0.0014072030459549858,1025984.6657649018
low,high,improved_pue,two,transition,Q23,1109.5409834298193,293.8277844335378,0.0,209307.9856454578,54955.46337058067,0.0016460226325807198,1192886.2282303355
low,high,improved_pue,two,transition,Q24,1296.414856722965,356.31243871850336,0.0,246447.74824053736,62990.90100018974,0.0019125444567593456,1377231.939792649
low,high,advanced_coolant,single,steady,Q01,0.0,0.0,0.0,0.0,0.0,0.0,0.0
low,high,advanced_coolant,single,steady,Q02,0.0,0.0,0.0,0.0,0.0,0.0,0.0
low,high,advanced_coolant,single,steady,Q03,0.0,0.0,0.0,0.0,0.0,0.0,0.0
low,high,advanced_coolant,single,steady,Q04,0.0,0.0,0.0,0.0,0.0,0.0,0.0
low,high,advanced_coolant,single,steady,Q05,0.0,0.0,0.0,0.0,0.0,0.0,0.0
low,high,advanced_coolant,single,steady,Q06,0.0,0.0,0.0,0.0,0.0,0.0,0.0
low,high,advanced_coolant,single,steady,Q07,0.0,0.0,0.0,0.0,0.0,0.0,0.0
low,high,advanced_coolant,single,steady,Q08,0.0,0.0,0.0,0.0,0.0,0.0,0.0
low,high,advanced_coolant,single,steady,Q09,30.379471849796996,4.61320918718101,0.0,7134.342896842233,2916.8027070300777,7.199715049729008e-05,57705.39865766971
low,high,advanced_coolant,single,steady,Q10,46.1605903363145,9.36580970478462,0.0,16731.33594879303,6789.538465042233,0.00016833022939170443,134820.72844559443
low,high,advanced_coolant,single,steady,Q11,63.184911917829055,14.60432540184246,0.0,27904.761498834567,11295.576586070407,0.0002804573564807207,224574.81185604233
low,high,advanced_coolant,single,steady,Q12,81.3661956769808,20.864739162297788,0.0,40759.48642515116,16476.959330995578,0.0004094308355566743,327807.53901056043
low,high,advanced_coolant,single,steady,Q13,115.17583456077944,28.56480424410892,0.0,56204.96264173036,22726.61912793576,0.0005646387911509604,452086.04184627905
low,high,advanced_coolant,single,steady,Q14,136.67801220887165,37.1618832760615,0.0,74351.26926520042,30032.444672135945,0.0007466178717289424,597729.5237821612
low,high,advanced_coolant,single,steady,Q15,166.67976942157455,48.060336024860334,0.0,94935.57798481706,38331.62090078241,0.0009531699785968509,763058.5209470924
low,high,advanced_coolant,single,steady,Q16,206.21148094279374,61.70207880607046,0.0,118858.44762093454,47986.65304966244,0.0011933257266162622,955300.3209803627
low,high,advanced_coolant,single,steady,Q17,300.2000080343568,78.09817928419307,0.0,150853.2666813474,60980.75577824977,0.0015153176487670032,1213220.6245078873
low,high,advanced_coolant,single,steady,Q18,364.5425463700904,96.27382125753526,0.0,192664.4646558541,77843.00786571059,0.0019348982356985184,1549087.9372805224
low,high,advanced_coolant,single,steady,Q19,422.9675980823732,116.57271750565062,0.0,241331.66345064595,97436.88693517595,0.0024229417136431637,1939695.5231543435
low,high,advanced_coolant,single,steady,Q20,493.79483118608044,140.94277514097683,0.0,297088.85604803794,119893.60346915782,0.002982173884855511,2387291.45888373
low,high,advanced_coolant,single,steady,Q21,567.5533234110688,170.060163160564,0.0,360747.62181124784,145519.18545290155,0.003620527886212306,2898182.341774007
low,high,advanced_coolant,single,steady,Q22,665.5877417463604,203.64906363715488,0.0,434184.5649421384,175106.82599216665,0.004357193894892683,3487806.5196902202
low,high,advanced_coolant,single,steady,Q23,777.8979498831033,243.6722672520465,0.0,519984.5533841802,209671.45338706428,0.005217840215511985,4176652.7474073637
low,high,advanced_coolant,single,steady,Q24,893.8053834810594,290.87734763090924,0.0,619023.920304392,249542.61756253437,0.006211024084189851,4971521.856842912
low,high,advanced_coolant,single,transition,Q01,0.0,0.0,0.0,0.0,0.0,0.0,0.0
low,high,advanced_coolant,single,transition,Q02,0.0,0.0,0.0,0.0,0.0,0.0,0.0
low,high,advanced_coolant,single,transition,Q03,0.0,0.0,0.0,0.0,0.0,0.0,0.0
low,high,advanced_coolant,single,transition,Q04,0.0,0.0,0.0,0.0,0.0,0.0,0.0
low,high,advanced_coolant,single,transition,Q05,0.0,0.0,0.0,0.0,0.0,0.0,0.0
low,high,advanced_coolant,single,transition,Q06,0.0,0.0,0.0,0.0,0.0,0.0,0.0
low,high,advanced_coolant,single,transition,Q07,0.0,0.0,0.0,0.0,0.0,0.0,0.0
low,high,advanced_coolant,single,transition,Q08,0.0,0.0,0.0,0.0,0.0,0.0,0.0
low,high,advanced_coolant,single,transition,Q09,30.379471849796996,4.61320918718101,0.0,7134.342896842233,2420.50059246714,6.455261877884602e-05,49764.56482466271
low,high,advanced_coolant,single,transition,Q10,46.1605903363145,9.36580970478462,0.0,16731.33594879303,5542.167329022276,0.0001496196623514051,114862.79026927514
low,high,advanced_coolant,single,transition,Q11,63.184911917829055,14.60432540184246,0.0,27904.761498834567,9076.603228307707,0.0002471727561142802,189071.23813183914
low,high,advanced_coolant,single,transition,Q12,81.3661956769808,20.864739162297788,0.0,40759.48642515116,13028.403588976507,0.0003577024994263882,272630.6471382553
low,high,advanced_coolant,single,transition,Q13,115.17583456077944,28.56480424410892,0.0,56204.96264173036,17666.361519838858,0.0004887349270295068,371121.92011672864
low,high,advanced_coolant,single,transition,Q14,136.67801220887165,37.1618832760615,0.0,74351.26926520042,22920.865445733732,0.0006399441833329091,483944.2561597257
low,high,advanced_coolant,single,transition,Q15,166.67976942157455,48.060336024860334,0.0,94935.57798481706,28714.125830252953,0.0008089075525389089,609178.5998186211
low,high,advanced_coolant,single,transition,Q16,206.21148094279374,61.70207880607046,0.0,118858.44762093454,35248.78367876984,0.001002257686052873,751494.411046081
low,high,advanced_coolant,single,transition,Q17,300.2000080343568,78.09817928419307,0.0,150853.2666813474,43791.43332069103,0.001257477811903622,938191.4651869475
low,high,advanced_coolant,single,transition,Q18,364.5425463700904,96.27382125753526,0.0,192664.4646558541,54472.89962061608,0.0015843466120221005,1175166.2053590103
low,high,advanced_coolant,single,transition,Q19,422.9675980823732,116.57271750565062,0.0,241331.66345064595,66449.30409611402,0.0019581279710572342,1443894.1977293526
low,high,advanced_coolant,single,transition,Q20,493.79483118608044,140.94277514097683,0.0,297088.85604803794,79693.96272270069,0.0023791792736586534,1744097.206940416
low,high,advanced_coolant,single,transition,Q21,567.5533234110688,170.060163160564,0.0,360747.62181124784,94248.45500849487,0.0028514669295462047,2077850.6546635001
low,high,advanced_coolant,single,transition,Q22,665.5877417463604,203.64906363715488,0.0,434184.5649421384,110425.87114994517,0.00338697957225936,2452911.2422146765
low,high,advanced_coolant,single,transition,Q23,777.8979498831033,243.6722672520465,0.0,519984.5533841802,128576.58771245222,0.004001417230392803,2879134.8966135704
low,high,advanced_coolant,single,transition,Q24,893.8053834810594,290.87734763090924,0.0,619023.920304392,148639.87850387994,0.004697482998310034,3357078.031904441
low,high,advanced_coolant,two,steady,Q01,0.0,0.0,0.0,0.0,0.0,0.0,0.0
low,high,advanced_coolant,two,steady,Q02,0.0,0.0,0.0,0.0,0.0,0.0,0.0
low,high,advanced_coolant,two,steady,Q03,0.0,0.0,0.0,0.0,0.0,0.0,0.0
low,high,advanced_coolant,two,steady,Q04,0.0,0.0,0.0,0.0,0.0,0.0,0.0
low,high,advanced_coolant,two,steady,Q05,0.0,0.0,0.0,0.0,0.0,0.0,0.0
low,high,advanced_coolant,two,steady,Q06,0.0,0.0,0.0,0.0,0.0,0.0,0.0
low,high,advanced_coolant,two,steady,Q07,0.0,0.0,0.0,0.0,0.0,0.0,0.0
low,high,advanced_coolant,two,steady,Q08,0.0,0.0,0.0,0.0,0.0,0.0,0.0
low,high,advanced_coolant,two,steady,Q09,31.129248151280468,4.61320918718101,0.0,3567.1714484211207,1523.7162307126755,3.667479006655734e-05,29505.848100811236
low,high,advanced_coolant,two,steady,Q10,47.76698041541012,9.36580970478462,0.0,8365.667974396523,3496.5924882834283,8.523017630199931e-05,68428.59678042037
low,high,advanced_coolant,two,steady,Q11,65.76153300490736,14.60432540184246,0.0,13952.3807494173,5789.190142833024,0.00014171571836534786,113701.42442599943
low,high,advanced_coolant,two,steady,Q12,85.02692368897628,20.864739162297788,0.0,20379.743212575606,8422.626610468895,0.00020666121092385983,165745.23895499136
low,high,advanced_coolant,two,steady,Q13,120.18054813166607,28.56480424410892,0.0,28102.481320865212,11622.957775924166,0.00028505870171626374,228639.5030427025
low,high,advanced_coolant,two,steady,Q14,143.1470376250037,37.1618832760615,0.0,37175.63463260025,15327.56637837216,0.00037660818570389357,301978.2023141226
low,high,advanced_coolant,two,steady,Q15,174.79650348059383,48.060336024860334,0.0,47467.78899240859,19547.55035942386,0.0004806426900688766,385346.65956387296
low,high,advanced_coolant,two,steady,Q16,216.22785974670117,61.70207880607046,0.0,59429.223810467345,24466.649662531592,0.0006017046050791655,482383.3918671853
low,high,advanced_coolant,two,steady,Q17,312.901628040996,78.09817928419305,0.0,75426.63334067378,31167.931854855648,0.0007648248549372306,613385.8519112517
low,high,advanced_coolant,two,steady,Q18,380.3812016077128,96.27382125753523,0.0,96332.23232792717,39746.24190193716,0.0009761778666463661,782791.3483310803
low,high,advanced_coolant,two,steady,Q19,442.3071529274611,116.57271750565059,0.0,120665.83172532312,49680.68368704087,0.0012216761226036398,979470.1637717013
low,high,advanced_coolant,two,steady,Q20,517.0818914527413,140.9427751409768,0.0,148544.42802401914,61074.72396532162,0.0015030708786108883,1204924.951749293
low,high,advanced_coolant,two,steady,Q21,595.211171835977,170.06016316056397,0.0,180373.81090562412,74062.703000128,0.001824145346658729,1462122.2736237766
low,high,advanced_coolant,two,steady,Q22,698.2407928299654,203.64906363715485,0.0,217092.28247106943,89084.37216464554,0.0021949247844501507,1759212.8515307333
low,high,advanced_coolant,two,steady,Q23,816.2456638109436,243.67226725204648,0.0,259992.27669209038,106628.40186870802,0.002628065220844013,2106253.125455442
low,high,advanced_coolant,two,steady,Q24,938.5030143032544,290.8773476309092,0.0,309511.96015219635,126838.4511145115,0.003127637852165525,2506432.3517539008
low,high,advanced_coolant,two,transition,Q01,0.0,0.0,0.0,0.0,0.0,0.0,0.0
low,high,advanced_coolant,two,transition,Q02,0.0,0.0,0.0,0.0,0.0,0.0,0.0
low,high,advanced_coolant,two,transition,Q03,0.0,0.0,0.0,0.0,0.0,0.0,0.0
low,high,advanced_coolant,two,transition,Q04,0.0,0.0,0.0,0.0,0.0,0.0,0.0
low,high,advanced_coolant,two,transition,Q05,0.0,0.0,0.0,0.0,0.0,0.0,0.0
low,high,advanced_coolant,two,transition,Q06,0.0,0.0,0.0,0.0,0.0,0.0,0.0
low,high,advanced_coolant,two,transition,Q07,0.0,0.0,0.0,0.0,0.0,0.0,0.0
low,high,advanced_coolant,two,transition,Q08,0.0,0.0,0.0,0.0,0.0,0.0,0.0
low,high,advanced_coolant,two,transition,Q09,31.129248151280468,4.61320918718101,0.0,3567.1714484211207,1275.5651734312064,3.29525242073353e-05,25535.431184307727
low,high,advanced_coolant,two,transition,Q10,47.76698041541012,9.36580970478462,0.0,8365.667974396523,2872.9069202734495,7.587489278184963e-05,58449.62769226071
low,high,advanced_coolant,two,transition,Q11,65.76153300490736,14.60432540184246,0.0,13952.3807494173,4679.703463951673,0.0001250734181821276,95949.63756389782
low,high,advanced_coolant,two,transition,Q12,85.02692368897628,20.864739162297788,0.0,20379.743212575606,6698.3487394593585,0.00018079704285871678,138156.7930188388
low,high,advanced_coolant,two,transition,Q13,120.18054813166607,28.56480424410892,0.0,28102.481320865212,9092.828971875713,0.000247106769655537,188157.44217792727
low,high,advanced_coolant,two,transition,Q14,143.1470376250037,37.1618832760615,0.0,37175.63463260025,11771.776765171051,0.00032327134150587694,245085.56850290485
low,high,advanced_coolant,two,transition,Q15,174.79650348059383,48.060336024860334,0.0,47467.78899240859,14738.802824159131,0.0004085114770399056,308406.6989996373
low,high,advanced_coolant,two,transition,Q16,216.22785974670117,61.70207880607046,0.0,59429.223810467345,18097.714977085285,0.0005061705847974709,380480.4369000444
low,high,advanced_coolant,two,transition,Q17,312.901628040996,78.09817928419305,0.0,75426.63334067378,22573.270626076268,0.00063590493650554,475871.27225078153
low,high,advanced_coolant,two,transition,Q18,380.3812016077128,96.27382125753523,0.0,96332.23232792717,28061.18777938989,0.0008009020548081571,595830.4823703239
low,high,advanced_coolant,two,transition,Q19,442.3071529274611,116.57271750565059,0.0,120665.83172532312,34186.89226750989,0.000989269251310675,731569.5010592054
low,high,advanced_coolant,two,transition,Q20,517.0818914527413,140.9427751409768,0.0,148544.42802401914,40974.903592093026,0.0012015735730124596,883327.8257776352
low,high,advanced_coolant,two,transition,Q21,595.211171835977,170.06016316056397,0.0,180373.81090562412,48427.33777792464,0.0014396148683256786,1051956.4300685225
low,high,advanced_coolant,two,transition,Q22,698.2407928299654,203.64906363715485,0.0,217092.28247106943,56743.894743534765,0.0017098176231334892,1241765.2127929607
low,high,advanced_coolant,two,transition,Q23,816.2456638109436,243.67226725204648,0.0,259992.27669209038,66080.96903140194,0.0020198537282844218,1457494.2000585443
low,high,advanced_coolant,two,transition,Q24,938.5030143032544,290.8773476309092,0.0,309511.96015219635,76387.08158518422,0.002370867309225616,1699210.4392846639
low,high,coolant_recovery,single,steady,Q01,0.0,0.0,0.0,0.0,0.0,0.0,0.0
low,high,coolant_recovery,single,steady,Q02,0.0,0.0,0.0,0.0,0.0,0.0,0.0
low,high,coolant_recovery,single,steady,Q03,0.0,0.0,0.0,0.0,0.0,0.0,0.0
low,high,coolant_recovery,single,steady,Q04,0.0,0.0,0.0,0.0,0.0,0.0,0.0
low,high,coolant_recovery,single,steady,Q05,0.0,0.0,0.0,0.0,0.0,0.0,0.0
low,high,coolant_recovery,single,steady,Q06,0.0,0.0,0.0,0.0,0.0,0.0,0.0
low,high,coolant_recovery,single,steady,Q07,0.0,0.0,0.0,0.0,0.0,0.0,0.0
low,high,coolant_recovery,single,steady,Q08,0.0,0.0,0.0,0.0,0.0,0.0,0.0
low,high,coolant_recovery,single,steady,Q09,31.762936165443243,1.9062485261285538,2.80053795813948,7134.342896842233,2918.8751054386416,7.201422392968742e-05,57729.41739229434
low,high,coolant_recovery,single,steady,Q10,47.10065205521303,3.888586257577761,5.7128612919969575,16731.33594879303,6790.024179413367,0.00016832786345803382,134832.30660259048
low,high,coolant_recovery,single,steady,Q11,63.879761530281634,6.104439296110882,8.968250323915985,27904.761498834567,11294.82651878925,0.00028043900902558253,224577.8620659648
low,high,coolant_recovery,single,steady,Q12,81.67781923331694,8.814288522179911,12.949386841227273,40759.48642515116,16474.60426733907,0.00040939273638517177,327799.2229467497
low,high,coolant_recovery,single,steady,Q13,117.97477268739696,12.214570751284601,17.944863202504532,56204.96264173036,22728.264208196113,0.0005646368255974027,452123.60425265017
low,high,coolant_recovery,single,steady,Q14,138.98048455643791,16.101136526143,23.654756131000205,74351.26926520042,30032.085068428118,0.0007465924593326944,597753.7568699428
low,high,coolant_recovery,single,steady,Q15,169.67537024362258,21.08439726187821,30.975842890907487,94935.57798481706,38331.412566666404,0.0009531423420661967,763092.8797740391
low,high,coolant_recovery,single,steady,Q16,211.47280491348695,27.414455659090756,40.27555831397283,118858.44762093454,47989.50848798657,0.001193324991913112,955376.2583733848
low,high,coolant_recovery,single,steady,Q17,324.25967954772926,35.10808070619905,51.57853832145291,150853.2666813474,61019.51619865139,0.0015156723443780875,1213668.9093452226
low,high,coolant_recovery,single,steady,Q18,398.1466785647093,43.768105038475575,64.30129011825422,192664.4646558541,77899.09298731225,0.001935423504063269,1549724.4370731483
low,high,coolant_recovery,single,steady,Q19,463.92548888933806,53.604827686311005,78.75277153914823,241331.66345064595,97505.84883577179,0.0024235944441583987,1940477.792479759
low,high,coolant_recovery,single,steady,Q20,545.5048689327733,65.69683820420477,96.5175771148193,297088.85604803794,119982.1105943275,0.0029830233766946937,2388290.0802261494
low,high,coolant_recovery,single,steady,Q21,629.4778445063084,80.46833131802079,118.21890650425271,360747.62181124784,145626.05479246587,0.0036215658636481627,2899390.116236125
low,high,coolant_recovery,single,steady,Q22,747.5396542125138,97.88616308432712,143.80806675351758,434184.5649421384,175251.68555899983,0.00435862123394091,3489424.301319438
low,high,coolant_recovery,single,steady,Q23,884.8461435144294,119.00025269558283,174.82753173795496,519984.5533841802,209864.1496568694,0.005219760856484563,4178785.389554518
low,high,coolant_recovery,single,steady,Q24,1025.3892138890044,144.3065376809939,212.0059010375095,619023.920304392,249782.3835597959,0.006213437146234025,4974168.93552263
low,high,coolant_recovery,single,transition,Q01,0.0,0.0,0.0,0.0,0.0,0.0,0.0
low,high,coolant_recovery,single,transition,Q02,0.0,0.0,0.0,0.0,0.0,0.0,0.0
low,high,coolant_recovery,single,transition,Q03,0.0,0.0,0.0,0.0,0.0,0.0,0.0
low,high,coolant_recovery,single,transition,Q04,0.0,0.0,0.0,0.0,0.0,0.0,0.0
low,high,coolant_recovery,single,transition,Q05,0.0,0.0,0.0,0.0,0.0,0.0,0.0
low,high,coolant_recovery,single,transition,Q06,0.0,0.0,0.0,0.0,0.0,0.0,0.0
low,high,coolant_recovery,single,transition,Q07,0.0,0.0,0.0,0.0,0.0,0.0,0.0
low,high,coolant_recovery,single,transition,Q08,0.0,0.0,0.0,0.0,0.0,0.0,0.0
low,high,coolant_recovery,single,transition,Q09,31.762936165443243,1.9062485261285538,2.80053795813948,7134.342896842233,2422.572990875704,6.456969221124336e-05,49788.58355928733
low,high,coolant_recovery,single,transition,Q10,47.10065205521303,3.888586257577761,5.7128612919969575,16731.33594879303,5542.65304339341,0.0001496172964177345,114874.36842627118
low,high,coolant_recovery,single,transition,Q11,63.879761530281634,6.104439296110882,8.968250323915985,27904.761498834567,9075.85316102655,0.00024715440865914203,189074.28834176162
low,high,coolant_recovery,single,transition,Q12,81.67781923331694,8.814288522179911,12.949386841227273,40759.48642515116,13026.048525319999,0.0003576644002548857,272622.33107444464
low,high,coolant_recovery,single,transition,Q13,117.97477268739696,12.214570751284601,17.944863202504532,56204.96264173036,17668.006600099216,0.0004887329614759492,371159.48252309987
low,high,coolant_recovery,single,transition,Q14,138.98048455643791,16.101136526143,23.654756131000205,74351.26926520042,22920.50584202591,0.0006399187709366613,483968.48924750753
low,high,coolant_recovery,single,transition,Q15,169.67537024362258,21.08439726187821,30.975842890907487,94935.57798481706,28713.91749613695,0.0008088799160082549,609212.958645568
low,high,coolant_recovery,single,transition,Q16,211.47280491348695,27.414455659090756,40.27555831397283,118858.44762093454,35251.63911709397,0.001002256951349723,751570.3484391033
low,high,coolant_recovery,single,transition,Q17,324.25967954772926,35.10808070619905,51.57853832145291,150853.2666813474,43830.193741092655,0.0012578325075147064,938639.7500242831
low,high,coolant_recovery,single,transition,Q18,398.1466785647093,43.768105038475575,64.30129011825422,192664.4646558541,54528.98474221773,0.001584871880386851,1175802.7051516364
low,high,coolant_recovery,single,transition,Q19,463.92548888933806,53.604827686311005,78.75277153914823,241331.66345064595,66518.26599670984,0.0019587807015724696,1444676.4670547685
low,high,coolant_recovery,single,transition,Q20,545.5048689327733,65.69683820420477,96.5175771148193,297088.85604803794,79782.46984787035,0.0023800287654978367,1745095.828282836
low,high,coolant_recovery,single,transition,Q21,629.4778445063084,80.46833131802079,118.21890650425271,360747.62181124784,94355.32434805919,0.002852504906982063,2079058.429125619
low,high,coolant_recovery,single,transition,Q22,747.5396542125138,97.88616308432712,143.80806675351758,434184.5649421384,110570.73071677836,0.003388406911307588,2454529.0238438947
low,high,coolant_recovery,single,transition,Q23,884.8461435144294,119.00025269558283,174.82753173795496,519984.5533841802,128769.28398225733,0.004003337871365383,2881267.538760725
low,high,coolant_recovery,single,transition,Q24,1025.3892138890044,144.3065376809939,212.0059010375095,619023.920304392,148879.64450114145,0.004699896060354209,3359725.110584159
low,high,coolant_recovery,two,steady,Q01,0.0,0.0,0.0,0.0,0.0,0.0,0.0
low,high,coolant_recovery,two,steady,Q02,0.0,0.0,0.0,0.0,0.0,0.0,0.0
low,high,coolant_recovery,two,steady,Q03,0.0,0.0,0.0,0.0,0.0,0.0,0.0
low,high,coolant_recovery,two,steady,Q04,0.0,0.0,0.0,0.0,0.0,0.0,0.0
low,high,coolant_recovery,two,steady,Q05,0.0,0.0,0.0,0.0,0.0,0.0,0.0
low,high,coolant_recovery,two,steady,Q06,0.0,0.0,0.0,0.0,0.0,0.0,0.0
low,high,coolant_recovery,two,steady,Q07,0.0,0.0,0.0,0.0,0.0,0.0,0.0
low,high,coolant_recovery,two,steady,Q08,0.0,0.0,0.0,0.0,0.0,0.0,0.0
low,high,coolant_recovery,two,steady,Q09,32.58877037769227,1.9062485261285538,2.80053795813948,3567.1714484211207,1527.0530020578178,3.670268195247631e-05,29544.15794007114
low,high,coolant_recovery,two,steady,Q10,48.88252471666852,3.888586257577761,5.7128612919969575,8365.667974396523,3497.8475075872093,8.523189187896422e-05,68451.22849338524
low,high,coolant_recovery,two,steady,Q11,66.75909471530747,6.104439296110882,8.968250323915985,13952.3807494173,5788.973178205131,0.00014169727854557903,113715.08110382155
low,high,coolant_recovery,two,steady,Q12,85.8000576473037,8.814288522179911,12.949386841227273,20379.743212575606,8420.478546190105,0.00020661790747866576,165746.61017133505
low,high,coolant_recovery,two,steady,Q13,123.66858601347151,12.214570751284601,17.944863202504532,28102.481320865212,11627.492695580258,0.00028507642637858293,228716.51964491492
low,high,coolant_recovery,two,steady,Q14,146.40761424445037,16.101136526143,23.654756131000205,37175.63463260025,15329.90128562606,0.0003765988102376782,302043.2950739516
low,high,coolant_recovery,two,steady,Q15,179.08504234926608,21.08439726187821,30.975842890907483,47467.78899240859,19551.116672389726,0.00048064002341429416,385436.98594569205
low,high,coolant_recovery,two,steady,Q16,223.21291473851937,27.414455659090756,40.27555831397282,59429.223810467345,24476.104013081156,0.000601755214955074,482549.00988735264
low,high,coolant_recovery,two,steady,Q17,339.3966972774118,35.10808070619905,51.578538321452896,75426.63334067378,31233.378678627207,0.0007654299602855483,614131.3410989463
low,high,coolant_recovery,two,steady,Q18,417.3229119806051,43.76810503847557,64.3012901182542,96332.23232792717,39840.38231887446,0.0009770658965388397,783846.2253653678
low,high,coolant_recovery,two,steady,Q19,487.6804984499331,53.60482768631099,78.75277153914821,120665.83172532312,49797.37290208113,0.0012227876820179574,980776.0314012906
low,high,coolant_recovery,two,steady,Q20,574.5132662672045,65.69683820420475,96.51757711481929,148544.42802401914,61224.64866427942,0.0015045167564816954,1206594.5238749557
low,high,coolant_recovery,two,steady,Q21,664.4044954978161,80.46833131802077,118.2189065042527,180373.81090562412,74244.81341717429,0.0018259203768895128,1464151.9993939528
low,high,coolant_recovery,two,steady,Q22,789.3688237357663,97.88616308432711,143.80806675351755,217092.28247106943,89329.18987021426,0.002197341076575681,1761914.8075277503
low,high,coolant_recovery,two,steady,Q23,934.7134516918643,119.00025269558282,174.82753173795493,259992.27669209038,106952.00505616447,0.0026312917701303696,2109797.6765036616
low,high,coolant_recovery,two,steady,Q24,1084.4089556854556,144.30653768099387,212.00590103750943,309511.96015219635,127241.06644332655,0.0031316871085610145,2510832.6331027052
low,high,coolant_recovery,two,transition,Q01,0.0,0.0,0.0,0.0,0.0,0.0,0.0
low,high,coolant_recovery,two,transition,Q02,0.0,0.0,0.0,0.0,0.0,0.0,0.0
low,high,coolant_recovery,two,transition,Q03,0.0,0.0,0.0,0.0,0.0,0.0,0.0
low,high,coolant_recovery,two,transition,Q04,0.0,0.0,0.0,0.0,0.0,0.0,0.0
low,high,coolant_recovery,two,transition,Q05,0.0,0.0,0.0,0.0,0.0,0.0,0.0
low,high,coolant_recovery,two,transition,Q06,0.0,0.0,0.0,0.0,0.0,0.0,0.0
low,high,coolant_recovery,two,transition,Q07,0.0,0.0,0.0,0.0,0.0,0.0,0.0
low,high,coolant_recovery,two,transition,Q08,0.0,0.0,0.0,0.0,0.0,0.0,0.0
low,high,coolant_recovery,two,transition,Q09,32.58877037769227,1.9062485261285538,2.80053795813948,3567.1714484211207,1278.9019447763487,3.298041609325427e-05,25573.741023567633
low,high,coolant_recovery,two,transition,Q10,48.88252471666852,3.888586257577761,5.7128612919969575,8365.667974396523,2874.1619395772304,7.587660835881454e-05,58472.25940522557
low,high,coolant_recovery,two,transition,Q11,66.75909471530747,6.104439296110882,8.968250323915985,13952.3807494173,4679.486499323781,0.00012505497836235878,95963.29424171994
low,high,coolant_recovery,two,transition,Q12,85.8000576473037,8.814288522179911,12.949386841227273,20379.743212575606,6696.2006751805675,0.00018075373941352273,138158.16423518246
low,high,coolant_recovery,two,transition,Q13,123.66858601347151,12.214570751284601,17.944863202504532,28102.481320865212,9097.363891531806,0.00024712449431785617,188234.45878013968
low,high,coolant_recovery,two,transition,Q14,146.40761424445037,16.101136526143,23.654756131000205,37175.63463260025,11774.111672424951,0.00032326196603966155,245150.66126273386
low,high,coolant_recovery,two,transition,Q15,179.08504234926608,21.08439726187821,30.975842890907483,47467.78899240859,14742.369137124995,0.00040850881038532316,308497.0253814563
low,high,coolant_recovery,two,transition,Q16,223.21291473851937,27.414455659090756,40.27555831397282,59429.223810467345,18107.16932763485,0.0005062211946733793,380646.05492021167
low,high,coolant_recovery,two,transition,Q17,339.3966972774118,35.10808070619905,51.578538321452896,75426.63334067378,22638.717449847827,0.0006365100418538576,476616.76143847615
low,high,coolant_recovery,two,transition,Q18,417.3229119806051,43.76810503847557,64.3012901182542,96332.23232792717,28155.328196327184,0.0008017900847006307,596885.3594046114
low,high,coolant_recovery,two,transition,Q19,487.6804984499331,53.60482768631099,78.75277153914821,120665.83172532312,34303.581482550144,0.0009903808107249927,732875.3686887947
low,high,coolant_recovery,two,transition,Q20,574.5132662672045,65.69683820420475,96.51757711481929,148544.42802401914,41124.82829105083,0.0012030194508832665,884997.3979032983
low,high,coolant_recovery,two,transition,Q21,664.4044954978161,80.46833131802077,118.2189065042527,180373.81090562412,48609.44819497092,0.0014413898985564623,1053986.1558386988
low,high,coolant_recovery,two,transition,Q22,789.3688237357663,97.88616308432711,143.80806675351755,217092.28247106943,56988.71244910349,0.0017122339152590193,1244467.1687899777
low,high,coolant_recovery,two,transition,Q23,934.7134516918643,119.00025269558282,174.82753173795493,259992.27669209038,66404.57221885839,0.002023080277570778,1461038.751106764
low,high,coolant_recovery,two,transition,Q24,1084.4089556854556,144.30653768099387,212.00590103750943,309511.96015219635,76789.69691399926,0.002374916565621105,1703610.7206334686
low,high,combined_strategy,single,steady,Q01,0.0,0.0,0.0,0.0,0.0,0.0,0.0
low,high,combined_strategy,single,steady,Q02,0.0,0.0,0.0,0.0,0.0,0.0,0.0
low,high,combined_strategy,single,steady,Q03,0.0,0.0,0.0,0.0,0.0,0.0,0.0
low,high,combined_strategy,single,steady,Q04,0.0,0.0,0.0,0.0,0.0,0.0,0.0
low,high,combined_strategy,single,steady,Q05,0.0,0.0,0.0,0.0,0.0,0.0,0.0
low,high,combined_strategy,single,steady,Q06,0.0,0.0,0.0,0.0,0.0,0.0,0.0
low,high,combined_strategy,single,steady,Q07,0.0,0.0,0.0,0.0,0.0,0.0,0.0
low,high,combined_strategy,single,steady,Q08,0.0,0.0,0.0,0.0,0.0,0.0,0.0
low,high,combined_strategy,single,steady,Q09,27.634612383424297,1.8683497208083093,2.7448594663727004,6513.965253638564,2662.435350368884,6.572717451341735e-05,52683.44376467412
low,high,combined_strategy,single,steady,Q10,40.587933561967645,3.7931529304377722,5.572656774346849,15172.122028768084,6153.232468455059,0.00015260369082219135,122227.36886641628
low,high,combined_strategy,single,steady,Q11,54.49533830373278,5.914751787746198,8.689573614096265,25131.044801631193,10166.410578710074,0.0002525106174391705,202198.5080214068
low,high,combined_strategy,single,steady,Q12,68.9516758754136,8.450219360730607,12.414519801567184,36448.79174762733,14724.566223964848,0.00036602447977445693,293055.4345475714
low,high,combined_strategy,single,steady,Q13,98.17977603553462,11.568745718864115,16.99605852524481,49879.64063160923,20157.999250168374,0.0005009756661088461,401118.5503910915
low,high,combined_strategy,single,steady,Q14,114.56669165961506,15.050562726804909,22.111320549256593,65461.795232197655,26426.579421220347,0.0006571898583739032,526138.9884592873
low,high,combined_strategy,single,steady,Q15,138.08386948678265,19.464436090068435,28.5958999347919,82913.70914665525,33458.11206272418,0.0008322616243932758,666269.5994490802
low,high,combined_strategy,single,steady,Q16,169.4987440531818,24.989341916458535,36.71273688961192,102936.1109073188,41534.57481302497,0.0010332169346492376,827133.3832146891
low,high,combined_strategy,single,steady,Q17,253.73159136026194,31.62976261009819,46.46841667409486,129366.61360939898,52280.85725288496,0.0012993304091747909,1040329.6956919443
low,high,combined_strategy,single,steady,Q18,307.25962272185694,38.990897609301776,57.282923648233464,163451.82934948598,66028.22476901882,0.0016413903532997917,1314156.9567630123
low,high,combined_strategy,single,steady,Q19,353.6068311665111,47.2119505897885,69.3607669158621,202597.18490181855,81786.01377880614,0.002033924109658684,1628330.4782975893
low,high,combined_strategy,single,steady,Q20,409.93387997719924,57.08182393209562,83.8609512088812,246839.3051149665,99603.8627064268,0.002477655846701524,1983494.5074667325
low,high,combined_strategy,single,steady,Q21,466.3675263305333,68.87436608002842,101.18579708053556,296659.20875573944,119654.66416083935,0.002977203392315868,2383302.518745564
low,high,combined_strategy,single,steady,Q22,544.4165488822532,82.47787077304773,121.17119286410714,353333.37138936145,142491.93145780484,0.003545759595301721,2838395.3544800403
low,high,combined_strategy,single,steady,Q23,632.9129508681356,98.68726823707884,144.98499901496766,418615.971290915,168795.67216963612,0.004200657697544266,3362591.177447098
low,high,combined_strategy,single,steady,Q24,720.7333616406684,117.80532579051825,173.072021840391,492895.49648107385,198699.2908072745,0.004945565756018166,3958778.5081403824
low,high,combined_strategy,single,transition,Q01,0.0,0.0,0.0,0.0,0.0,0.0,0.0
low,high,combined_strategy,single,transition,Q02,0.0,0.0,0.0,0.0,0.0,0.0,0.0
low,high,combined_strategy,single,transition,Q03,0.0,0.0,0.0,0.0,0.0,0.0,0.0
low,high,combined_strategy,single,transition,Q04,0.0,0.0,0.0,0.0,0.0,0.0,0.0
low,high,combined_strategy,single,transition,Q05,0.0,0.0,0.0,0.0,0.0,0.0,0.0
low,high,combined_strategy,single,transition,Q06,0.0,0.0,0.0,0.0,0.0,0.0,0.0
low,high,combined_strategy,single,transition,Q07,0.0,0.0,0.0,0.0,0.0,0.0,0.0
low,high,combined_strategy,single,transition,Q08,0.0,0.0,0.0,0.0,0.0,0.0,0.0
low,high,combined_strategy,single,transition,Q09,27.634612383424297,1.8683497208083093,2.7448594663727004,6513.965253638564,2209.2899414201142,5.89299933791858e-05,45433.117221493805
low,high,combined_strategy,single,transition,Q10,40.587933561967645,3.7931529304377722,5.572656774346849,15172.122028768084,5022.492181452674,0.00013564258651715556,104135.52427437811
low,high,combined_strategy,single,transition,Q11,54.49533830373278,5.914751787746198,8.689573614096265,25131.044801631193,8169.677007110899,0.00022255961386518286,170250.77087581996
low,high,combined_strategy,single,transition,Q12,68.9516758754136,8.450219360730607,12.414519801567184,36448.79174762733,11645.265553183432,0.0003198349697127357,243786.62381506874
low,high,combined_strategy,single,transition,Q13,98.17977603553462,11.568745718864115,16.99605852524481,49879.64063160923,15677.218695841018,0.00043376395779393573,329426.06152185384
low,high,combined_strategy,single,transition,Q14,114.56669165961506,15.050562726804909,22.111320549256593,65461.795232197655,20184.33791204387,0.0005635562357362559,426263.1243124636
low,high,combined_strategy,single,transition,Q15,138.08386948678265,19.464436090068435,28.5958999347919,82913.70914665525,25091.289729178956,0.0007067592893900973,532400.4421123564
low,high,combined_strategy,single,transition,Q16,169.4987440531818,24.989341916458535,36.71273688961192,102936.1109073188,30556.134858523623,0.0008685403353317173,651478.3439426675
low,high,combined_strategy,single,transition,Q17,253.73159136026194,31.62976261009819,46.46841667409486,129366.61360939898,37625.12996592028,0.0010794944998703206,805838.0591005095
low,high,combined_strategy,single,transition,Q18,307.25962272185694,38.990897609301776,57.282923648233464,163451.82934948598,46333.813416128236,0.0013459741830064327,999046.375116763
low,high,combined_strategy,single,transition,Q19,353.6068311665111,47.2119505897885,69.3607669158621,202597.18490181855,55964.50329598524,0.0016466014524163701,1215186.3105724552
low,high,combined_strategy,single,transition,Q20,409.93387997719924,57.08182393209562,83.8609512088812,246839.3051149665,66472.78453621623,0.001980689674148365,1453397.2567433636
low,high,combined_strategy,single,transition,Q21,466.3675263305333,68.87436608002842,101.18579708053556,296659.20875573944,77859.25492266827,0.0023502722537433016,1714575.9709348264
low,high,combined_strategy,single,transition,Q22,544.4165488822532,82.47787077304773,121.17119286410714,353333.37138936145,90347.32730392886,0.0027635905329935814,2004081.6880180247
low,high,combined_strategy,single,transition,Q23,632.9129508681356,98.68726823707884,144.98499901496766,418615.971290915,104162.22281720207,0.003231155957257756,2328455.987808153
low,high,combined_strategy,single,transition,Q24,720.7333616406684,117.80532579051825,173.072021840391,492895.49648107385,119209.93641680868,0.003753225440161179,2686948.837892929
low,high,combined_strategy,two,steady,Q01,0.0,0.0,0.0,0.0,0.0,0.0,0.0
low,high,combined_strategy,two,steady,Q02,0.0,0.0,0.0,0.0,0.0,0.0,0.0
low,high,combined_strategy,two,steady,Q03,0.0,0.0,0.0,0.0,0.0,0.0,0.0
low,high,combined_strategy,two,steady,Q04,0.0,0.0,0.0,0.0,0.0,0.0,0.0
low,high,combined_strategy,two,steady,Q05,0.0,0.0,0.0,0.0,0.0,0.0,0.0
low,high,combined_strategy,two,steady,Q06,0.0,0.0,0.0,0.0,0.0,0.0,0.0
low,high,combined_strategy,two,steady,Q07,0.0,0.0,0.0,0.0,0.0,0.0,0.0
low,high,combined_strategy,two,steady,Q08,0.0,0.0,0.0,0.0,0.0,0.0,0.0
low,high,combined_strategy,two,steady,Q09,28.38438868490777,1.8683497208083093,2.7448594663727004,3256.982626819286,1390.316253002352,3.347360252278492e-05,26935.936906947205
low,high,combined_strategy,two,steady,Q10,42.19432364106328,3.7931529304377722,5.572656774346849,7586.061014384046,3165.8190614126415,7.723250764797905e-05,62012.26877185263
low,high,combined_strategy,two,steady,Q11,57.07195939081112,5.914751787746198,8.689573614096265,12565.522400815606,5204.927810673873,0.00012753277677505628,102326.7022516731
low,high,combined_strategy,two,steady,Q12,72.61240388740912,8.450219360730605,12.414519801567184,18224.395873813683,7518.314820932332,0.00018465862402577214,148102.63968069846
low,high,combined_strategy,two,steady,Q13,103.18448960642128,11.568745718864115,16.99605852524481,24939.820315804653,10300.156763321536,0.0002528172342543037,202790.84194089027
low,high,combined_strategy,two,steady,Q14,121.03571707574713,15.050562726804909,22.111320549256593,32730.897616098864,13474.558115199865,0.0003313609060013624,265708.19159383397
low,high,combined_strategy,two,steady,Q15,146.20060354580195,19.464436090068435,28.5958999347919,41456.85457332767,17046.034637601246,0.0004194988471451323,336338.22802214924
low,high,combined_strategy,two,steady,Q16,179.51512285708927,24.989341916458535,36.71273688961192,51468.05545365946,21157.46699302167,0.000520764784264786,417511.6789276009
low,high,combined_strategy,two,steady,Q17,266.43321136690116,31.629762610098187,46.46841667409486,64683.30680469958,26712.74529558779,0.0006557105262683964,525942.6832629247
low,high,combined_strategy,two,steady,Q18,323.09827795947933,38.99089760930177,57.282923648233464,81725.9146747431,33709.12137944673,0.0008280423961119569,664095.9600057601
low,high,combined_strategy,two,steady,Q19,372.94638601159903,47.21195058978849,69.3607669158621,101298.5924509094,41698.16537201709,0.0010254945021151934,822298.4248771893
low,high,combined_strategy,two,steady,Q20,433.2209402438601,57.08182393209562,83.8609512088812,123419.65255748344,50739.93319445363,0.0012487893307106218,1001225.9320883681
low,high,combined_strategy,two,steady,Q21,494.0253747554415,68.87436608002842,101.18579708053556,148329.60437786992,60901.28628423803,0.0015000427363691558,1202509.8435251785
low,high,combined_strategy,two,steady,Q22,577.0695999658583,82.47787077304773,121.17119286410713,176666.685694681,72502.50778421355,0.0017862852705914762,1431905.6521376783
low,high,combined_strategy,two,steady,Q23,671.260664795976,98.68726823707884,144.98499901496766,209307.9856454578,85862.16287987179,0.0021159772648250866,1696109.4272611635
low,high,combined_strategy,two,steady,Q24,765.4309924628635,117.80532579051824,173.07202184039096,246447.74824053736,101024.83051094892,0.0024907345981411795,1996344.7192866507
low,high,combined_strategy,two,transition,Q01,0.0,0.0,0.0,0.0,0.0,0.0,0.0
low,high,combined_strategy,two,transition,Q02,0.0,0.0,0.0,0.0,0.0,0.0,0.0
low,high,combined_strategy,two,transition,Q03,0.0,0.0,0.0,0.0,0.0,0.0,0.0
low,high,combined_strategy,two,transition,Q04,0.0,0.0,0.0,0.0,0.0,0.0,0.0
low,high,combined_strategy,two,transition,Q05,0.0,0.0,0.0,0.0,0.0,0.0,0.0
low,high,combined_strategy,two,transition,Q06,0.0,0.0,0.0,0.0,0.0,0.0,0.0
low,high,combined_strategy,two,transition,Q07,0.0,0.0,0.0,0.0,0.0,0.0,0.0
low,high,combined_strategy,two,transition,Q08,0.0,0.0,0.0,0.0,0.0,0.0,0.0
low,high,combined_strategy,two,transition,Q09,28.38438868490777,1.8683497208083093,2.7448594663727004,3256.982626819286,1163.7435485279668,3.0075011955669144e-05,23310.773635357044
low,high,combined_strategy,two,transition,Q10,42.19432364106328,3.7931529304377722,5.572656774346849,7586.061014384046,2600.448917911449,6.875195549546116e-05,52966.34647583355
low,high,combined_strategy,two,transition,Q11,57.07195939081112,5.914751787746198,8.689573614096265,12565.522400815606,4206.561024874283,0.00011255727498806243,86352.83367887966
low,high,combined_strategy,two,transition,Q12,72.61240388740912,8.450219360730605,12.414519801567184,18224.395873813683,5978.664485541622,0.0001615638689949115,123468.2343144471
low,high,combined_strategy,two,transition,Q13,103.18448960642128,11.568745718864115,16.99605852524481,24939.820315804653,8059.766486157856,0.0002192113800968485,166944.59750627138
low,high,combined_strategy,two,transition,Q14,121.03571707574713,15.050562726804909,22.111320549256593,32730.897616098864,10353.43736061162,0.0002845440946825388,215770.25952042206
low,high,combined_strategy,two,transition,Q15,146.20060354580195,19.464436090068435,28.5958999347919,41456.85457332767,12862.623470828627,0.000356747679643543,269403.6493537873
low,high,combined_strategy,two,transition,Q16,179.51512285708927,24.989341916458535,36.71273688961192,51468.05545365946,15668.24701577099,0.0004384264846060258,329684.15929159
low,high,combined_strategy,two,transition,Q17,266.43321136690116,31.629762610098187,46.46841667409486,64683.30680469958,19384.88165210544,0.0005457925716161611,408696.864967207
low,high,combined_strategy,two,transition,Q18,323.09827795947933,38.99089760930177,57.282923648233464,81725.9146747431,23861.91570300143,0.0006803343109652773,506540.6691826352
low,high,combined_strategy,two,transition,Q19,372.94638601159903,47.21195058978849,69.3607669158621,101298.5924509094,28787.410130606622,0.0008318331734940365,615726.3410146219
low,high,combined_strategy,two,transition,Q20,433.2209402438601,57.08182393209562,83.8609512088812,123419.65255748344,34174.39410934833,0.0010003062444340423,736177.3067266832
low,high,combined_strategy,two,transition,Q21,494.0253747554415,68.87436608002842,101.18579708053556,148329.60437786992,40003.58166515247,0.0011865771670828726,868146.5696198095
low,high,combined_strategy,two,transition,Q22,577.0695999658583,82.47787077304773,121.17119286410713,176666.685694681,46430.20570727554,0.0013952007394374061,1014748.8189066701
low,high,combined_strategy,two,transition,Q23,671.260664795976,98.68726823707884,144.98499901496766,209307.9856454578,53545.43820365473,0.001631226394681831,1179041.8324416906
low,high,combined_strategy,two,transition,Q24,765.4309924628635,117.80532579051824,173.07202184039096,246447.74824053736,61280.15331571594,0.001894564440212685,1360429.8841629233
central,low,baseline,single,steady,Q01,0.0,0.0,0.0,0.0,0.0,0.0,0.0
central,low,baseline,single,steady,Q02,0.0,0.0,0.0,0.0,0.0,0.0,0.0
central,low,baseline,single,steady,Q03,0.0,0.0,0.0,0.0,0.0,0.0,0.0
central,low,baseline,single,steady,Q04,0.0,0.0,0.0,0.0,0.0,0.0,0.0
central,low,baseline,single,steady,Q05,0.0,0.0,0.0,0.0,0.0,0.0,0.0
central,low,baseline,single,steady,Q06,0.0,0.0,0.0,0.0,0.0,0.0,0.0
central,low,baseline,single,steady,Q07,0.0,0.0,0.0,0.0,0.0,0.0,0.0
central,low,baseline,single,steady,Q08,0.0,0.0,0.0,0.0,0.0,0.0,0.0
central,low,baseline,single,steady,Q09,21.0779089560044,3.0181984150063776,0.0,4751.068825756141,1944.0924474219687,4.7962428420831566e-05,38445.19977724425
central,low,baseline,single,steady,Q10,32.58943894376939,6.397676856157083,0.0,10993.913656402821,4465.943178876746,0.00011065490211146517,88635.08641437875
central,low,baseline,single,steady,Q11,48.52003833139144,10.176396208054156,0.0,18325.302397544638,7432.249233784665,0.00018432518870415473,147623.7019280252
central,low,baseline,single,steady,Q12,65.93190046787254,14.761447761816777,0.0,27016.79668505682,10945.963198839381,0.00027163421933754377,217526.81872862106
central,low,baseline,single,steady,Q13,81.00551036191646,20.315416769463006,0.0,36974.530808361415,14961.981052453131,0.0003715685724585471,297517.933757977
central,low,baseline,single,steady,Q14,105.55692205471857,26.781781133660573,0.0,48433.11672994879,19597.751426655785,0.0004867101235519189,389709.981186353
central,low,baseline,single,steady,Q15,131.62230306456,34.994270427817426,0.0,61886.54742966348,25035.360713208418,0.0006218478630622042,497899.7968507381
central,low,baseline,single,steady,Q16,163.77912746761314,44.93431603868004,0.0,77571.19442294518,31378.503182132634,0.0007794368699391908,624069.8095131071
central,low,baseline,single,steady,Q17,241.8722270566771,56.96946187301654,0.0,98358.95598171109,39855.81157773429,0.0009889966989769744,791993.9397041872
central,low,baseline,single,steady,Q18,290.73113667048153,70.75409610140154,0.0,125008.51369126752,50620.24479789867,0.0012566073006070988,1006236.5027440568
central,low,baseline,single,steady,Q19,348.44140144719165,86.60387088544387,0.0,155964.74657632213,63126.083368865955,0.0015674823325010196,1255119.819993948
central,low,baseline,single,steady,Q20,410.07581739984005,105.69806226544398,0.0,191771.31414575412,77581.52632423404,0.0019269716384281925,1542900.519825357
central,low,baseline,single,steady,Q21,481.65401905956134,128.83795761942167,0.0,232815.5451989599,94153.94509651279,0.0023390769119469848,1872801.6317609677
central,low,baseline,single,steady,Q22,570.5075621003452,156.5159167322887,0.0,280123.7939659542,113268.79066894851,0.002814213250068872,2253183.082553302
central,low,baseline,single,steady,Q23,670.9833898838057,189.87319194993566,0.0,334705.5136521462,135319.10883660105,0.003362373536238638,2692013.1429745955
central,low,baseline,single,steady,Q24,790.8627744811159,229.60971172088,0.0,397708.5059320883,160779.932777658,0.003995198411927714,3198633.351504933
central,low,baseline,single,transition,Q01,0.0,0.0,0.0,0.0,0.0,0.0,0.0
central,low,baseline,single,transition,Q02,0.0,0.0,0.0,0.0,0.0,0.0,0.0
central,low,baseline,single,transition,Q03,0.0,0.0,0.0,0.0,0.0,0.0,0.0
central,low,baseline,single,transition,Q04,0.0,0.0,0.0,0.0,0.0,0.0,0.0
central,low,baseline,single,transition,Q05,0.0,0.0,0.0,0.0,0.0,0.0,0.0
central,low,baseline,single,transition,Q06,0.0,0.0,0.0,0.0,0.0,0.0,0.0
central,low,baseline,single,transition,Q07,0.0,0.0,0.0,0.0,0.0,0.0,0.0
central,low,baseline,single,transition,Q08,0.0,0.0,0.0,0.0,0.0,0.0,0.0
central,low,baseline,single,transition,Q09,21.0779089560044,3.0181984150063776,0.0,4751.068825756141,1613.5833117171937,4.300479138525995e-05,33157.05360596785
central,low,baseline,single,transition,Q10,32.58943894376939,6.397676856157083,0.0,10993.913656402821,3646.86357816484,9.836870810078657e-05,75529.81280298824
central,low,baseline,single,transition,Q11,48.52003833139144,10.176396208054156,0.0,18325.302397544638,5975.657568625646,0.00016247631372676944,124318.23528548086
central,low,baseline,single,transition,Q12,65.93190046787254,14.761447761816777,0.0,27016.79668505682,8658.011210527022,0.00023731493951285838,180919.5869156233
central,low,baseline,single,transition,Q13,81.00551036191646,20.315416769463006,0.0,36974.530808361415,11634.961155622032,0.0003216632740060806,244285.61540867935
central,low,baseline,single,transition,Q14,105.55692205471857,26.781781133660573,0.0,48433.11672994879,14975.413121297417,0.00041737504897154334,315752.5683006191
central,low,baseline,single,transition,Q15,131.62230306456,34.994270427817426,0.0,61886.54742966348,18775.213453102177,0.0005279456541606105,397737.44068903814
central,low,baseline,single,transition,Q16,163.77912746761314,44.93431603868004,0.0,77571.19442294518,23072.53240116356,0.0006548473082246546,491174.27701760177
central,low,baseline,single,transition,Q17,241.8722270566771,56.96946187301654,0.0,98358.95598171109,28657.630492936918,0.0008210239827050139,612823.0423474292
central,low,baseline,single,transition,Q18,290.73113667048153,70.75409610140154,0.0,125008.51369126752,35482.56387777556,0.0010295420868052523,764033.608022087
central,low,baseline,single,transition,Q19,348.44140144719165,86.60387088544387,0.0,155964.74657632213,43143.079040647346,0.0012677372675777405,935391.7507424502
central,low,baseline,single,transition,Q20,410.07581739984005,105.69806226544398,0.0,191771.31414575412,51682.65431063103,0.0015384885582241472,1128518.5676077085
central,low,baseline,single,transition,Q21,481.65401905956134,128.83795761942167,0.0,232815.5451989599,61116.945943221814,0.0018435219246476198,1344209.6453083118
central,low,baseline,single,transition,Q22,570.5075621003452,156.5159167322887,0.0,280123.7939659542,71592.89391472813,0.002189074798755566,1586368.734485776
central,low,baseline,single,transition,Q23,670.9833898838057,189.87319194993566,0.0,334705.5136521462,83201.49179458743,0.002580609280608433,1858131.2703023774
central,low,baseline,single,transition,Q24,790.8627744811159,229.60971172088,0.0,397708.5059320883,96061.71727965595,0.0030244251794576834,2163141.9035369004
central,low,baseline,two,steady,Q01,0.0,0.0,0.0,0.0,0.0,0.0,0.0
central,low,baseline,two,steady,Q02,0.0,0.0,0.0,0.0,0.0,0.0,0.0
central,low,baseline,two,steady,Q03,0.0,0.0,0.0,0.0,0.0,0.0,0.0
central,low,baseline,two,steady,Q04,0.0,0.0,0.0,0.0,0.0,0.0,0.0
central,low,baseline,two,steady,Q05,0.0,0.0,0.0,0.0,0.0,0.0,0.0
central,low,baseline,two,steady,Q06,0.0,0.0,0.0,0.0,0.0,0.0,0.0
central,low,baseline,two,steady,Q07,0.0,0.0,0.0,0.0,0.0,0.0,0.0
central,low,baseline,two,steady,Q08,0.0,0.0,0.0,0.0,0.0,0.0,0.0
central,low,baseline,two,steady,Q09,21.6116152360469,3.018198415006377,0.0,2375.5344128780735,1017.3122596706248,2.4448965562087235e-05,19675.260248218543
central,low,baseline,two,steady,Q10,33.7358223188414,6.397676856157081,0.0,5496.956828201417,2304.788455879209,5.607760810442176e-05,45035.711871597756
central,low,baseline,two,steady,Q11,50.39896443068286,10.176396208054154,0.0,9162.65119877233,3823.889669957021,9.329112686376458e-05,74889.50149465952
central,low,baseline,two,steady,Q12,68.66902961503199,14.761447761816775,0.0,13508.398342528424,5620.437511677828,0.00013736547603016244,110237.96848689197
central,low,baseline,two,steady,Q13,84.69094200674004,20.315416769463003,0.0,18487.26540418073,7664.215550269609,0.0001877181135535514,150591.217119419
central,low,baseline,two,steady,Q14,110.3686796043157,26.78178113366057,0.0,24216.558364974422,10037.815720652961,0.00024587837075487856,197244.3906664273
central,low,baseline,two,steady,Q15,137.73421289136306,34.99427042781742,0.0,30943.273714831772,12816.75782742766,0.0003140896775914758,251940.67313360368
central,low,baseline,two,steady,Q16,171.40852545568106,44.934316038680024,0.0,38785.597211472625,16062.165197985103,0.00039367224261897685,315764.04082574154
central,low,baseline,two,steady,Q17,251.68892991729348,56.96946187301653,0.0,49179.47799085559,20469.585082498877,0.0005001999897341699,401413.7627884111
central,low,baseline,two,steady,Q18,303.07690478067076,70.75409610140153,0.0,62504.25684563382,25963.999024671593,0.0006351961870412794,509657.01762925123
central,low,baseline,two,steady,Q19,363.72493802709823,86.60387088544384,0.0,77982.37328816115,32349.07703250984,0.000792034539085706,635420.2634777429
central,low,baseline,two,steady,Q20,428.7087669228629,105.69806226544395,0.0,95885.65707287716,39719.662676618536,0.0009733033046704392,780739.2550576939
central,low,baseline,two,steady,Q21,504.1050558051072,128.83795761942164,0.0,116407.77259948009,48172.05267542192,0.0011811334470332453,947351.6171521394
central,low,baseline,two,steady,Q22,597.3727444327023,156.51591673228867,0.0,140061.89698297725,57934.263964038226,0.001420887890913738,1139590.2275722912
central,low,baseline,two,steady,Q23,702.9144178400621,189.87319194993563,0.0,167352.75682607328,69192.25087791195,0.0016974630986751839,1361333.5360834126
central,low,baseline,two,steady,Q24,828.6398692538792,229.60971172087994,0.0,198854.25296604435,82199.82807797004,0.0020168458714138735,1617415.292643878
central,low,baseline,two,transition,Q01,0.0,0.0,0.0,0.0,0.0,0.0,0.0
central,low,baseline,two,transition,Q02,0.0,0.0,0.0,0.0,0.0,0.0,0.0
central,low,baseline,two,transition,Q03,0.0,0.0,0.0,0.0,0.0,0.0,0.0
central,low,baseline,two,transition,Q04,0.0,0.0,0.0,0.0,0.0,0.0,0.0
central,low,baseline,two,transition,Q05,0.0,0.0,0.0,0.0,0.0,0.0,0.0
central,low,baseline,two,transition,Q06,0.0,0.0,0.0,0.0,0.0,0.0,0.0
central,low,baseline,two,transition,Q07,0.0,0.0,0.0,0.0,0.0,0.0,0.0
central,low,baseline,two,transition,Q08,0.0,0.0,0.0,0.0,0.0,0.0,0.0
central,low,baseline,two,transition,Q09,21.6116152360469,3.018198415006377,0.0,2375.5344128780735,852.0576918182372,2.1970147044301423e-05,17031.18716258034
central,low,baseline,two,transition,Q10,33.7358223188414,6.397676856157081,0.0,5496.956828201417,1895.2486555232554,4.993451109908246e-05,38483.07506590249
central,low,baseline,two,transition,Q11,50.39896443068286,10.176396208054154,0.0,9162.65119877233,3095.5938373775098,8.236668937507192e-05,63236.76817338734
central,low,baseline,two,transition,Q12,68.66902961503199,14.761447761816775,0.0,13508.398342528424,4476.461517521648,0.00012020583611781975,91934.35258039308
central,low,baseline,two,transition,Q13,84.69094200674004,20.315416769463003,0.0,18487.26540418073,6000.705601854057,0.00016276546432731818,123975.05794477017
central,low,baseline,two,transition,Q14,110.3686796043157,26.78178113366057,0.0,24216.558364974422,7726.646567973776,0.00021121083346469082,160265.68422356033
central,low,baseline,two,transition,Q15,137.73421289136306,34.99427042781742,0.0,30943.273714831772,9686.684197374536,0.000267138573140679,201859.49505275371
central,low,baseline,two,transition,Q16,171.40852545568106,44.934316038680024,0.0,38785.597211472625,11909.179807500563,0.0003313774617617088,249316.2745779889
central,low,baseline,two,transition,Q17,251.68892991729348,56.96946187301653,0.0,49179.47799085559,14870.494540100186,0.00041621363159818957,311828.3141100321
central,low,baseline,two,transition,Q18,303.07690478067076,70.75409610140153,0.0,62504.25684563382,18395.158564610032,0.000521663580140356,388555.57026826625
central,low,baseline,two,transition,Q19,363.72493802709823,86.60387088544384,0.0,77982.37328816115,22357.574868400523,0.0006421620066240664,475556.2288519939
central,low,baseline,two,transition,Q20,428.7087669228629,105.69806226544395,0.0,95885.65707287716,26770.226669817013,0.0007790617645684163,573548.2789488696
central,low,baseline,two,transition,Q21,504.1050558051072,128.83795761942164,0.0,116407.77259948009,31653.55309877641,0.0009333559533835627,683055.6239258113
central,low,baseline,two,transition,Q22,597.3727444327023,156.51591673228867,0.0,140061.89698297725,37096.315586928016,0.0011083186652570847,806183.0535385278
central,low,baseline,two,transition,Q23,702.9144178400621,189.87319194993563,0.0,167352.75682607328,43133.442356905114,0.001306580970860081,944392.5997473032
central,low,baseline,two,transition,Q24,828.6398692538792,229.60971172087994,0.0,198854.25296604435,49840.72032896899,0.0015314592551788574,1099669.5686598609
central,low,improved_pue,single,steady,Q01,0.0,0.0,0.0,0.0,0.0,0.0,0.0
central,low,improved_pue,single,steady,Q02,0.0,0.0,0.0,0.0,0.0,0.0,0.0
central,low,improved_pue,single,steady,Q03,0.0,0.0,0.0,0.0,0.0,0.0,0.0
central,low,improved_pue,single,steady,Q04,0.0,0.0,0.0,0.0,0.0,0.0,0.0
central,low,improved_pue,single,steady,Q05,0.0,0.0,0.0,0.0,0.0,0.0,0.0
central,low,improved_pue,single,steady,Q06,0.0,0.0,0.0,0.0,0.0,0.0,0.0
central,low,improved_pue,single,steady,Q07,0.0,0.0,0.0,0.0,0.0,0.0,0.0
central,low,improved_pue,single,steady,Q08,0.0,0.0,0.0,0.0,0.0,0.0,0.0
central,low,improved_pue,single,steady,Q09,21.0779089560044,3.0181984150063776,0.0,4337.9324061251755,1778.8378795695824,4.383106422452191e-05,35140.10842019652
central,low,improved_pue,single,steady,Q10,32.58943894376939,6.397676856157083,0.0,9970.06415551294,4056.403378520794,0.00010041640710256637,80444.2904072597
central,low,improved_pue,single,steady,Q11,48.52003833139144,10.176396208054156,0.0,16504.56281609586,6703.953401205155,0.00016611779288966698,133057.785276435
central,low,improved_pue,single,steady,Q12,65.93190046787254,14.761447761816777,0.0,24156.856699666365,9801.987204683202,0.0002430348194836393,194647.29884549748
central,low,improved_pue,single,steady,Q13,81.00551036191646,20.315416769463006,0.0,32815.75593732253,13298.47110403758,0.00032998082374815834,264247.7347896659
central,low,improved_pue,single,steady,Q14,105.55692205471857,26.781781133660573,0.0,42655.19384825083,17286.5822739766,0.0004289308947349393,343486.5981327693
central,low,improved_pue,single,steady,Q15,131.62230306456,34.994270427817426,0.0,54061.363354530666,21905.287083155297,0.000543596022310876,435298.3242496756
central,low,improved_pue,single,steady,Q16,163.77912746761314,44.93431603868004,0.0,67188.73094673382,27225.5177916481,0.0006756122351770774,541010.1017034163
central,low,improved_pue,single,steady,Q17,241.8722270566771,56.96946187301654,0.0,84361.22962571435,34256.721035335606,0.0008490194354170073,680012.1288562135
central,low,improved_pue,single,steady,Q18,290.73113667048153,70.75409610140154,0.0,106086.41254111363,43051.40433783712,0.00106738628910556,854859.6935428258
central,low,improved_pue,single,steady,Q19,348.44140144719165,86.60387088544387,0.0,130985.99116604886,53134.58120475666,0.001317694778398287,1055289.776711762
central,low,improved_pue,single,steady,Q20,410.07581739984005,105.69806226544398,0.0,159397.72412875033,64632.090317432536,0.0016032357382581544,1283911.7996893264
central,low,improved_pue,single,steady,Q21,481.65401905956134,128.83795761942167,0.0,191519.29625734617,77635.4455198673,0.001926114422530847,1542431.6402280575
central,low,improved_pue,single,steady,Q22,570.5075621003452,156.5159167322887,0.0,228028.9230231787,92430.84229183831,0.0022932645406411167,1836424.1150110979
central,low,improved_pue,single,steady,Q23,670.9833898838057,189.87319194993566,0.0,269558.4923496292,109260.30031559424,0.002710903323213467,2170836.9725544592
central,low,improved_pue,single,steady,Q24,790.8627744811159,229.60971172088,0.0,316810.7365595857,128420.82502865695,0.0031862207182026883,2551451.1965249125
central,low,improved_pue,single,transition,Q01,0.0,0.0,0.0,0.0,0.0,0.0,0.0
central,low,improved_pue,single,transition,Q02,0.0,0.0,0.0,0.0,0.0,0.0,0.0
central,low,improved_pue,single,transition,Q03,0.0,0.0,0.0,0.0,0.0,0.0,0.0
central,low,improved_pue,single,transition,Q04,0.0,0.0,0.0,0.0,0.0,0.0,0.0
central,low,improved_pue,single,transition,Q05,0.0,0.0,0.0,0.0,0.0,0.0,0.0
central,low,improved_pue,single,transition,Q06,0.0,0.0,0.0,0.0,0.0,0.0,0.0
central,low,improved_pue,single,transition,Q07,0.0,0.0,0.0,0.0,0.0,0.0,0.0
central,low,improved_pue,single,transition,Q08,0.0,0.0,0.0,0.0,0.0,0.0,0.0
central,low,improved_pue,single,transition,Q09,21.0779089560044,3.0181984150063776,0.0,4337.9324061251755,1477.0686687087004,3.9304526061608685e-05,30311.801046422417
central,low,improved_pue,single,transition,Q10,32.58943894376939,6.397676856157083,0.0,9970.06415551294,3313.8586394469567,8.927823601645883e-05,68563.5745820783
central,low,improved_pue,single,transition,Q11,48.52003833139144,10.176396208054156,0.0,16504.56281609586,5393.19138729802,0.00014645636268105998,112085.59305392083
central,low,improved_pue,single,transition,Q12,65.93190046787254,14.761447761816777,0.0,24156.856699666365,7759.266645391062,0.0002123940110942572,161963.76989682324
central,low,improved_pue,single,transition,Q13,81.00551036191646,20.315416769463006,0.0,32815.75593732253,10352.213232990014,0.00028578695568244486,217107.60885290487
central,low,improved_pue,single,transition,Q14,105.55692205471857,26.781781133660573,0.0,42655.19384825083,13228.040117345838,0.00036805276238547783,278549.9236266771
central,low,improved_pue,single,transition,Q15,131.62230306456,34.994270427817426,0.0,54061.363354530666,16458.167769238295,0.000461889232602121,348144.4152270035
central,low,improved_pue,single,transition,Q16,163.77912746761314,44.93431603868004,0.0,67188.73094673382,20066.13313961764,0.0005682214653966205,426459.9472709289
central,low,improved_pue,single,transition,Q17,241.8722270566771,56.96946187301654,0.0,84361.22962571435,24708.11917579481,0.0007057904075238954,527234.4991035607
central,low,improved_pue,single,transition,Q18,290.73113667048153,70.75409610140154,0.0,106086.41254111363,30291.25369949817,0.0008759840295304758,650697.2833294024
central,low,improved_pue,single,transition,Q19,348.44140144719165,86.60387088544387,0.0,130985.99116604886,36477.105216427844,0.001067832638573355,788770.1608985009
central,low,improved_pue,single,transition,Q20,410.07581739984005,105.69806226544398,0.0,159397.72412875033,43280.50192657044,0.0012829619123952232,942286.385435533
central,low,improved_pue,single,transition,Q21,481.65401905956134,128.83795761942167,0.0,191519.29625734617,50697.496758814625,0.001522045191115057,1111424.4600512148
central,low,improved_pue,single,transition,Q22,570.5075621003452,156.5159167322887,0.0,228028.9230231787,58825.91820832926,0.0017891906793884812,1298745.3296749531
central,low,improved_pue,single,transition,Q23,670.9833898838057,189.87319194993566,0.0,269558.4923496292,67710.58905659032,0.0020876576543284084,1506041.5924103963
central,low,improved_pue,single,transition,Q24,790.8627744811159,229.60971172088,0.0,316810.7365595857,77420.66492766172,0.00242121831668776,1735448.6349089886
central,low,improved_pue,two,steady,Q01,0.0,0.0,0.0,0.0,0.0,0.0,0.0
central,low,improved_pue,two,steady,Q02,0.0,0.0,0.0,0.0,0.0,0.0,0.0
central,low,improved_pue,two,steady,Q03,0.0,0.0,0.0,0.0,0.0,0.0,0.0
central,low,improved_pue,two,steady,Q04,0.0,0.0,0.0,0.0,0.0,0.0,0.0
central,low,improved_pue,two,steady,Q05,0.0,0.0,0.0,0.0,0.0,0.0,0.0
central,low,improved_pue,two,steady,Q06,0.0,0.0,0.0,0.0,0.0,0.0,0.0
central,low,improved_pue,two,steady,Q07,0.0,0.0,0.0,0.0,0.0,0.0,0.0
central,low,improved_pue,two,steady,Q08,0.0,0.0,0.0,0.0,0.0,0.0,0.0
central,low,improved_pue,two,steady,Q09,21.6116152360469,3.018198415006377,0.0,2168.9662030625905,934.6849757444317,2.2383283463932407e-05,18022.71456969468
central,low,improved_pue,two,steady,Q10,33.7358223188414,6.397676856157081,0.0,4985.032077756474,2100.0185557012314,5.0958360599972336e-05,40940.31386803821
central,low,improved_pue,two,steady,Q11,50.39896443068286,10.176396208054154,0.0,8252.281408047938,3459.741753667264,8.418742895652067e-05,67606.54316886439
central,low,improved_pue,two,steady,Q12,68.66902961503199,14.761447761816775,0.0,12078.428349833197,5048.449514599737,0.00012306577610321018,98798.20854533016
central,low,improved_pue,two,steady,Q13,84.69094200674004,20.315416769463003,0.0,16407.87796866129,6832.460576061834,0.00016692423919835707,133956.1176352635
central,low,improved_pue,two,steady,Q14,110.3686796043157,26.78178113366057,0.0,21327.596924125435,8882.231144313368,0.00021698875634638878,174132.69913963543
central,low,improved_pue,two,steady,Q15,137.73421289136306,34.99427042781742,0.0,27030.681677265362,11251.721012401098,0.0002749637572158118,220639.93683307242
central,low,improved_pue,two,steady,Q16,171.40852545568106,44.934316038680024,0.0,33594.365473366954,13985.672502742835,0.00034175992523792015,274234.1869208962
central,low,improved_pue,two,steady,Q17,251.68892991729348,56.96946187301653,0.0,42180.61481285724,17670.03981129954,0.0004302113579541864,345422.8573644244
central,low,improved_pue,two,steady,Q18,303.07690478067076,70.75409610140153,0.0,53043.20627055688,22179.578794640816,0.0005405856812905099,433968.61302863574
central,low,improved_pue,two,steady,Q19,363.72493802709823,86.60387088544384,0.0,65492.995583024516,27353.325950455182,0.0006671407620343397,535505.24183665
central,low,improved_pue,two,steady,Q20,428.7087669228629,105.69806226544395,0.0,79698.86206437528,33244.94467321778,0.0008114353545854203,651244.894989679
central,low,improved_pue,two,steady,Q21,504.1050558051072,128.83795761942164,0.0,95759.6481286732,39912.80288709917,0.0009746522023251765,782166.6213856845
central,low,improved_pue,two,steady,Q22,597.3727444327023,156.51591673228867,0.0,114014.4615115895,47515.28977548312,0.0011604135361998602,931210.7438011891
central,low,improved_pue,two,steady,Q23,702.9144178400621,189.87319194993563,0.0,134779.24617481476,56162.84661740854,0.0013717279921625983,1100745.4508733442
central,low,improved_pue,two,steady,Q24,828.6398692538792,229.60971172087994,0.0,158405.36827979313,66020.27420346954,0.0016123570245513605,1293824.2151538676
central,low,improved_pue,two,transition,Q01,0.0,0.0,0.0,0.0,0.0,0.0,0.0
central,low,improved_pue,two,transition,Q02,0.0,0.0,0.0,0.0,0.0,0.0,0.0
central,low,improved_pue,two,transition,Q03,0.0,0.0,0.0,0.0,0.0,0.0,0.0
central,low,improved_pue,two,transition,Q04,0.0,0.0,0.0,0.0,0.0,0.0,0.0
central,low,improved_pue,two,transition,Q05,0.0,0.0,0.0,0.0,0.0,0.0,0.0
central,low,improved_pue,two,transition,Q06,0.0,0.0,0.0,0.0,0.0,0.0,0.0
central,low,improved_pue,two,transition,Q07,0.0,0.0,0.0,0.0,0.0,0.0,0.0
central,low,improved_pue,two,transition,Q08,0.0,0.0,0.0,0.0,0.0,0.0,0.0
central,low,improved_pue,two,transition,Q09,21.6116152360469,3.018198415006377,0.0,2168.9662030625905,783.8003703139906,2.012001438247579e-05,15608.560882807622
central,low,improved_pue,two,transition,Q10,33.7358223188414,6.397676856157081,0.0,4985.032077756474,1728.7461861643126,4.538927505691855e-05,34999.955955447505
central,low,improved_pue,two,transition,Q11,50.39896443068286,10.176396208054154,0.0,8252.281408047938,2804.3607467136962,7.435671385221716e-05,57120.44705760731
central,low,improved_pue,two,transition,Q12,68.66902961503199,14.761447761816775,0.0,12078.428349833197,4027.089234953666,0.00010774537190851911,82456.44407099302
central,low,improved_pue,two,transition,Q13,84.69094200674004,20.315416769463003,0.0,16407.87796866129,5359.331640538048,0.00014482730516550028,110386.05466688295
central,low,improved_pue,two,transition,Q14,110.3686796043157,26.78178113366057,0.0,21327.596924125435,6852.960065997983,0.000186549690171658,141664.3618865893
central,low,improved_pue,two,transition,Q15,137.73421289136306,34.99427042781742,0.0,27030.681677265362,8528.161355442591,0.0002341103623614342,177062.98232173634
central,low,improved_pue,two,transition,Q16,171.40852545568106,44.934316038680024,0.0,33594.365473366954,10405.980176727599,0.00028806454034769165,216959.1097046524
central,low,improved_pue,two,transition,Q17,251.68892991729348,56.96946187301653,0.0,42180.61481285724,12895.738881529132,0.00035859684400763037,269034.04248809785
central,low,improved_pue,two,transition,Q18,303.07690478067076,70.75409610140153,0.0,53043.20627055688,15799.503475471332,0.00044488455150296774,331887.40792192396
central,low,improved_pue,two,transition,Q19,363.72493802709823,86.60387088544384,0.0,65492.995583024516,19024.587956290765,0.0005422096921218736,402245.43393001927
central,low,improved_pue,two,transition,Q20,428.7087669228629,105.69806226544395,0.0,79698.86206437528,22569.150477786716,0.0006512984416539544,480432.1878627819
central,low,improved_pue,two,transition,Q21,504.1050558051072,128.83795761942164,0.0,95759.6481286732,26443.82850657281,0.0007726175866172812,566663.0312972628
central,low,improved_pue,two,transition,Q22,597.3727444327023,156.51591673228867,0.0,114014.4615115895,30712.82773372857,0.0009083766055735421,662371.3511331164
central,low,improved_pue,two,transition,Q23,702.9144178400621,189.87319194993563,0.0,134779.24617481476,35387.990987906545,0.0010601051577200685,768347.7608013125
central,low,improved_pue,two,transition,Q24,828.6398692538792,229.60971172087994,0.0,158405.36827979313,40520.194152971875,0.0012298558237938957,885822.9343459052
central,low,advanced_coolant,single,steady,Q01,0.0,0.0,0.0,0.0,0.0,0.0,0.0
central,low,advanced_coolant,single,steady,Q02,0.0,0.0,0.0,0.0,0.0,0.0,0.0
central,low,advanced_coolant,single,steady,Q03,0.0,0.0,0.0,0.0,0.0,0.0,0.0
central,low,advanced_coolant,single,steady,Q04,0.0,0.0,0.0,0.0,0.0,0.0,0.0
central,low,advanced_coolant,single,steady,Q05,0.0,0.0,0.0,0.0,0.0,0.0,0.0
central,low,advanced_coolant,single,steady,Q06,0.0,0.0,0.0,0.0,0.0,0.0,0.0
central,low,advanced_coolant,single,steady,Q07,0.0,0.0,0.0,0.0,0.0,0.0,0.0
central,low,advanced_coolant,single,steady,Q08,0.0,0.0,0.0,0.0,0.0,0.0,0.0
central,low,advanced_coolant,single,steady,Q09,18.528890019499645,2.9666568638519037,0.0,4751.068825756141,1938.968638773382,4.791093262658993e-05,38393.961690758384
central,low,advanced_coolant,single,steady,Q10,28.484958176092693,6.251807231703163,0.0,10993.913656402821,4457.661282529166,0.0001105713537998671,88552.26745090293
central,low,advanced_coolant,single,steady,Q11,42.01721337239351,9.876655878359967,0.0,18325.302397544638,7419.093713701823,0.00018419213480167784,147492.14672719676
central,low,advanced_coolant,single,steady,Q12,56.546179226370825,14.185041403893521,0.0,27016.79668505682,10926.903553177417,0.0002714407408491345,217336.2222720014
central,low,advanced_coolant,single,steady,Q13,68.90571941285833,19.301267961015984,0.0,36974.530808361415,14937.274396150793,0.0003713164351514814,297270.86719495355
central,low,advanced_coolant,single,steady,Q14,88.6463494087326,25.114899727924588,0.0,48433.11672994879,19563.096840660946,0.0004863552432849418,389363.4353264046
central,low,advanced_coolant,single,steady,Q15,109.21312091431656,32.394258575192346,0.0,61886.54742966348,24989.242342981623,0.0006213736793006729,497438.61314847006
central,low,advanced_coolant,single,steady,Q16,134.09302369174475,41.089926029866916,0.0,77571.19442294518,31317.208779576493,0.0007788047039635851,623456.8654875455
central,low,advanced_coolant,single,steady,Q17,193.2447197758292,51.478651862724,0.0,98358.95598171109,39755.81115816745,0.0009879692407312544,790993.9355085187
central,low,advanced_coolant,single,steady,Q18,229.55365985608586,63.19537168684005,0.0,125008.51369126752,50494.110482062606,0.001255308163826665,1004975.159585696
central,low,advanced_coolant,single,steady,Q19,271.5655807324334,76.44383954966582,0.0,155964.74657632213,62967.251711768564,0.0015658432157733663,1253531.503422974
central,low,advanced_coolant,single,steady,Q20,315.5117667825861,92.02882103026478,0.0,191771.31414575412,77385.56360238197,0.0019249436650034953,1540940.8926068358
central,low,advanced_coolant,single,steady,Q21,365.4626031489091,110.5145885266605,0.0,232815.5451989599,93912.40058014513,0.0023365698499378438,1870386.1865972904
central,low,advanced_coolant,single,steady,Q22,426.1067489034641,132.15583113488486,0.0,280123.7939659542,112967.80899975607,0.00281108163294896,2250173.265861377
central,low,advanced_coolant,single,steady,Q23,493.16026860064676,157.7885064191842,0.0,334705.5136521462,134947.4202512694,0.003358496226957667,2688296.2571212784
central,low,advanced_coolant,single,steady,Q24,571.3292978919598,187.8067531783849,0.0,397708.5059320883,160319.96434520846,0.003990389712810506,3194033.6671804376
central,low,advanced_coolant,single,transition,Q01,0.0,0.0,0.0,0.0,0.0,0.0,0.0
central,low,advanced_coolant,single,transition,Q02,0.0,0.0,0.0,0.0,0.0,0.0,0.0
central,low,advanced_coolant,single,transition,Q03,0.0,0.0,0.0,0.0,0.0,0.0,0.0
central,low,advanced_coolant,single,transition,Q04,0.0,0.0,0.0,0.0,0.0,0.0,0.0
central,low,advanced_coolant,single,transition,Q05,0.0,0.0,0.0,0.0,0.0,0.0,0.0
central,low,advanced_coolant,single,transition,Q06,0.0,0.0,0.0,0.0,0.0,0.0,0.0
central,low,advanced_coolant,single,transition,Q07,0.0,0.0,0.0,0.0,0.0,0.0,0.0
central,low,advanced_coolant,single,transition,Q08,0.0,0.0,0.0,0.0,0.0,0.0,0.0
central,low,advanced_coolant,single,transition,Q09,18.528890019499645,2.9666568638519037,0.0,4751.068825756141,1608.459503068607,4.295329559101831e-05,33105.815519481985
central,low,advanced_coolant,single,transition,Q10,28.484958176092693,6.251807231703163,0.0,10993.913656402821,3638.58168181726,9.828515978918851e-05,75446.99383951243
central,low,advanced_coolant,single,transition,Q11,42.01721337239351,9.876655878359967,0.0,18325.302397544638,5962.502048542802,0.00016234325982429252,124186.68008465244
central,low,advanced_coolant,single,transition,Q12,56.546179226370825,14.185041403893521,0.0,27016.79668505682,8638.951564865056,0.0002371214610244491,180728.99045900366
central,low,advanced_coolant,single,transition,Q13,68.90571941285833,19.301267961015984,0.0,36974.530808361415,11610.25449931969,0.0003214111366990149,244038.54884565595
central,low,advanced_coolant,single,transition,Q14,88.6463494087326,25.114899727924588,0.0,48433.11672994879,14940.758535302575,0.0004170201687045662,315406.0224406707
central,low,advanced_coolant,single,transition,Q15,109.21312091431656,32.394258575192346,0.0,61886.54742966348,18729.095082875378,0.0005274714703990792,397276.2569867702
central,low,advanced_coolant,single,transition,Q16,134.09302369174475,41.089926029866916,0.0,77571.19442294518,23011.237998607416,0.000654215142249049,490561.3329920404
central,low,advanced_coolant,single,transition,Q17,193.2447197758292,51.478651862724,0.0,98358.95598171109,28557.630073370074,0.0008199965244592938,611823.0381517608
central,low,advanced_coolant,single,transition,Q18,229.55365985608586,63.19537168684005,0.0,125008.51369126752,35356.42956193949,0.0010282429500248185,762772.2648637262
central,low,advanced_coolant,single,transition,Q19,271.5655807324334,76.44383954966582,0.0,155964.74657632213,42984.24738354994,0.0012660981508500874,933803.4341714762
central,low,advanced_coolant,single,transition,Q20,315.5117667825861,92.02882103026478,0.0,191771.31414575412,51486.69158877892,0.00153646058479945,1126558.9403891875
central,low,advanced_coolant,single,transition,Q21,365.4626031489091,110.5145885266605,0.0,232815.5451989599,60875.40142685412,0.0018410148626384789,1341794.2001446348
central,low,advanced_coolant,single,transition,Q22,426.1067489034641,132.15583113488486,0.0,280123.7939659542,71291.91224553567,0.0021859431816356545,1583358.917793851
central,low,advanced_coolant,single,transition,Q23,493.16026860064676,157.7885064191842,0.0,334705.5136521462,82829.80320925574,0.0025767319713274625,1854414.3844490603
central,low,advanced_coolant,single,transition,Q24,571.3292978919598,187.8067531783849,0.0,397708.5059320883,95601.74884720639,0.0030196164803404754,2158542.2192124045
central,low,advanced_coolant,two,steady,Q01,0.0,0.0,0.0,0.0,0.0,0.0,0.0
central,low,advanced_coolant,two,steady,Q02,0.0,0.0,0.0,0.0,0.0,0.0,0.0
central,low,advanced_coolant,two,steady,Q03,0.0,0.0,0.0,0.0,0.0,0.0,0.0
central,low,advanced_coolant,two,steady,Q04,0.0,0.0,0.0,0.0,0.0,0.0,0.0
central,low,advanced_coolant,two,steady,Q05,0.0,0.0,0.0,0.0,0.0,0.0,0.0
central,low,advanced_coolant,two,steady,Q06,0.0,0.0,0.0,0.0,0.0,0.0,0.0
central,low,advanced_coolant,two,steady,Q07,0.0,0.0,0.0,0.0,0.0,0.0,0.0
central,low,advanced_coolant,two,steady,Q08,0.0,0.0,0.0,0.0,0.0,0.0,0.0
central,low,advanced_coolant,two,steady,Q09,19.015150187432052,2.9666568638519033,0.0,2375.5344128780735,1009.4842083614144,2.4370298487361474e-05,19596.97973512644
central,low,advanced_coolant,two,steady,Q10,29.521773196435987,6.251807231703163,0.0,5496.956828201417,2292.036906293652,5.5948998586382793e-05,44908.19637574219
central,low,advanced_coolant,two,steady,Q11,43.701796449589914,9.876655878359967,0.0,9162.65119877233,3803.5733607664715,9.308571571938639e-05,74686.33840275403
central,low,advanced_coolant,two,steady,Q12,58.97801426601103,14.185041403893521,0.0,13508.398342528424,5590.932160862323,0.000137066099474323,109942.91497873692
central,low,advanced_coolant,two,steady,Q13,72.15241389790566,19.301267961015984,0.0,18487.26540418073,7625.839354336771,0.0001873267454781597,150207.4551600906
central,low,advanced_coolant,two,steady,Q14,92.8441460120707,25.114899727924588,0.0,24216.558364974422,9983.991958821925,0.0002453276315260252,196706.15304811695
central,low,advanced_coolant,two,steady,Q15,114.49025988507547,32.394258575192346,0.0,30943.273714831772,12745.07595951933,0.00031335335882349787,251223.8544545204
central,low,advanced_coolant,two,steady,Q16,140.60649845915336,41.089926029866916,0.0,38785.597211472625,15966.875824488912,0.00039269051595894886,314811.1470907796
central,low,advanced_coolant,two,steady,Q17,201.48781130366956,51.478651862724,0.0,49179.47799085559,20314.86361915029,0.0004986115940256068,399866.5481549252
central,low,advanced_coolant,two,steady,Q18,239.76402233269675,63.19537168684005,0.0,62504.25684563382,25768.39133401675,0.0006331834197016218,507700.94072270277
central,low,advanced_coolant,two,steady,Q19,284.0217383222594,76.44383954966582,0.0,77982.37328816115,32102.347409893486,0.0007894910426245244,632952.9672515794
central,low,advanced_coolant,two,steady,Q20,330.4852724396458,92.02882103026478,0.0,95885.65707287716,39414.7402622425,0.0009701515612174151,777690.0309139336
central,low,advanced_coolant,two,steady,Q21,383.25446966873506,110.5145885266605,0.0,116407.77259948009,47795.75839019323,0.001177233078912763,943588.6742998527
central,low,advanced_coolant,two,steady,Q22,447.09313635214505,132.15583113488486,0.0,140061.89698297725,57465.1550755985,0.0014160141013873605,1134899.138687894
central,low,advanced_coolant,two,steady,Q23,517.7386318943932,157.7885064191842,0.0,167352.75682607328,68612.66000592688,0.0016914265548138528,1355537.627363562
central,low,advanced_coolant,two,steady,Q24,599.9628913454429,187.8067531783849,0.0,198854.25296604435,81482.44492533787,0.002009358517698483,1610241.461117556
central,low,advanced_coolant,two,transition,Q01,0.0,0.0,0.0,0.0,0.0,0.0,0.0
central,low,advanced_coolant,two,transition,Q02,0.0,0.0,0.0,0.0,0.0,0.0,0.0
central,low,advanced_coolant,two,transition,Q03,0.0,0.0,0.0,0.0,0.0,0.0,0.0
central,low,advanced_coolant,two,transition,Q04,0.0,0.0,0.0,0.0,0.0,0.0,0.0
central,low,advanced_coolant,two,transition,Q05,0.0,0.0,0.0,0.0,0.0,0.0,0.0
central,low,advanced_coolant,two,transition,Q06,0.0,0.0,0.0,0.0,0.0,0.0,0.0
central,low,advanced_coolant,two,transition,Q07,0.0,0.0,0.0,0.0,0.0,0.0,0.0
central,low,advanced_coolant,two,transition,Q08,0.0,0.0,0.0,0.0,0.0,0.0,0.0
central,low,advanced_coolant,two,transition,Q09,19.015150187432052,2.9666568638519033,0.0,2375.5344128780735,844.2296405090269,2.189147996957566e-05,16952.906649488235
central,low,advanced_coolant,two,transition,Q10,29.521773196435987,6.251807231703163,0.0,5496.956828201417,1882.4971059376985,4.9805901581043493e-05,38355.55957004693
central,low,advanced_coolant,two,transition,Q11,43.701796449589914,9.876655878359967,0.0,9162.65119877233,3075.27752818696,8.216127823069372e-05,63033.605081481845
central,low,advanced_coolant,two,transition,Q12,58.97801426601103,14.185041403893521,0.0,13508.398342528424,4446.956166706142,0.00011990645956198027,91639.29907223802
central,low,advanced_coolant,two,transition,Q13,72.15241389790566,19.301267961015984,0.0,18487.26540418073,5962.3294059212185,0.00016237409625192642,123591.29598544177
central,low,advanced_coolant,two,transition,Q14,92.8441460120707,25.114899727924588,0.0,24216.558364974422,7672.822806142738,0.00021066009423583741,159727.44660524995
central,low,advanced_coolant,two,transition,Q15,114.49025988507547,32.394258575192346,0.0,30943.273714831772,9615.002329466204,0.00026640225437270096,201142.67637367037
central,low,advanced_coolant,two,transition,Q16,140.60649845915336,41.089926029866916,0.0,38785.597211472625,11813.89043400437,0.00033039573510168074,248363.38084302694
central,low,advanced_coolant,two,transition,Q17,201.48781130366956,51.478651862724,0.0,49179.47799085559,14715.773076751595,0.00041462523588962647,310281.09947654617
central,low,advanced_coolant,two,transition,Q18,239.76402233269675,63.19537168684005,0.0,62504.25684563382,18199.550873955188,0.0005196508128006984,386599.4933617178
central,low,advanced_coolant,two,transition,Q19,284.0217383222594,76.44383954966582,0.0,77982.37328816115,22110.84524578417,0.0006396185101628846,473088.9326258304
central,low,advanced_coolant,two,transition,Q20,330.4852724396458,92.02882103026478,0.0,95885.65707287716,26465.304255440973,0.0007759100211153921,570499.0548051093
central,low,advanced_coolant,two,transition,Q21,383.25446966873506,110.5145885266605,0.0,116407.77259948009,31277.25881354772,0.00092945558526308,679292.6810735245
central,low,advanced_coolant,two,transition,Q22,447.09313635214505,132.15583113488486,0.0,140061.89698297725,36627.206698488284,0.001103444875730707,801491.9646541306
central,low,advanced_coolant,two,transition,Q23,517.7386318943932,157.7885064191842,0.0,167352.75682607328,42553.85148492004,0.0013005444269987498,938596.6910274525
central,low,advanced_coolant,two,transition,Q24,599.9628913454429,187.8067531783849,0.0,198854.25296604435,49123.337176336805,0.0015239719014634669,1092495.7371335393
central,low,coolant_recovery,single,steady,Q01,0.0,0.0,0.0,0.0,0.0,0.0,0.0
central,low,coolant_recovery,single,steady,Q02,0.0,0.0,0.0,0.0,0.0,0.0,0.0
central,low,coolant_recovery,single,steady,Q03,0.0,0.0,0.0,0.0,0.0,0.0,0.0
central,low,coolant_recovery,single,steady,Q04,0.0,0.0,0.0,0.0,0.0,0.0,0.0
central,low,coolant_recovery,single,steady,Q05,0.0,0.0,0.0,0.0,0.0,0.0,0.0
central,low,coolant_recovery,single,steady,Q06,0.0,0.0,0.0,0.0,0.0,0.0,0.0
central,low,coolant_recovery,single,steady,Q07,0.0,0.0,0.0,0.0,0.0,0.0,0.0
central,low,coolant_recovery,single,steady,Q08,0.0,0.0,0.0,0.0,0.0,0.0,0.0
central,low,coolant_recovery,single,steady,Q09,19.282080899075606,1.222370358077583,1.7958280569287945,4751.068825756141,1940.0254250577477,4.7919117273576226e-05,38406.64229249254
central,low,coolant_recovery,single,steady,Q10,28.782821214355923,2.5910591267436187,3.806617729413464,10993.913656402821,4457.322309313075,0.00011056309544857932,88553.35609254133
central,low,coolant_recovery,single,steady,Q11,42.46508258759921,4.121440464261934,6.054955743792222,18325.302397544638,7418.536539894312,0.00018417915741856915,147493.69846646732
central,low,coolant_recovery,single,steady,Q12,57.148839049591544,5.978386343535796,8.783061418280981,27016.79668505682,10926.072147980332,0.0002714223925621617,217338.24123346386
central,low,coolant_recovery,single,steady,Q13,68.91783738408596,8.227743791632518,12.087672977830486,36974.530808361415,14934.60602835628,0.0003712770462279053,297258.4043087471
central,low,coolant_recovery,single,steady,Q14,89.62176228019051,10.846621359132534,15.935159774528039,48433.11672994879,19561.662976578176,0.00048632580499265084,389367.84393237054
central,low,coolant_recovery,single,steady,Q15,110.80071216000859,14.172679523266059,20.821590904551364,61886.54742966348,24988.205933806934,0.0006213456952815649,497452.74504602276
central,low,coolant_recovery,single,steady,Q16,137.0432094245985,18.198397995665417,26.735918043014617,77571.19442294518,31317.95419127051,0.0007787920625040356,623495.7736257128
central,low,coolant_recovery,single,steady,Q17,207.97539724223225,23.072632058571703,33.896829814444835,98358.95598171109,39779.0452278604,0.0009881791871990966,791266.1548287594
central,low,coolant_recovery,single,steady,Q18,248.63244949014756,28.655408921067625,42.09868718033391,125008.51369126752,50524.90365340203,0.0012555919793280435,1005332.6191663613
central,low,coolant_recovery,single,steady,Q19,296.91209827035254,35.07456770860477,51.52930317683909,155964.74657632213,63009.38465284782,0.0015662395669538134,1254013.4555433865
central,low,coolant_recovery,single,steady,Q20,347.1854703519009,42.80771521750482,62.89034704793916,191771.31414575412,77439.09818533136,0.0019254548712346834,1541550.2270799158
central,low,coolant_recovery,single,steady,Q21,404.9954342760054,52.17937283586579,76.65858478355588,232815.5451989599,93980.33594862062,0.002337228087255146,1871155.7268523793
central,low,coolant_recovery,single,steady,Q22,477.3805916446334,63.38894627657694,93.12697045571176,280123.7939659542,113057.88547115175,0.002811967246663764,2251183.5917170467
central,low,coolant_recovery,single,steady,Q23,558.0088406735938,76.89864273972395,112.97454921021169,334705.5136521462,135063.25471044853,0.0033596488559341567,2689587.5129474346
central,low,coolant_recovery,single,steady,Q24,654.2449960071922,92.9919332469564,136.61777847392358,397708.5059320883,160470.5336911141,0.00399190351256452,3195700.0874376986
central,low,coolant_recovery,single,transition,Q01,0.0,0.0,0.0,0.0,0.0,0.0,0.0
central,low,coolant_recovery,single,transition,Q02,0.0,0.0,0.0,0.0,0.0,0.0,0.0
central,low,coolant_recovery,single,transition,Q03,0.0,0.0,0.0,0.0,0.0,0.0,0.0
central,low,coolant_recovery,single,transition,Q04,0.0,0.0,0.0,0.0,0.0,0.0,0.0
central,low,coolant_recovery,single,transition,Q05,0.0,0.0,0.0,0.0,0.0,0.0,0.0
central,low,coolant_recovery,single,transition,Q06,0.0,0.0,0.0,0.0,0.0,0.0,0.0
central,low,coolant_recovery,single,transition,Q07,0.0,0.0,0.0,0.0,0.0,0.0,0.0
central,low,coolant_recovery,single,transition,Q08,0.0,0.0,0.0,0.0,0.0,0.0,0.0
central,low,coolant_recovery,single,transition,Q09,19.282080899075606,1.222370358077583,1.7958280569287945,4751.068825756141,1609.5162893529728,4.296148023800461e-05,33118.49612121614
central,low,coolant_recovery,single,transition,Q10,28.782821214355923,2.5910591267436187,3.806617729413464,10993.913656402821,3638.242708601168,9.827690143790073e-05,75448.08248115084
central,low,coolant_recovery,single,transition,Q11,42.46508258759921,4.121440464261934,6.054955743792222,18325.302397544638,5961.944874735292,0.00016233028244118386,124188.23182392298
central,low,coolant_recovery,single,transition,Q12,57.148839049591544,5.978386343535796,8.783061418280981,27016.79668505682,8638.120159667973,0.00023710311273747632,180731.0094204661
central,low,coolant_recovery,single,transition,Q13,68.91783738408596,8.227743791632518,12.087672977830486,36974.530808361415,11607.586131525179,0.0003213717477754388,244026.08595944947
central,low,coolant_recovery,single,transition,Q14,89.62176228019051,10.846621359132534,15.935159774528039,48433.11672994879,14939.324671219809,0.0004169907304122753,315410.4310466366
central,low,coolant_recovery,single,transition,Q15,110.80071216000859,14.172679523266059,20.821590904551364,61886.54742966348,18728.058673700692,0.0005274434863799713,397290.38888432283
central,low,coolant_recovery,single,transition,Q16,137.0432094245985,18.198397995665417,26.735918043014617,77571.19442294518,23011.98341030144,0.0006542025007894996,490600.24113020767
central,low,coolant_recovery,single,transition,Q17,207.97539724223225,23.072632058571703,33.896829814444835,98358.95598171109,28580.86414306303,0.000820206470927136,612095.2574720015
central,low,coolant_recovery,single,transition,Q18,248.63244949014756,28.655408921067625,42.09868718033391,125008.51369126752,35387.222733278926,0.001028526765526197,763129.7244443917
central,low,coolant_recovery,single,transition,Q19,296.91209827035254,35.07456770860477,51.52930317683909,155964.74657632213,43026.380324629215,0.0012664945020305343,934285.3862918888
central,low,coolant_recovery,single,transition,Q20,347.1854703519009,42.80771521750482,62.89034704793916,191771.31414575412,51540.22617172834,0.001536971791030638,1127168.2748622675
central,low,coolant_recovery,single,transition,Q21,404.9954342760054,52.17937283586579,76.65858478355588,232815.5451989599,60943.33679532964,0.001841673099955781,1342563.7403997236
central,low,coolant_recovery,single,transition,Q22,477.3805916446334,63.38894627657694,93.12697045571176,280123.7939659542,71381.98871693137,0.002186828795350458,1584369.243649521
central,low,coolant_recovery,single,transition,Q23,558.0088406735938,76.89864273972395,112.97454921021169,334705.5136521462,82945.6376684349,0.0025778846003039514,1855705.640275217
central,low,coolant_recovery,single,transition,Q24,654.2449960071922,92.9919332469564,136.61777847392358,397708.5059320883,95752.31819311206,0.0030211302800944887,2160208.639469666
central,low,coolant_recovery,two,steady,Q01,0.0,0.0,0.0,0.0,0.0,0.0,0.0
central,low,coolant_recovery,two,steady,Q02,0.0,0.0,0.0,0.0,0.0,0.0,0.0
central,low,coolant_recovery,two,steady,Q03,0.0,0.0,0.0,0.0,0.0,0.0,0.0
central,low,coolant_recovery,two,steady,Q04,0.0,0.0,0.0,0.0,0.0,0.0,0.0
central,low,coolant_recovery,two,steady,Q05,0.0,0.0,0.0,0.0,0.0,0.0,0.0
central,low,coolant_recovery,two,steady,Q06,0.0,0.0,0.0,0.0,0.0,0.0,0.0
central,low,coolant_recovery,two,steady,Q07,0.0,0.0,0.0,0.0,0.0,0.0,0.0
central,low,coolant_recovery,two,steady,Q08,0.0,0.0,0.0,0.0,0.0,0.0,0.0
central,low,coolant_recovery,two,steady,Q09,19.815787179118107,1.222370358077583,1.795828056928794,2375.5344128780735,1011.2117261242932,2.4383998841204226e-05,19617.42402109098
central,low,coolant_recovery,two,steady,Q10,29.929204589427936,2.591059126743618,3.806617729413463,5496.956828201417,2291.857151533701,5.593989811009298e-05,44913.11638884165
central,low,coolant_recovery,two,steady,Q11,44.34400868689064,4.121440464261932,6.054955743792221,9162.65119877233,3803.3206291214915,9.307207993538622e-05,74694.49630232269
central,low,coolant_recovery,two,steady,Q12,59.88596819675101,5.978386343535793,8.78306141828098,13508.398342528424,5590.600935389257,0.00013704773586708935,109955.10224415617
central,low,coolant_recovery,two,steady,Q13,72.60326902890957,8.227743791632516,12.087672977830483,18487.26540418073,7623.153014124333,0.00018728082420758874,150201.92294557416
central,low,coolant_recovery,two,steady,Q14,94.43351982978768,10.84662135913253,15.935159774528035,24216.558364974422,9983.683045536553,0.0002453018929159766,196731.18478545354
central,low,coolant_recovery,two,steady,Q15,116.91262198681171,14.172679523266055,20.82159090455136,30943.273714831772,12746.025658325438,0.0003133364259205171,251270.09542653064
central,low,coolant_recovery,two,steady,Q16,144.67260741266648,18.198397995665413,26.73591804301461,38785.597211472625,15971.341711691925,0.00039270503146624435,314902.98699465033
central,low,coolant_recovery,two,steady,Q17,217.79210010284868,23.0726320585717,33.89682981444483,49179.47799085559,20354.435557688048,0.0004989737220673533,400322.0854752695
central,low,coolant_recovery,two,steady,Q18,260.9782176003369,28.655408921067625,42.0986871803339,62504.25684563382,25820.98730792664,0.0006336732051226968,508301.1922627081
central,low,coolant_recovery,two,steady,Q19,312.1956348502592,35.07456770860476,51.52930317683908,77982.37328816115,32174.02895848264,0.000790170390764897,633760.7168019006
central,low,coolant_recovery,two,steady,Q20,365.81841987492373,42.80771521750481,62.890347047939144,95885.65707287716,39506.02046826451,0.0009710281538801756,778713.8159395325
central,low,coolant_recovery,two,steady,Q21,427.44647102155136,52.17937283586577,76.65858478355587,116407.77259948009,47911.638953583664,0.0011783602099954874,944882.7597892573
central,low,coolant_recovery,two,steady,Q22,504.2457739769906,63.38894627657692,93.12697045571174,140061.89698297725,57617.906167343084,0.0014175188858060756,1136590.9913179087
central,low,coolant_recovery,two,steady,Q23,589.9398686298505,76.89864273972393,112.97454921021168,167352.75682607328,68808.46968868315,0.0016933760782184616,1357695.091042672
central,low,coolant_recovery,two,steady,Q24,692.0220907799556,92.99193324695638,136.61777847392355,198854.25296604435,81735.72944815422,0.0020119035223690814,1613015.3965430267
central,low,coolant_recovery,two,transition,Q01,0.0,0.0,0.0,0.0,0.0,0.0,0.0
central,low,coolant_recovery,two,transition,Q02,0.0,0.0,0.0,0.0,0.0,0.0,0.0
central,low,coolant_recovery,two,transition,Q03,0.0,0.0,0.0,0.0,0.0,0.0,0.0
central,low,coolant_recovery,two,transition,Q04,0.0,0.0,0.0,0.0,0.0,0.0,0.0
central,low,coolant_recovery,two,transition,Q05,0.0,0.0,0.0,0.0,0.0,0.0,0.0
central,low,coolant_recovery,two,transition,Q06,0.0,0.0,0.0,0.0,0.0,0.0,0.0
central,low,coolant_recovery,two,transition,Q07,0.0,0.0,0.0,0.0,0.0,0.0,0.0
central,low,coolant_recovery,two,transition,Q08,0.0,0.0,0.0,0.0,0.0,0.0,0.0
central,low,coolant_recovery,two,transition,Q09,19.815787179118107,1.222370358077583,1.795828056928794,2375.5344128780735,845.9571582719057,2.1905180323418413e-05,16973.350935452778
central,low,coolant_recovery,two,transition,Q10,29.929204589427936,2.591059126743618,3.806617729413463,5496.956828201417,1882.3173511777477,4.979680110475368e-05,38360.479583146385
central,low,coolant_recovery,two,transition,Q11,44.34400868689064,4.121440464261932,6.054955743792221,9162.65119877233,3075.0247965419803,8.214764244669355e-05,63041.7629810505
central,low,coolant_recovery,two,transition,Q12,59.88596819675101,5.978386343535793,8.78306141828098,13508.398342528424,4446.624941233075,0.00011988809595474663,91651.48633765726
central,low,coolant_recovery,two,transition,Q13,72.60326902890957,8.227743791632516,12.087672977830483,18487.26540418073,5959.64306570878,0.00016232817498135546,123585.76377092533
central,low,coolant_recovery,two,transition,Q14,94.43351982978768,10.84662135913253,15.935159774528035,24216.558364974422,7672.513892857364,0.00021063435562578876,159752.47834258655
central,low,coolant_recovery,two,transition,Q15,116.91262198681171,14.172679523266055,20.82159090455136,30943.273714831772,9615.952028272312,0.0002663853214697202,201188.91734568065
central,low,coolant_recovery,two,transition,Q16,144.67260741266648,18.198397995665413,26.73591804301461,38785.597211472625,11818.356321207382,0.0003304102506089762,248455.22074689768
central,low,coolant_recovery,two,transition,Q17,217.79210010284868,23.0726320585717,33.89682981444483,49179.47799085559,14755.345015289353,0.0004149873639313729,310736.6367968904
central,low,coolant_recovery,two,transition,Q18,260.9782176003369,28.655408921067625,42.0986871803339,62504.25684563382,18252.146847865075,0.0005201405982217733,387199.7449017231
central,low,coolant_recovery,two,transition,Q19,312.1956348502592,35.07456770860476,51.52930317683908,77982.37328816115,22182.52679437332,0.0006402978583032572,473896.68217615155
central,low,coolant_recovery,two,transition,Q20,365.81841987492373,42.80771521750481,62.890347047939144,95885.65707287716,26556.584461462982,0.0007767866137781527,571522.839830708
central,low,coolant_recovery,two,transition,Q21,427.44647102155136,52.17937283586577,76.65858478355587,116407.77259948009,31393.139376938154,0.0009305827163458046,680586.7665629291
central,low,coolant_recovery,two,transition,Q22,504.2457739769906,63.38894627657692,93.12697045571174,140061.89698297725,36779.957790232875,0.0011049496601494221,803183.8172841454
central,low,coolant_recovery,two,transition,Q23,589.9398686298505,76.89864273972393,112.97454921021168,167352.75682607328,42749.6611676763,0.0013024939504033587,940754.1547065625
central,low,coolant_recovery,two,transition,Q24,692.0220907799556,92.99193324695638,136.61777847392355,198854.25296604435,49376.621699153155,0.0015265169061340655,1095269.6725590096
central,low,combined_strategy,single,steady,Q01,0.0,0.0,0.0,0.0,0.0,0.0,0.0
central,low,combined_strategy,single,steady,Q02,0.0,0.0,0.0,0.0,0.0,0.0,0.0
central,low,combined_strategy,single,steady,Q03,0.0,0.0,0.0,0.0,0.0,0.0,0.0
central,low,combined_strategy,single,steady,Q04,0.0,0.0,0.0,0.0,0.0,0.0,0.0
central,low,combined_strategy,single,steady,Q05,0.0,0.0,0.0,0.0,0.0,0.0,0.0
central,low,combined_strategy,single,steady,Q06,0.0,0.0,0.0,0.0,0.0,0.0,0.0
central,low,combined_strategy,single,steady,Q07,0.0,0.0,0.0,0.0,0.0,0.0,0.0
central,low,combined_strategy,single,steady,Q08,0.0,0.0,0.0,0.0,0.0,0.0,0.0
central,low,combined_strategy,single,steady,Q09,16.763729185507763,1.2014960298600212,1.7651608339918825,4337.9324061251755,1769.7165007969552,4.373699690428399e-05,35050.971292274946
central,low,combined_strategy,single,steady,Q10,24.765132873229312,2.531981928839781,3.7198253028633816,9970.06415551294,4039.697171928494,0.00010024314535719337,80281.60460639889
central,low,combined_strategy,single,steady,Q11,36.140603124769335,4.000045630735787,5.87661024762418,16504.56281609586,6677.489087326222,0.00016584300897533563,132800.0557967605
central,low,combined_strategy,single,steady,Q12,48.10607959105418,5.7449417685768775,8.440099635316646,24156.856699666365,9763.81321572949,0.00024263778565108418,194275.4884849431
central,low,combined_strategy,single,steady,Q13,57.42146497605383,7.817013524211475,11.48425443680451,32815.75593732253,13247.75598915777,0.0003294517132458521,263754.09452844056
central,low,combined_strategy,single,steady,Q14,73.70298407061748,10.17153438980946,14.94336533811513,42655.19384825083,17218.08536059838,0.0004282156156568665,342819.20942879666
central,low,combined_strategy,single,steady,Q15,89.93853706207712,13.119674722952904,19.27458385223945,54061.363354530666,21815.517449498424,0.0005426569809387909,434423.30389410956
central,low,combined_strategy,single,steady,Q16,109.64451770397393,16.641420042096104,24.448505987770815,67188.73094673382,27108.85471376671,0.0006743904287629432,539872.2338728233
central,low,combined_strategy,single,steady,Q17,162.6149219175084,20.848854004403226,30.62979785832078,84361.22962571435,34087.353132383745,0.0008472532585170572,678354.4848829987
central,low,combined_strategy,single,steady,Q18,191.95241370241604,25.594125533170224,37.60124615366983,106086.41254111363,42840.11425865303,0.0010651802987414203,852791.0295111657
central,low,combined_strategy,single,steady,Q19,226.08149620038222,30.959755017614665,45.48408453205116,130985.99116604886,52872.741473866074,0.0013149586925730963,1052724.890090541
central,low,combined_strategy,single,steady,Q20,260.7546182695786,37.271672517257244,54.757148513007536,159397.72412875033,64312.118759242156,0.0015998871512516732,1280776.504282144
central,low,combined_strategy,single,steady,Q21,299.70642297554616,44.75840835329751,65.75618017336299,191519.29625734617,77244.98259545994,0.0019220214761763487,1538604.3711959526
central,low,combined_strategy,single,steady,Q22,347.4740293782076,53.52311160962837,78.63271952525648,228028.9230231787,91951.78064019159,0.0022882364873444195,1831726.007576425
central,low,combined_strategy,single,steady,Q23,399.27610728123216,63.9043450997696,93.88416131941457,269558.4923496292,108675.9917178627,0.002704761748865381,2165104.338531637
central,low,combined_strategy,single,steady,Q24,459.58427975082077,76.0617350372459,111.745018141139,316810.7365595857,127707.78699629952,0.0031787169921773705,2544452.280928563
central,low,combined_strategy,single,transition,Q01,0.0,0.0,0.0,0.0,0.0,0.0,0.0
central,low,combined_strategy,single,transition,Q02,0.0,0.0,0.0,0.0,0.0,0.0,0.0
central,low,combined_strategy,single,transition,Q03,0.0,0.0,0.0,0.0,0.0,0.0,0.0
central,low,combined_strategy,single,transition,Q04,0.0,0.0,0.0,0.0,0.0,0.0,0.0
central,low,combined_strategy,single,transition,Q05,0.0,0.0,0.0,0.0,0.0,0.0,0.0
central,low,combined_strategy,single,transition,Q06,0.0,0.0,0.0,0.0,0.0,0.0,0.0
central,low,combined_strategy,single,transition,Q07,0.0,0.0,0.0,0.0,0.0,0.0,0.0
central,low,combined_strategy,single,transition,Q08,0.0,0.0,0.0,0.0,0.0,0.0,0.0
central,low,combined_strategy,single,transition,Q09,16.763729185507763,1.2014960298600212,1.7651608339918825,4337.9324061251755,1467.9472899360733,3.921045874137077e-05,30222.663918500843
central,low,combined_strategy,single,transition,Q10,24.765132873229312,2.531981928839781,3.7198253028633816,9970.06415551294,3297.1524328546566,8.910497427108581e-05,68400.8887812175
central,low,combined_strategy,single,transition,Q11,36.140603124769335,4.000045630735787,5.87661024762418,16504.56281609586,5366.727073419088,0.0001461815787667286,111827.86357424635
central,low,combined_strategy,single,transition,Q12,48.10607959105418,5.7449417685768775,8.440099635316646,24156.856699666365,7721.092656437351,0.00021199697726170206,161591.95953626884
central,low,combined_strategy,single,transition,Q13,57.42146497605383,7.817013524211475,11.48425443680451,32815.75593732253,10301.498118110205,0.0002852578451801386,216613.96859167947
central,low,combined_strategy,single,transition,Q14,73.70298407061748,10.17153438980946,14.94336533811513,42655.19384825083,13159.543203967618,0.000367337483307405,277882.5349227044
central,low,combined_strategy,single,transition,Q15,89.93853706207712,13.119674722952904,19.27458385223945,54061.363354530666,16368.398135581421,0.00046095019123003583,347269.3948714374
central,low,combined_strategy,single,transition,Q16,109.64451770397393,16.641420042096104,24.448505987770815,67188.73094673382,19949.47006173625,0.0005669996589824863,425322.07944033586
central,low,combined_strategy,single,transition,Q17,162.6149219175084,20.848854004403226,30.62979785832078,84361.22962571435,24538.75127284295,0.0007040242306239453,525576.8551303459
central,low,combined_strategy,single,transition,Q18,191.95241370241604,25.594125533170224,37.60124615366983,106086.41254111363,30079.963620314084,0.000873778039166336,648628.6192977424
central,low,combined_strategy,single,transition,Q19,226.08149620038222,30.959755017614665,45.48408453205116,130985.99116604886,36215.26548553727,0.001065096552748164,786205.2742772799
central,low,combined_strategy,single,transition,Q20,260.7546182695786,37.271672517257244,54.757148513007536,159397.72412875033,42960.53036838006,0.0012796133253887417,939151.0900283504
central,low,combined_strategy,single,transition,Q21,299.70642297554616,44.75840835329751,65.75618017336299,191519.29625734617,50307.033834407266,0.0015179522447605585,1107597.1910191097
central,low,combined_strategy,single,transition,Q22,347.4740293782076,53.52311160962837,78.63271952525648,228028.9230231787,58346.85655668254,0.0017841626260917836,1294047.2222402801
central,low,combined_strategy,single,transition,Q23,399.27610728123216,63.9043450997696,93.88416131941457,269558.4923496292,67126.28045885878,0.002081516079980322,1500308.9583875742
central,low,combined_strategy,single,transition,Q24,459.58427975082077,76.0617350372459,111.745018141139,316810.7365595857,76707.62689530429,0.0024137145906624417,1728449.7193126392
central,low,combined_strategy,two,steady,Q01,0.0,0.0,0.0,0.0,0.0,0.0,0.0
central,low,combined_strategy,two,steady,Q02,0.0,0.0,0.0,0.0,0.0,0.0,0.0
central,low,combined_strategy,two,steady,Q03,0.0,0.0,0.0,0.0,0.0,0.0,0.0
central,low,combined_strategy,two,steady,Q04,0.0,0.0,0.0,0.0,0.0,0.0,0.0
central,low,combined_strategy,two,steady,Q05,0.0,0.0,0.0,0.0,0.0,0.0,0.0
central,low,combined_strategy,two,steady,Q06,0.0,0.0,0.0,0.0,0.0,0.0,0.0
central,low,combined_strategy,two,steady,Q07,0.0,0.0,0.0,0.0,0.0,0.0,0.0
central,low,combined_strategy,two,steady,Q08,0.0,0.0,0.0,0.0,0.0,0.0,0.0
central,low,combined_strategy,two,steady,Q09,17.24998935344017,1.201496029860021,1.7651608339918823,2168.9662030625905,920.8605692491607,2.2240759100212234e-05,17887.585494449013
central,low,combined_strategy,two,steady,Q10,25.801947893572603,2.531981928839781,3.719825302863381,4985.032077756474,2074.6305407485947,5.069518093127096e-05,40692.998116105126
central,low,combined_strategy,two,steady,Q11,37.82518620196573,4.000045630735787,5.87661024762418,8252.281408047938,3419.46225378258,8.376942279436078e-05,67214.11865868983
central,low,combined_strategy,two,steady,Q12,50.53791463069439,5.744941768576877,8.440099635316644,12078.428349833197,4990.272648846612,0.0001224610665311519,98231.33418127299
central,low,combined_strategy,two,steady,Q13,60.668159461101155,7.8170135242114736,11.484254436804509,16407.87796866129,6755.071692262793,0.00016611741133010447,133202.49512863214
central,low,combined_strategy,two,steady,Q14,77.90078067395558,10.171534389809459,14.943365338115129,21327.596924125435,8777.643891407264,0.0002158974189008918,173113.1972552887
central,low,combined_strategy,two,steady,Q15,95.21567603283604,13.119674722952901,19.274583852239445,27030.681677265362,11114.56224934766,0.0002735301520320028,219302.36317404197
central,low,combined_strategy,two,steady,Q16,116.15799247138257,16.6414200420961,24.44850598777081,33594.365473366954,13807.330116258774,0.00033989373792009923,272493.9074783869
central,low,combined_strategy,two,steady,Q17,170.8580134453488,20.848854004403222,30.629797858320778,42180.61481285724,17411.267122873418,0.00042751488426427816,342889.18306461896
central,low,combined_strategy,two,steady,Q18,202.16277617902696,25.59412553317022,37.60124615366983,53043.20627055688,21856.23745896395,0.000537212633575293,430801.55481213814
central,low,combined_strategy,two,steady,Q19,238.53765379020825,30.959755017614658,45.48408453205116,65492.995583024516,26952.084217149077,0.0006629518119268513,531573.0905351159
central,low,combined_strategy,two,steady,Q20,275.7281239266383,37.27167251725724,54.757148513007536,79698.86206437528,32754.00900433433,0.0008063026907597197,646432.1685629261
central,low,combined_strategy,two,steady,Q21,317.4982894953721,44.758408353297504,65.75618017336299,95759.6481286732,39313.13098981097,0.0009683730076866575,776285.9427307554
central,low,combined_strategy,two,steady,Q22,368.4604168268886,53.523111609628366,78.63271952525648,114014.4615115895,46779.06091336201,0.0011526950924083041,923987.2188026697
central,low,combined_strategy,two,steady,Q23,423.8544705749786,63.90434509976959,93.88416131941457,134779.24617481476,55264.32572682369,0.001362295050700594,1091925.919899236
central,low,combined_strategy,two,steady,Q24,488.217873204304,76.06173503724588,111.745018141139,158405.36827979313,64923.28665097555,0.0016008271304738054,1283051.536719765
central,low,combined_strategy,two,transition,Q01,0.0,0.0,0.0,0.0,0.0,0.0,0.0
central,low,combined_strategy,two,transition,Q02,0.0,0.0,0.0,0.0,0.0,0.0,0.0
central,low,combined_strategy,two,transition,Q03,0.0,0.0,0.0,0.0,0.0,0.0,0.0
central,low,combined_strategy,two,transition,Q04,0.0,0.0,0.0,0.0,0.0,0.0,0.0
central,low,combined_strategy,two,transition,Q05,0.0,0.0,0.0,0.0,0.0,0.0,0.0
central,low,combined_strategy,two,transition,Q06,0.0,0.0,0.0,0.0,0.0,0.0,0.0
central,low,combined_strategy,two,transition,Q07,0.0,0.0,0.0,0.0,0.0,0.0,0.0
central,low,combined_strategy,two,transition,Q08,0.0,0.0,0.0,0.0,0.0,0.0,0.0
central,low,combined_strategy,two,transition,Q09,17.24998935344017,1.201496029860021,1.7651608339918823,2168.9662030625905,769.9759638187196,1.997749001875562e-05,15473.431807561956
central,low,combined_strategy,two,transition,Q10,25.801947893572603,2.531981928839781,3.719825302863381,4985.032077756474,1703.3581712116759,4.512609538821717e-05,34752.64020351443
central,low,combined_strategy,two,transition,Q11,37.82518620196573,4.000045630735787,5.87661024762418,8252.281408047938,2764.081246829012,7.393870769005725e-05,56728.02254743274
central,low,combined_strategy,two,transition,Q12,50.53791463069439,5.744941768576877,8.440099635316644,12078.428349833197,3968.9123692005414,0.00010714066233646083,81889.56970693586
central,low,combined_strategy,two,transition,Q13,60.668159461101155,7.8170135242114736,11.484254436804509,16407.87796866129,5281.942756739008,0.0001440204772972477,109632.4321602516
central,low,combined_strategy,two,transition,Q14,77.90078067395558,10.171534389809459,14.943365338115129,21327.596924125435,6748.37281309188,0.00018545835272616105,140644.86000224255
central,low,combined_strategy,two,transition,Q15,95.21567603283604,13.119674722952901,19.274583852239445,27030.681677265362,8391.002592389154,0.0002326767571776252,175725.40866270592
central,low,combined_strategy,two,transition,Q16,116.15799247138257,16.6414200420961,24.44850598777081,33594.365473366954,10227.637790243538,0.00028619835302987073,215218.83026214316
central,low,combined_strategy,two,transition,Q17,170.8580134453488,20.848854004403222,30.629797858320778,42180.61481285724,12636.966193103011,0.00035590037031772216,266500.36818829254
central,low,combined_strategy,two,transition,Q18,202.16277617902696,25.59412553317022,37.60124615366983,53043.20627055688,15476.162139794465,0.0004415115037877509,328720.3497054265
central,low,combined_strategy,two,transition,Q19,238.53765379020825,30.959755017614658,45.48408453205116,65492.995583024516,18623.346222984655,0.0005380207420143852,398313.2826284853
central,low,combined_strategy,two,transition,Q20,275.7281239266383,37.27167251725724,54.757148513007536,79698.86206437528,22078.21480890326,0.0006461657778282538,475619.4614360292
central,low,combined_strategy,two,transition,Q21,317.4982894953721,44.758408353297504,65.75618017336299,95759.6481286732,25844.15660928461,0.0007663383919787624,560782.3526423338
central,low,combined_strategy,two,transition,Q22,368.4604168268886,53.523111609628366,78.63271952525648,114014.4615115895,29976.59887160746,0.0009006581617819861,655147.826134597
central,low,combined_strategy,two,transition,Q23,423.8544705749786,63.90434509976959,93.88416131941457,134779.24617481476,34489.470097321704,0.0010506722162580645,759528.2298272043
central,low,combined_strategy,two,transition,Q24,488.217873204304,76.06173503724588,111.745018141139,158405.36827979313,39423.20660047789,0.0012183259297163407,875050.2559118026
central,central,baseline,single,steady,Q01,0.0,0.0,0.0,0.0,0.0,0.0,0.0
central,central,baseline,single,steady,Q02,0.0,0.0,0.0,0.0,0.0,0.0,0.0
central,central,baseline,single,steady,Q03,0.0,0.0,0.0,0.0,0.0,0.0,0.0
central,central,baseline,single,steady,Q04,0.0,0.0,0.0,0.0,0.0,0.0,0.0
central,central,baseline,single,steady,Q05,0.0,0.0,0.0,0.0,0.0,0.0,0.0
central,central,baseline,single,steady,Q06,0.0,0.0,0.0,0.0,0.0,0.0,0.0
central,central,baseline,single,steady,Q07,0.0,0.0,0.0,0.0,0.0,0.0,0.0
central,central,baseline,single,steady,Q08,0.0,0.0,0.0,0.0,0.0,0.0,0.0
central,central,baseline,single,steady,Q09,34.689805576075834,4.749636330963949,0.0,7771.062891702141,3180.1795859984904,7.845192139185257e-05,62886.04742679347
central,central,baseline,single,steady,Q10,53.93477543163364,10.140753420027249,0.0,18035.895479348343,7327.298119312618,0.00018153905783631634,145416.56311051955
central,central,baseline,single,steady,Q11,80.62037331622359,16.238184582133734,0.0,30151.96515641,12230.145901487513,0.00030329444087624574,242909.3196405151
central,central,baseline,single,steady,Q12,109.9217520062432,23.706024554188627,0.0,44580.685160173154,18063.970580358844,0.00044824234688739826,358962.446444281
central,central,baseline,single,steady,Q13,135.46102348482134,32.821292870765696,0.0,61177.78556815304,24758.446920666243,0.0006148152890799345,492295.6114792746
central,central,baseline,single,steady,Q14,177.01199271701265,43.53641092389835,0.0,80347.83297455352,32514.92538071738,0.0008074539337091142,646540.5857053879
central,central,baseline,single,steady,Q15,221.22431060647358,57.161684343319706,0.0,102930.15303191237,41643.09067614956,0.0010342976333746862,828151.518889145
central,central,baseline,single,steady,Q16,275.8158903916453,73.68637744994501,0.0,129338.01560679579,52323.68121222658,0.00129963333765029,1040588.8745494488
central,central,baseline,single,steady,Q17,408.19201410198934,93.73814172420498,0.0,164440.92037594097,66639.62124944248,0.0016535104254586915,1324159.8939981887
central,central,baseline,single,steady,Q18,491.55987014350114,116.79433863844498,0.0,209550.97794527933,84861.90808771797,0.0021065089202420475,1686822.9926582968
central,central,baseline,single,steady,Q19,590.2009684731908,143.39851416671775,0.0,262075.53235933394,106082.31413776333,0.00263399332810447,2109125.2708149687
central,central,baseline,single,steady,Q20,695.784816732993,175.56539022288402,0.0,322962.7859839633,130664.46672216276,0.0032452992100765214,2598495.811157481
central,central,baseline,single,steady,Q21,818.5841618403022,214.68176195709376,0.0,392898.51080668496,158903.91352733318,0.003947503608923227,3160633.1785000716
central,central,baseline,single,steady,Q22,971.1793495523606,261.6110106384098,0.0,473661.1605611424,191537.62842888094,0.004758651302708855,3810020.9265333787
central,central,baseline,single,steady,Q23,1143.9443061768052,318.2646373366697,0.0,567005.3467922084,229249.15964790538,0.005696115000418988,4560512.983647888
central,central,baseline,single,steady,Q24,1350.254308291216,385.85976705960934,0.0,674930.2358004949,272865.53282031027,0.0067801660418413704,5428376.271405082
central,central,baseline,single,transition,Q01,0.0,0.0,0.0,0.0,0.0,0.0,0.0
central,central,baseline,single,transition,Q02,0.0,0.0,0.0,0.0,0.0,0.0,0.0
central,central,baseline,single,transition,Q03,0.0,0.0,0.0,0.0,0.0,0.0,0.0
central,central,baseline,single,transition,Q04,0.0,0.0,0.0,0.0,0.0,0.0,0.0
central,central,baseline,single,transition,Q05,0.0,0.0,0.0,0.0,0.0,0.0,0.0
central,central,baseline,single,transition,Q06,0.0,0.0,0.0,0.0,0.0,0.0,0.0
central,central,baseline,single,transition,Q07,0.0,0.0,0.0,0.0,0.0,0.0,0.0
central,central,baseline,single,transition,Q08,0.0,0.0,0.0,0.0,0.0,0.0,0.0
central,central,baseline,single,transition,Q09,34.689805576075834,4.749636330963949,0.0,7771.062891702141,2639.583906575733,7.03429862005112e-05,54236.516556029346
central,central,baseline,single,transition,Q10,53.93477543163364,10.140753420027249,0.0,18035.895479348343,5983.367715639289,0.0001613801017812164,123913.67665174627
central,central,baseline,single,transition,Q11,80.62037331622359,16.238184582133734,0.0,30151.96515641,9832.644221547953,0.00026733191567715237,204549.29276148212
central,central,baseline,single,transition,Q12,109.9217520062432,23.706024554188627,0.0,44580.685160173154,14286.330465276718,0.00039157774516116644,298520.204602967
central,central,baseline,single,transition,Q13,135.46102348482134,32.821292870765696,0.0,61177.78556815304,19248.935458664477,0.000532172617149908,404143.4280872463
central,central,baseline,single,transition,Q14,177.01199271701265,43.53641092389835,0.0,80347.83297455352,24838.365081470343,0.0006923055292204089,523715.6209174352
central,central,baseline,single,transition,Q15,221.22431060647358,57.161684343319706,0.0,102930.15303191237,31217.3783699197,0.0008779119487812386,661340.1219894673
central,central,baseline,single,transition,Q16,275.8158903916453,73.68637744994501,0.0,129338.01560679579,38453.465091881495,0.001091580095845114,818665.4166239275
central,central,baseline,single,transition,Q17,408.19201410198934,93.73814172420498,0.0,164440.92037594097,47885.522726433715,0.0013721989476135604,1024094.3176300484
central,central,baseline,single,transition,Q18,491.55987014350114,116.79433863844498,0.0,209550.97794527933,59439.36627185049,0.0017251707930040357,1280062.3236044173
central,central,baseline,single,transition,Q19,590.2009684731908,143.39851416671775,0.0,262075.53235933394,72438.53771795687,0.0021293366818073735,1570824.8480980657
central,central,baseline,single,transition,Q20,695.784816732993,175.56539022288402,0.0,322962.7859839633,86961.05709480884,0.002589748065666213,1899241.2571198181
central,central,baseline,single,transition,Q21,818.5841618403022,214.68176195709376,0.0,392898.51080668496,103037.76914820157,0.003109511443236253,2266774.868433966
central,central,baseline,single,transition,Q22,971.1793495523606,261.6110106384098,0.0,473661.1605611424,120923.52192067448,0.0036994397050857594,2680195.222402076
central,central,baseline,single,transition,Q23,1143.9443061768052,318.2646373366697,0.0,567005.3467922084,140777.90446940804,0.004369046172741528,3144972.90079193
central,central,baseline,single,transition,Q24,1350.254308291216,385.85976705960934,0.0,674930.2358004949,162809.29984015564,0.0051293225471390515,3667476.543722608
central,central,baseline,two,steady,Q01,0.0,0.0,0.0,0.0,0.0,0.0,0.0
central,central,baseline,two,steady,Q02,0.0,0.0,0.0,0.0,0.0,0.0,0.0
central,central,baseline,two,steady,Q03,0.0,0.0,0.0,0.0,0.0,0.0,0.0
central,central,baseline,two,steady,Q04,0.0,0.0,0.0,0.0,0.0,0.0,0.0
central,central,baseline,two,steady,Q05,0.0,0.0,0.0,0.0,0.0,0.0,0.0
central,central,baseline,two,steady,Q06,0.0,0.0,0.0,0.0,0.0,0.0,0.0
central,central,baseline,two,steady,Q07,0.0,0.0,0.0,0.0,0.0,0.0,0.0
central,central,baseline,two,steady,Q08,0.0,0.0,0.0,0.0,0.0,0.0,0.0
central,central,baseline,two,steady,Q09,35.56483414612771,4.749636330963948,0.0,3885.5314458510747,1664.469308027036,3.999350402785904e-05,32186.81886367466
central,central,baseline,two,steady,Q10,55.819711879754564,10.140753420027247,0.0,9017.94773967418,3782.2437965739564,9.200618005443485e-05,73894.22892443629
central,central,baseline,two,steady,Q11,83.71858101876188,16.23818458213373,0.0,15075.982578205014,6293.7274127748915,0.00015351495598134502,123241.20444056898
central,central,baseline,two,steady,Q12,114.44746565250304,23.706024554188623,0.0,22290.342580086603,9277.25894740779,0.00022669244013875397,181933.95979442433
central,central,baseline,two,steady,Q13,141.57022349365067,32.82129287076569,0.0,30588.892784076554,12684.883753764647,0.00031062835393863656,249204.4086739527
central,central,baseline,two,steady,Q14,185.00855317964044,43.536410923898345,0.0,40173.916487276794,16657.24456264256,0.0004079424676320157,327268.1115755328
central,central,baseline,two,steady,Q15,231.40647090210243,57.1616843433197,0.0,51465.07651595623,21323.12128234629,0.0005224503845517752,419091.5188872878
central,central,baseline,two,steady,Q16,288.55646362653283,73.68637744994501,0.0,64669.00780339795,26788.537295326234,0.0006564520676045247,526561.4041668542
central,central,baseline,two,steady,Q17,424.63017091304687,93.73814172420498,0.0,82220.46018797057,34232.37819422052,0.0008363495791329602,671205.6226940876
central,central,baseline,two,steady,Q18,512.2839206035163,116.79433863844498,0.0,104775.48897263978,43534.64310484529,0.00106487532242408,854448.3869390121
central,central,baseline,two,steady,Q19,615.9149088832547,143.39851416671775,0.0,131037.76617966712,54370.40008414164,0.0013310060867756696,1067855.065560085
central,central,baseline,two,steady,Q20,727.199879279571,175.56539022288402,0.0,161481.39299198182,66905.8308772986,0.0016392634071515488,1314983.8807409136
central,central,baseline,two,steady,Q21,856.5108957509094,214.68176195709376,0.0,196449.25540334271,81310.24617005764,0.001993408107335311,1598899.4833139475
central,central,baseline,two,steady,Q22,1016.6481363881549,261.6110106384098,0.0,236830.58028057148,97978.38477937187,0.002402729412056936,1927106.1689160047
central,central,baseline,two,steady,Q23,1198.0834970013593,318.2646373366697,0.0,283502.67339610454,117234.01832744842,0.002875743208431137,2306350.876858902
central,central,baseline,two,steady,Q24,1414.4153279440675,385.85976705960934,0.0,337465.11790024786,139518.68796922607,0.0034228715353466954,2745047.351293252
central,central,baseline,two,transition,Q01,0.0,0.0,0.0,0.0,0.0,0.0,0.0
central,central,baseline,two,transition,Q02,0.0,0.0,0.0,0.0,0.0,0.0,0.0
central,central,baseline,two,transition,Q03,0.0,0.0,0.0,0.0,0.0,0.0,0.0
central,central,baseline,two,transition,Q04,0.0,0.0,0.0,0.0,0.0,0.0,0.0
central,central,baseline,two,transition,Q05,0.0,0.0,0.0,0.0,0.0,0.0,0.0
central,central,baseline,two,transition,Q06,0.0,0.0,0.0,0.0,0.0,0.0,0.0
central,central,baseline,two,transition,Q07,0.0,0.0,0.0,0.0,0.0,0.0,0.0
central,central,baseline,two,transition,Q08,0.0,0.0,0.0,0.0,0.0,0.0,0.0
central,central,baseline,two,transition,Q09,35.56483414612771,4.749636330963948,0.0,3885.5314458510747,1394.171468315657,3.593903643218836e-05,27862.053428292595
central,central,baseline,two,transition,Q10,55.819711879754564,10.140753420027247,0.0,9017.94773967418,3110.278594737291,8.192670202688488e-05,63142.785695049635
central,central,baseline,two,transition,Q11,83.71858101876188,16.23818458213373,0.0,15075.982578205014,5094.976572805111,0.00013553369338179829,104061.19100105247
central,central,baseline,two,transition,Q12,114.44746565250304,23.706024554188623,0.0,22290.342580086603,7388.438889866728,0.00019836013927563797,151712.8388737673
central,central,baseline,two,transition,Q13,141.57022349365067,32.82129287076569,0.0,30588.892784076554,9930.128022763764,0.0002693070179736233,205128.31697793852
central,central,baseline,two,transition,Q14,185.00855317964044,43.536410923898345,0.0,40173.916487276794,12818.964413019045,0.00035036826538766284,265855.62918155646
central,central,baseline,two,transition,Q15,231.40647090210243,57.1616843433197,0.0,51465.07651595623,16110.265129231362,0.0004442575422550513,335685.8204374489
central,central,baseline,two,transition,Q16,288.55646362653283,73.68637744994501,0.0,64669.00780339795,19853.429235153693,0.0005524254467019366,415599.67520409345
central,central,baseline,two,transition,Q17,424.63017091304687,93.73814172420498,0.0,82220.46018797057,24855.328932716133,0.0006956938402103944,521172.8345100173
central,central,baseline,two,transition,Q18,512.2839206035163,116.79433863844498,0.0,104775.48897263978,30823.372196911543,0.0008742062588050736,651068.052412072
central,central,baseline,two,transition,Q19,615.9149088832547,143.39851416671775,0.0,131037.76617966712,37548.5118742384,0.0010786777636271208,798704.8542016329
central,central,baseline,two,transition,Q20,727.199879279571,175.56539022288402,0.0,161481.39299198182,45054.126063621625,0.001311487834946394,965356.6037220815
central,central,baseline,two,transition,Q21,856.5108957509094,214.68176195709376,0.0,196449.25540334271,53377.1739804918,0.0015744120244918234,1151970.3282808936
central,central,baseline,two,transition,Q22,1016.6481363881549,261.6110106384098,0.0,236830.58028057148,62671.3315252686,0.0018731236132453867,1362193.316850352
central,central,baseline,two,transition,Q23,1198.0834970013593,318.2646373366697,0.0,283502.67339610454,72998.39073819968,0.0022122087945924056,1598580.8354309225
central,central,baseline,two,transition,Q24,1414.4153279440675,385.85976705960934,0.0,337465.11790024786,84490.57147914867,0.002597449787995534,1864597.4874520134
central,central,improved_pue,single,steady,Q01,0.0,0.0,0.0,0.0,0.0,0.0,0.0
central,central,improved_pue,single,steady,Q02,0.0,0.0,0.0,0.0,0.0,0.0,0.0
central,central,improved_pue,single,steady,Q03,0.0,0.0,0.0,0.0,0.0,0.0,0.0
central,central,improved_pue,single,steady,Q04,0.0,0.0,0.0,0.0,0.0,0.0,0.0
central,central,improved_pue,single,steady,Q05,0.0,0.0,0.0,0.0,0.0,0.0,0.0
central,central,improved_pue,single,steady,Q06,0.0,0.0,0.0,0.0,0.0,0.0,0.0
central,central,improved_pue,single,steady,Q07,0.0,0.0,0.0,0.0,0.0,0.0,0.0
central,central,improved_pue,single,steady,Q08,0.0,0.0,0.0,0.0,0.0,0.0,0.0
central,central,improved_pue,single,steady,Q09,34.689805576075834,4.749636330963949,0.0,7095.318292423698,2909.8817462871134,7.169447539906813e-05,57480.09063256592
central,central,improved_pue,single,steady,Q10,53.93477543163364,10.140753420027249,0.0,16355.982474756682,6655.332917475955,0.00016473992779039975,131977.25907378626
central,central,improved_pue,single,steady,Q11,80.62037331622359,16.238184582133734,0.0,27155.08805648554,11031.395061517731,0.00027332566987700124,218934.30284111947
central,central,improved_pue,single,steady,Q12,109.9217520062432,23.706024554188627,0.0,39858.63501632049,16175.150522817781,0.0004010218454488717,321186.0452934598
central,central,improved_pue,single,steady,Q13,135.46102348482134,32.821292870765696,0.0,54290.89624065082,22003.69118966536,0.0005459463958049123,437200.4968592569
central,central,improved_pue,single,steady,Q14,177.01199271701265,43.53641092389835,0.0,70752.1326004947,28676.645231093862,0.0007114969299685263,569774.9827129175
central,central,improved_pue,single,steady,Q15,221.22431060647358,57.161684343319706,0.0,89898.01264912503,36430.234523034625,0.0009039762295468129,723894.3958268464
central,central,improved_pue,single,steady,Q16,275.8158903916453,73.68637744994501,0.0,112000.24545636441,45388.573152054036,0.0011262556361459764,901886.713345998
central,central,improved_pue,single,steady,Q17,408.19201410198934,93.73814172420498,0.0,140998.29722218,57262.57198793809,0.0014190841939210818,1136618.908768101
central,central,improved_pue,single,steady,Q18,491.55987014350114,116.79433863844498,0.0,177772.80067544497,72150.63717978423,0.0017887271475437042,1432597.5744996222
central,central,improved_pue,single,steady,Q19,590.2009684731908,143.39851416671775,0.0,220020.81183457584,89260.4259278601,0.0022134461228568896,1772687.5066169044
central,central,improved_pue,single,steady,Q20,695.784816732993,175.56539022288402,0.0,268333.52394977084,108812.76190848579,0.0026990065897345974,2161461.714883941
central,central,improved_pue,single,steady,Q21,818.5841618403022,214.68176195709376,0.0,323065.8303327704,130970.84133776734,0.0032491768041840816,2601971.7347087553
central,central,improved_pue,single,steady,Q22,971.1793495523606,261.6110106384098,0.0,385393.52742588427,156230.57517477765,0.003875974971356275,3103879.861451314
central,central,improved_pue,single,steady,Q23,1143.9443061768052,318.2646373366697,0.0,456416.27781908674,185013.53205865665,0.004590224310687771,3675800.4318629135
central,central,improved_pue,single,steady,Q24,1350.254308291216,385.85976705960934,0.0,537359.9445753016,217837.41633023287,0.005404463129589437,4327813.941603535
central,central,improved_pue,single,transition,Q01,0.0,0.0,0.0,0.0,0.0,0.0,0.0
central,central,improved_pue,single,transition,Q02,0.0,0.0,0.0,0.0,0.0,0.0,0.0
central,central,improved_pue,single,transition,Q03,0.0,0.0,0.0,0.0,0.0,0.0,0.0
central,central,improved_pue,single,transition,Q04,0.0,0.0,0.0,0.0,0.0,0.0,0.0
central,central,improved_pue,single,transition,Q05,0.0,0.0,0.0,0.0,0.0,0.0,0.0
central,central,improved_pue,single,transition,Q06,0.0,0.0,0.0,0.0,0.0,0.0,0.0
central,central,improved_pue,single,transition,Q07,0.0,0.0,0.0,0.0,0.0,0.0,0.0
central,central,improved_pue,single,transition,Q08,0.0,0.0,0.0,0.0,0.0,0.0,0.0
central,central,improved_pue,single,transition,Q09,34.689805576075834,4.749636330963949,0.0,7095.318292423698,2416.2943868141606,6.429066500697384e-05,49582.69288099868
central,central,improved_pue,single,transition,Q10,53.93477543163364,10.140753420027249,0.0,16355.982474756682,5436.997926342159,0.00014646490292339286,112483.89921564555
central,central,improved_pue,single,transition,Q11,80.62037331622359,16.238184582133734,0.0,27155.08805648554,8874.007411103166,0.00024096485512078276,184416.10043448643
central,central,improved_pue,single,transition,Q12,109.9217520062432,23.706024554188627,0.0,39858.63501632049,12802.640989288568,0.00035043420244593355,267225.89275699237
central,central,improved_pue,single,transition,Q13,135.46102348482134,32.821292870765696,0.0,54290.89624065082,17125.206571858198,0.000472769126537805,359144.7429743423
central,central,improved_pue,single,transition,Q14,177.01199271701265,43.53641092389835,0.0,70752.1326004947,21937.325198695653,0.0006104071294825532,461945.8621945461
central,central,improved_pue,single,transition,Q15,221.22431060647358,57.161684343319706,0.0,89898.01264912503,27360.111702107504,0.0007679243872329062,578772.4306920124
central,central,improved_pue,single,transition,Q16,275.8158903916453,73.68637744994501,0.0,112000.24545636441,33435.550399747866,0.0009469602948613841,710638.3493090993
central,central,improved_pue,single,transition,Q17,408.19201410198934,93.73814172420498,0.0,140998.29722218,41275.037685605406,0.0011792711793860917,880818.3599307779
central,central,improved_pue,single,transition,Q18,491.55987014350114,116.79433863844498,0.0,177772.80067544497,50726.87193218629,0.0014673706688297353,1089817.3305380552
central,central,improved_pue,single,transition,Q19,590.2009684731908,143.39851416671775,0.0,220020.81183457584,61223.928498832975,0.001792898661421483,1324103.5477524705
central,central,improved_pue,single,transition,Q20,695.784816732993,175.56539022288402,0.0,268333.52394977084,72794.16421694818,0.0021587276243615334,1585164.1518193397
central,central,improved_pue,single,transition,Q21,818.5841618403022,214.68176195709376,0.0,323065.8303327704,85433.58166657764,0.002566117909116236,1873375.57996972
central,central,improved_pue,single,transition,Q22,971.1793495523606,261.6110106384098,0.0,385393.52742588427,99311.73603441064,0.003022192384250769,2193178.4352054414
central,central,improved_pue,single,transition,Q23,1143.9443061768052,318.2646373366697,0.0,456416.27781908674,114507.73197350309,0.003532637309410467,2547707.6305004563
central,central,improved_pue,single,transition,Q24,1350.254308291216,385.85976705960934,0.0,537359.9445753016,131142.88289383636,0.004104045128043488,2940701.4066211903
central,central,improved_pue,two,steady,Q01,0.0,0.0,0.0,0.0,0.0,0.0,0.0
central,central,improved_pue,two,steady,Q02,0.0,0.0,0.0,0.0,0.0,0.0,0.0
central,central,improved_pue,two,steady,Q03,0.0,0.0,0.0,0.0,0.0,0.0,0.0
central,central,improved_pue,two,steady,Q04,0.0,0.0,0.0,0.0,0.0,0.0,0.0
central,central,improved_pue,two,steady,Q05,0.0,0.0,0.0,0.0,0.0,0.0,0.0
central,central,improved_pue,two,steady,Q06,0.0,0.0,0.0,0.0,0.0,0.0,0.0
central,central,improved_pue,two,steady,Q07,0.0,0.0,0.0,0.0,0.0,0.0,0.0
central,central,improved_pue,two,steady,Q08,0.0,0.0,0.0,0.0,0.0,0.0,0.0
central,central,improved_pue,two,steady,Q09,35.56483414612771,4.749636330963948,0.0,3547.659146211853,1529.3203881713475,3.661478103146682e-05,29483.840466560887
central,central,improved_pue,two,steady,Q10,55.819711879754564,10.140753420027247,0.0,8177.991237378345,3446.2611956556225,8.36066150314765e-05,67174.5769060696
central,central,improved_pue,two,steady,Q11,83.71858101876188,16.23818458213373,0.0,13577.544028242783,5694.35199279,0.00013853057048172267,111253.69604087112
central,central,improved_pue,two,steady,Q12,114.44746565250304,23.706024554188623,0.0,19929.317508160268,8332.848918637259,0.00020308218941949058,163045.75921901365
central,central,improved_pue,two,steady,Q13,141.57022349365067,32.82129287076569,0.0,27145.44812032545,11307.505888264208,0.0002761939073011255,221656.8513639439
central,central,improved_pue,two,steady,Q14,185.00855317964044,43.536410923898345,0.0,35376.06630024739,14738.104487830804,0.0003599639657617216,288885.31007929763
central,central,improved_pue,two,steady,Q15,231.40647090210243,57.1616843433197,0.0,44949.006324562564,18716.693205788826,0.00045728968263783855,366962.95735613856
central,central,improved_pue,two,steady,Q16,288.55646362653283,73.68637744994501,0.0,56000.12272818227,23320.98326523997,0.0005697632168523679,457210.32356512884
central,central,improved_pue,two,steady,Q17,424.63017091304687,93.73814172420498,0.0,70499.14861109012,29543.853563468343,0.0007191364633641556,577435.1300790439
central,central,improved_pue,two,steady,Q18,512.2839206035163,116.79433863844498,0.0,88886.4003377226,37179.007650878426,0.0009059844360749083,727335.6778596747
central,central,improved_pue,two,steady,Q19,615.9149088832547,143.39851416671775,0.0,110010.40591728807,45959.45597919003,0.0011207324841518793,899636.1834610526
central,central,improved_pue,two,steady,Q20,727.199879279571,175.56539022288402,0.0,134166.76197488565,55979.97847046013,0.001366117096980587,1096466.832604144
central,central,improved_pue,two,steady,Q21,856.5108957509094,214.68176195709376,0.0,161532.91516638544,67343.71007527472,0.0016442447049657381,1319568.761418289
central,central,improved_pue,two,steady,Q22,1016.6481363881549,261.6110106384098,0.0,192696.76371294243,80324.85815232023,0.001961391246380645,1574035.636374972
central,central,improved_pue,two,steady,Q23,1198.0834970013593,318.2646373366697,0.0,228208.1389095437,95116.20453282405,0.002322797863565528,1863994.6009664154
central,central,improved_pue,two,steady,Q24,1414.4153279440675,385.85976705960934,0.0,268679.9722876512,112004.6297241874,0.0027350200792207284,2194766.186392479
central,central,improved_pue,two,transition,Q01,0.0,0.0,0.0,0.0,0.0,0.0,0.0
central,central,improved_pue,two,transition,Q02,0.0,0.0,0.0,0.0,0.0,0.0,0.0
central,central,improved_pue,two,transition,Q03,0.0,0.0,0.0,0.0,0.0,0.0,0.0
central,central,improved_pue,two,transition,Q04,0.0,0.0,0.0,0.0,0.0,0.0,0.0
central,central,improved_pue,two,transition,Q05,0.0,0.0,0.0,0.0,0.0,0.0,0.0
central,central,improved_pue,two,transition,Q06,0.0,0.0,0.0,0.0,0.0,0.0,0.0
central,central,improved_pue,two,transition,Q07,0.0,0.0,0.0,0.0,0.0,0.0,0.0
central,central,improved_pue,two,transition,Q08,0.0,0.0,0.0,0.0,0.0,0.0,0.0
central,central,improved_pue,two,transition,Q09,35.56483414612771,4.749636330963948,0.0,3547.659146211853,1282.5267084348707,3.291287583541968e-05,25535.14159077726
central,central,improved_pue,two,transition,Q10,55.819711879754564,10.140753420027247,0.0,8177.991237378345,2837.0937000887243,7.446910259797305e-05,57427.89697699924
central,central,improved_pue,two,transition,Q11,83.71858101876188,16.23818458213373,0.0,13577.544028242783,4615.658167582716,0.00012235016310361345,93994.59483755458
central,central,improved_pue,two,transition,Q12,114.44746565250304,23.706024554188623,0.0,19929.317508160268,6646.59415187265,0.0001777883679180215,136065.6829507799
central,central,improved_pue,two,transition,Q13,141.57022349365067,32.82129287076569,0.0,27145.44812032545,8868.263579360624,0.00023960527266757178,182628.97442148652
central,central,improved_pue,two,transition,Q14,185.00855317964044,43.536410923898345,0.0,35376.06630024739,11368.444471631696,0.00030941906551873504,234970.74982011184
central,central,improved_pue,two,transition,Q15,231.40647090210243,57.1616843433197,0.0,44949.006324562564,14181.631795325262,0.0003892637614808851,294401.9747887215
central,central,improved_pue,two,transition,Q16,288.55646362653283,73.68637744994501,0.0,56000.12272818227,17344.47188908688,0.00048011554621007156,361586.1415466793
central,central,improved_pue,two,transition,Q17,424.63017091304687,93.73814172420498,0.0,70499.14861109012,21550.086412301986,0.0005992299560966603,449534.8556603822
central,central,improved_pue,two,transition,Q18,512.2839206035163,116.79433863844498,0.0,88886.4003377226,26467.12502707944,0.0007453061967179235,555945.5558788909
central,central,improved_pue,two,transition,Q19,615.9149088832547,143.39851416671775,0.0,110010.40591728807,31941.207264676454,0.0009104587534341756,675344.2040288353
central,central,improved_pue,two,transition,Q20,727.199879279571,175.56539022288402,0.0,134166.76197488565,37970.67962469131,0.0010959776142940546,808318.0510718426
central,central,improved_pue,two,transition,Q21,856.5108957509094,214.68176195709376,0.0,161532.91516638544,44575.080239679846,0.001302715257431815,955270.6840487708
central,central,improved_pue,two,transition,Q22,1016.6481363881549,261.6110106384098,0.0,192696.76371294243,51865.438582136696,0.001534499952827892,1118684.9232520352
central,central,improved_pue,two,transition,Q23,1198.0834970013593,318.2646373366697,0.0,228208.1389095437,59863.30449024723,0.0017940043629268755,1299948.2002851858
central,central,improved_pue,two,transition,Q24,1414.4153279440675,385.85976705960934,0.0,268679.9722876512,68657.36300598907,0.0020848110784477537,1501209.9189013052
central,central,advanced_coolant,single,steady,Q01,0.0,0.0,0.0,0.0,0.0,0.0,0.0
central,central,advanced_coolant,single,steady,Q02,0.0,0.0,0.0,0.0,0.0,0.0,0.0
central,central,advanced_coolant,single,steady,Q03,0.0,0.0,0.0,0.0,0.0,0.0,0.0
central,central,advanced_coolant,single,steady,Q04,0.0,0.0,0.0,0.0,0.0,0.0,0.0
central,central,advanced_coolant,single,steady,Q05,0.0,0.0,0.0,0.0,0.0,0.0,0.0
central,central,advanced_coolant,single,steady,Q06,0.0,0.0,0.0,0.0,0.0,0.0,0.0
central,central,advanced_coolant,single,steady,Q07,0.0,0.0,0.0,0.0,0.0,0.0,0.0
central,central,advanced_coolant,single,steady,Q08,0.0,0.0,0.0,0.0,0.0,0.0,0.0
central,central,advanced_coolant,single,steady,Q09,30.494075903871344,4.662943961519318,0.0,7771.062891702141,3171.744780469359,7.836713987471404e-05,62801.69937150215
central,central,advanced_coolant,single,steady,Q10,47.13770879100749,9.89636774574534,0.0,18035.895479348343,7313.581793194224,0.000181400672646761,145279.3998493356
central,central,advanced_coolant,single,steady,Q11,69.8049201482405,15.737315369717233,0.0,30151.96515641,12208.264560545338,0.0003030731231207619,242690.50623109337
central,central,advanced_coolant,single,steady,Q12,94.25382769767175,22.74645148155385,0.0,44580.685160173154,18032.15494520538,0.00044791939267050046,358644.29009274644
central,central,advanced_coolant,single,steady,Q13,115.19325190876793,31.136109158268408,0.0,61177.78556815304,24717.068785657884,0.0006143930818112884,491881.83012919105
central,central,advanced_coolant,single,steady,Q14,148.60102586567075,40.768595251278384,0.0,80347.83297455352,32456.719539178383,0.0008068580362153611,645958.5272899979
central,central,advanced_coolant,single,steady,Q15,183.48497182325545,52.843621981637995,0.0,102930.15303191237,41565.45296740227,0.001033499665975405,827375.1418016722
central,central,advanced_coolant,single,steady,Q16,225.72118684317144,67.29555466891769,0.0,129338.01560679579,52220.2963937391,0.0012985675353515101,1039555.0263645742
central,central,advanced_coolant,single,steady,Q17,325.9884372108264,84.59796504032015,0.0,164440.92037594097,66470.64400731819,0.0016517749521540292,1322470.121576946
central,central,advanced_coolant,single,steady,Q18,387.94041095334944,104.1863914165296,0.0,209550.97794527933,84648.36519572668,0.0021043104515860254,1684687.5637383843
central,central,advanced_coolant,single,steady,Q19,459.7471069246185,126.41375395139927,0.0,262075.53235933394,105812.9140345585,0.0026312144032713458,2106431.269782921
central,central,advanced_coolant,single,steady,Q20,535.0274275700939,152.65839189273117,0.0,322962.7859839633,130331.49844467187,0.0032418549923099622,2595166.128382572
central,central,advanced_coolant,single,steady,Q21,620.7202384137206,183.89621782558947,0.0,392898.51080668496,158492.79290841424,0.00394323847501338,3156521.972310882
central,central,advanced_coolant,single,steady,Q22,724.8662654317762,220.5821535438241,0.0,473661.1605611424,191024.48783209245,0.004753314752455498,3804889.520565494
central,central,advanced_coolant,single,steady,Q23,840.1594224406764,264.1082685014146,0.0,567005.3467922084,228614.51169601546,0.005689497739055912,4554166.504128989
central,central,advanced_coolant,single,steady,Q24,974.683439425519,315.1625382755548,0.0,674930.2358004949,272079.0424681868,0.006771947652176215,5420511.367883848
central,central,advanced_coolant,single,transition,Q01,0.0,0.0,0.0,0.0,0.0,0.0,0.0
central,central,advanced_coolant,single,transition,Q02,0.0,0.0,0.0,0.0,0.0,0.0,0.0
central,central,advanced_coolant,single,transition,Q03,0.0,0.0,0.0,0.0,0.0,0.0,0.0
central,central,advanced_coolant,single,transition,Q04,0.0,0.0,0.0,0.0,0.0,0.0,0.0
central,central,advanced_coolant,single,transition,Q05,0.0,0.0,0.0,0.0,0.0,0.0,0.0
central,central,advanced_coolant,single,transition,Q06,0.0,0.0,0.0,0.0,0.0,0.0,0.0
central,central,advanced_coolant,single,transition,Q07,0.0,0.0,0.0,0.0,0.0,0.0,0.0
central,central,advanced_coolant,single,transition,Q08,0.0,0.0,0.0,0.0,0.0,0.0,0.0
central,central,advanced_coolant,single,transition,Q09,30.494075903871344,4.662943961519318,0.0,7771.062891702141,2631.1491010466016,7.025820468337267e-05,54152.16850073803
central,central,advanced_coolant,single,transition,Q10,47.13770879100749,9.89636774574534,0.0,18035.895479348343,5969.6513895208955,0.00016124171659166107,123776.51339056232
central,central,advanced_coolant,single,transition,Q11,69.8049201482405,15.737315369717233,0.0,30151.96515641,9810.762880605778,0.00026711059792166854,204330.47935206039
central,central,advanced_coolant,single,transition,Q12,94.25382769767175,22.74645148155385,0.0,44580.685160173154,14254.514830123258,0.0003912547909442687,298202.0482514324
central,central,advanced_coolant,single,transition,Q13,115.19325190876793,31.136109158268408,0.0,61177.78556815304,19207.557323656125,0.0005317504098812621,403729.6467371628
central,central,advanced_coolant,single,transition,Q14,148.60102586567075,40.768595251278384,0.0,80347.83297455352,24780.159239931352,0.0006917096317266558,523133.5625020453
central,central,advanced_coolant,single,transition,Q15,183.48497182325545,52.843621981637995,0.0,102930.15303191237,31139.740661172425,0.0008771139813819574,660563.7449019945
central,central,advanced_coolant,single,transition,Q16,225.72118684317144,67.29555466891769,0.0,129338.01560679579,38350.080273394036,0.0010905142935463343,817631.5684390528
central,central,advanced_coolant,single,transition,Q17,325.9884372108264,84.59796504032015,0.0,164440.92037594097,47716.54548430945,0.0013704634743088983,1022404.5452088056
central,central,advanced_coolant,single,transition,Q18,387.94041095334944,104.1863914165296,0.0,209550.97794527933,59225.82337985923,0.0017229723243480136,1277926.8946845045
central,central,advanced_coolant,single,transition,Q19,459.7471069246185,126.41375395139927,0.0,262075.53235933394,72169.13761475206,0.002126557756974249,1568130.8470660173
central,central,advanced_coolant,single,transition,Q20,535.0274275700939,152.65839189273117,0.0,322962.7859839633,86628.08881731797,0.002586303847899654,1895911.574344909
central,central,advanced_coolant,single,transition,Q21,620.7202384137206,183.89621782558947,0.0,392898.51080668496,102626.64852928264,0.003105246309326407,2262663.6622447763
central,central,advanced_coolant,single,transition,Q22,724.8662654317762,220.5821535438241,0.0,473661.1605611424,120410.381323886,0.003694103154832402,2675063.8164341906
central,central,advanced_coolant,single,transition,Q23,840.1594224406764,264.1082685014146,0.0,567005.3467922084,140143.25651751814,0.004362428911378453,3138626.4212730303
central,central,advanced_coolant,single,transition,Q24,974.683439425519,315.1625382755548,0.0,674930.2358004949,162022.8094880322,0.005121104157473897,3659611.640201373
central,central,advanced_coolant,two,steady,Q01,0.0,0.0,0.0,0.0,0.0,0.0,0.0
central,central,advanced_coolant,two,steady,Q02,0.0,0.0,0.0,0.0,0.0,0.0,0.0
central,central,advanced_coolant,two,steady,Q03,0.0,0.0,0.0,0.0,0.0,0.0,0.0
central,central,advanced_coolant,two,steady,Q04,0.0,0.0,0.0,0.0,0.0,0.0,0.0
central,central,advanced_coolant,two,steady,Q05,0.0,0.0,0.0,0.0,0.0,0.0,0.0
central,central,advanced_coolant,two,steady,Q06,0.0,0.0,0.0,0.0,0.0,0.0,0.0
central,central,advanced_coolant,two,steady,Q07,0.0,0.0,0.0,0.0,0.0,0.0,0.0
central,central,advanced_coolant,two,steady,Q08,0.0,0.0,0.0,0.0,0.0,0.0,0.0
central,central,advanced_coolant,two,steady,Q09,31.29082574401103,4.662943961519318,0.0,3885.5314458510747,1651.5822635436025,3.986398339025387e-05,32057.948418840322
central,central,advanced_coolant,two,steady,Q10,48.84153221018528,9.89636774574534,0.0,9017.94773967418,3761.1259683095373,9.179316887923355e-05,73683.0506417921
central,central,advanced_coolant,two,steady,Q11,72.58120045143197,15.737315369717233,0.0,15075.982578205014,6259.93961916359,0.00015317332152613888,122903.32650445597
central,central,advanced_coolant,two,steady,Q12,98.27264836129956,22.746451481553848,0.0,22290.342580086603,9228.014815729704,0.00022619280202392834,181441.51847764346
central,central,advanced_coolant,two,steady,Q13,120.57227384333358,31.136109158268404,0.0,30588.892784076554,12620.626017029324,0.0003099731376934396,248561.83130659946
central,central,advanced_coolant,two,steady,Q14,155.57314426134874,40.768595251278384,0.0,40173.916487276794,16566.862474133224,0.0004070178881293776,326364.2906904394
central,central,advanced_coolant,two,steady,Q15,192.2707189579092,52.84362198163799,0.0,51465.07651595623,21202.47547974245,0.0005212115410580243,417885.06086124945
central,central,advanced_coolant,two,steady,Q16,236.59047649838175,67.29555466891767,0.0,64669.00780339795,26627.846216856015,0.0006547972256489648,524954.4933821519
central,central,advanced_coolant,two,steady,Q17,339.7807332861537,84.59796504032013,0.0,82220.46018797057,33970.97474882693,0.0008336669933538953,668591.5882401515
central,central,advanced_coolant,two,steady,Q18,405.065674030311,104.18639141652959,0.0,104775.48897263978,43203.532404709236,0.001061469655818555,851137.2799376515
central,central,advanced_coolant,two,steady,Q19,480.68600988434105,126.41375395139924,0.0,131037.76617966712,53951.97481698341,0.0013266944484024723,1063670.8128885026
central,central,advanced_coolant,two,steady,Q20,560.2501737311411,152.65839189273112,0.0,161481.39299198182,66387.8015119057,0.0016339113110101435,1309803.5870869844
central,central,advanced_coolant,two,steady,Q21,650.7485069965369,183.8962178255894,0.0,196449.25540334271,80669.86984569588,0.001986773452510707,1592495.72007033
central,central,advanced_coolant,two,steady,Q22,760.3513645426722,220.582153543824,0.0,236830.58028057148,97178.72282101447,0.0023944250760451523,1919109.5493324308
central,central,advanced_coolant,two,steady,Q23,881.7907797991055,264.10826850141456,0.0,283502.67339610454,116244.5228992152,0.0028654420813825398,2296455.9225765704
central,central,advanced_coolant,two,steady,Q24,1023.264918642705,315.16253827555477,0.0,337465.11790024786,138292.21381973394,0.003410076564635893,2732782.609798331
central,central,advanced_coolant,two,transition,Q01,0.0,0.0,0.0,0.0,0.0,0.0,0.0
central,central,advanced_coolant,two,transition,Q02,0.0,0.0,0.0,0.0,0.0,0.0,0.0
central,central,advanced_coolant,two,transition,Q03,0.0,0.0,0.0,0.0,0.0,0.0,0.0
central,central,advanced_coolant,two,transition,Q04,0.0,0.0,0.0,0.0,0.0,0.0,0.0
central,central,advanced_coolant,two,transition,Q05,0.0,0.0,0.0,0.0,0.0,0.0,0.0
central,central,advanced_coolant,two,transition,Q06,0.0,0.0,0.0,0.0,0.0,0.0,0.0
central,central,advanced_coolant,two,transition,Q07,0.0,0.0,0.0,0.0,0.0,0.0,0.0
central,central,advanced_coolant,two,transition,Q08,0.0,0.0,0.0,0.0,0.0,0.0,0.0
central,central,advanced_coolant,two,transition,Q09,31.29082574401103,4.662943961519318,0.0,3885.5314458510747,1381.2844238322234,3.580951579458319e-05,27733.182983458257
central,central,advanced_coolant,two,transition,Q10,48.84153221018528,9.89636774574534,0.0,9017.94773967418,3089.1607664728717,8.171369085168357e-05,62931.60741240544
central,central,advanced_coolant,two,transition,Q11,72.58120045143197,15.737315369717233,0.0,15075.982578205014,5061.188779193808,0.00013519205892659214,103723.31306493946
central,central,advanced_coolant,two,transition,Q12,98.27264836129956,22.746451481553848,0.0,22290.342580086603,7339.194758188642,0.00019786050116081235,151220.39755698643
central,central,advanced_coolant,two,transition,Q13,120.57227384333358,31.136109158268404,0.0,30588.892784076554,9865.87028602844,0.00026865180172842634,204485.7396105853
central,central,advanced_coolant,two,transition,Q14,155.57314426134874,40.768595251278384,0.0,40173.916487276794,12728.582324509704,0.00034944368588502484,264951.8082964631
central,central,advanced_coolant,two,transition,Q15,192.2707189579092,52.84362198163799,0.0,51465.07651595623,15989.61932662752,0.0004430186987613003,334479.36241141055
central,central,advanced_coolant,two,transition,Q16,236.59047649838175,67.29555466891767,0.0,64669.00780339795,19692.73815668347,0.0005507706047463766,413992.7644193912
central,central,advanced_coolant,two,transition,Q17,339.7807332861537,84.59796504032013,0.0,82220.46018797057,24593.925487322544,0.0006930112544313293,518558.8000560814
central,central,advanced_coolant,two,transition,Q18,405.065674030311,104.18639141652959,0.0,104775.48897263978,30492.261496775493,0.0008708005921995488,647756.9454107115
central,central,advanced_coolant,two,transition,Q19,480.68600988434105,126.41375395139924,0.0,131037.76617966712,37130.08660708017,0.0010743661252539235,794520.6015300506
central,central,advanced_coolant,two,transition,Q20,560.2501737311411,152.65839189273112,0.0,161481.39299198182,44536.09669822872,0.0013061357388049887,960176.3100681526
central,central,advanced_coolant,two,transition,Q21,650.7485069965369,183.8962178255894,0.0,196449.25540334271,52736.79765613006,0.0015677773696672196,1145566.5650372764
central,central,advanced_coolant,two,transition,Q22,760.3513645426722,220.582153543824,0.0,236830.58028057148,61871.66956691122,0.0018648192772336035,1354196.6972667784
central,central,advanced_coolant,two,transition,Q23,881.7907797991055,264.10826850141456,0.0,283502.67339610454,72008.8953099665,0.002201907667543809,1588685.8811485907
central,central,advanced_coolant,two,transition,Q24,1023.264918642705,315.16253827555477,0.0,337465.11790024786,83264.09732965656,0.0025846548172847325,1852332.7459570926
central,central,coolant_recovery,single,steady,Q01,0.0,0.0,0.0,0.0,0.0,0.0,0.0
central,central,coolant_recovery,single,steady,Q02,0.0,0.0,0.0,0.0,0.0,0.0,0.0
central,central,coolant_recovery,single,steady,Q03,0.0,0.0,0.0,0.0,0.0,0.0,0.0
central,central,coolant_recovery,single,steady,Q04,0.0,0.0,0.0,0.0,0.0,0.0,0.0
central,central,coolant_recovery,single,steady,Q05,0.0,0.0,0.0,0.0,0.0,0.0,0.0
central,central,coolant_recovery,single,steady,Q06,0.0,0.0,0.0,0.0,0.0,0.0,0.0
central,central,coolant_recovery,single,steady,Q07,0.0,0.0,0.0,0.0,0.0,0.0,0.0
central,central,coolant_recovery,single,steady,Q08,0.0,0.0,0.0,0.0,0.0,0.0,0.0
central,central,coolant_recovery,single,steady,Q09,31.863771959152285,1.9236027140403995,2.82603361692355,7771.062891702141,3173.7794510425165,7.838376411050325e-05,62825.370822665405
central,central,coolant_recovery,single,steady,Q10,47.901027146717425,4.107005135111036,6.0337482849162125,18035.895479348343,7313.633454079131,0.00018139353802473898,145287.0149855787
central,central,coolant_recovery,single,steady,Q11,70.95865348985402,6.576464755764162,9.66171982636957,30151.96515641,12208.264947763088,0.00030306142292749216,242701.87683247833
central,central,coolant_recovery,single,steady,Q12,95.81666739650096,9.600939944446393,14.105084609742232,44580.685160173154,18032.026712272072,0.0004479021654350457,358659.60198060126
central,central,coolant_recovery,single,steady,Q13,115.93235422671576,13.292623612660108,19.528669258105587,61177.78556815304,24714.220228522885,0.000614344303527239,491876.3194628506
central,central,coolant_recovery,single,steady,Q14,151.10782821729313,17.632246424178835,25.904164499719517,80347.83297455352,32456.260066997424,0.0008068291862123563,645984.408055835
central,central,coolant_recovery,single,steady,Q15,187.2131084221984,23.150482159044486,34.01120218427522,102930.15303191237,41566.06530649692,0.0010334773632043595,827421.2783716591
central,central,coolant_recovery,single,steady,Q16,231.97249580892804,29.84298286722774,43.84339458271728,129338.01560679579,52224.388818612766,0.0012985759381338832,1039647.5310775258
central,central,coolant_recovery,single,steady,Q17,352.4178197760874,37.96394739830303,55.77419432590196,164440.92037594097,66513.3091034691,0.001652165283124949,1322962.3892376618
central,central,coolant_recovery,single,steady,Q18,422.06723865362636,47.30170714857023,69.49263148987477,209550.97794527933,84704.52771640265,0.0021048329214825856,1685330.9449821906
central,central,coolant_recovery,single,steady,Q19,504.87885254399373,58.07639823752069,85.32211592919705,262075.53235933394,105889.08463992366,0.0026319355594261774,2107293.354796489
central,central,coolant_recovery,single,steady,Q20,591.323409550377,71.10398304026803,104.46140718261599,322962.7859839633,130427.89235883742,0.0032427798467268227,2596252.963297383
central,central,coolant_recovery,single,steady,Q21,690.8485134758314,86.94611359262298,127.73564836447078,392898.51080668496,158614.62985309598,0.003944422925639142,3157890.618991069
central,central,coolant_recovery,single,steady,Q22,815.5207982225068,105.95245930855599,155.65855132985385,473661.1605611424,191185.10759204565,0.004754897184706194,3806678.8458724725
central,central,coolant_recovery,single,steady,Q23,954.5768469614868,128.89717812135123,189.36745921531846,567005.3467922084,228820.29804909418,0.005691547902873206,4556447.152905911
central,central,coolant_recovery,single,steady,Q24,1120.6677468907483,156.2732056591418,229.58656140046756,674930.2358004949,272345.5867841974,0.006774628954184065,5423446.912880896
central,central,coolant_recovery,single,transition,Q01,0.0,0.0,0.0,0.0,0.0,0.0,0.0
central,central,coolant_recovery,single,transition,Q02,0.0,0.0,0.0,0.0,0.0,0.0,0.0
central,central,coolant_recovery,single,transition,Q03,0.0,0.0,0.0,0.0,0.0,0.0,0.0
central,central,coolant_recovery,single,transition,Q04,0.0,0.0,0.0,0.0,0.0,0.0,0.0
central,central,coolant_recovery,single,transition,Q05,0.0,0.0,0.0,0.0,0.0,0.0,0.0
central,central,coolant_recovery,single,transition,Q06,0.0,0.0,0.0,0.0,0.0,0.0,0.0
central,central,coolant_recovery,single,transition,Q07,0.0,0.0,0.0,0.0,0.0,0.0,0.0
central,central,coolant_recovery,single,transition,Q08,0.0,0.0,0.0,0.0,0.0,0.0,0.0
central,central,coolant_recovery,single,transition,Q09,31.863771959152285,1.9236027140403995,2.82603361692355,7771.062891702141,2633.183771619759,7.027482891916188e-05,54175.83995190128
central,central,coolant_recovery,single,transition,Q10,47.901027146717425,4.107005135111036,6.0337482849162125,18035.895479348343,5969.703050405802,0.00016123458196963905,123784.1285268054
central,central,coolant_recovery,single,transition,Q11,70.95865348985402,6.576464755764162,9.66171982636957,30151.96515641,9810.763267823528,0.0002670988977283988,204341.84995344537
central,central,coolant_recovery,single,transition,Q12,95.81666739650096,9.600939944446393,14.105084609742232,44580.685160173154,14254.38659718995,0.0003912375637088139,298217.3601392873
central,central,coolant_recovery,single,transition,Q13,115.93235422671576,13.292623612660108,19.528669258105587,61177.78556815304,19204.708766521122,0.0005317016315972127,403724.13607082237
central,central,coolant_recovery,single,transition,Q14,151.10782821729313,17.632246424178835,25.904164499719517,80347.83297455352,24779.699767750393,0.0006916807817236509,523159.4432678825
central,central,coolant_recovery,single,transition,Q15,187.2131084221984,23.150482159044486,34.01120218427522,102930.15303191237,31140.35300026708,0.0008770916786109119,660609.8814719815
central,central,coolant_recovery,single,transition,Q16,231.97249580892804,29.84298286722774,43.84339458271728,129338.01560679579,38354.1726982677,0.0010905226963287072,817724.0731520046
central,central,coolant_recovery,single,transition,Q17,352.4178197760874,37.96394739830303,55.77419432590196,164440.92037594097,47759.21058046035,0.0013708538052798179,1022896.8128695218
central,central,coolant_recovery,single,transition,Q18,422.06723865362636,47.30170714857023,69.49263148987477,209550.97794527933,59281.98590053518,0.001723494794244574,1278570.2759283113
central,central,coolant_recovery,single,transition,Q19,504.87885254399373,58.07639823752069,85.32211592919705,262075.53235933394,72245.30822011721,0.0021272789131290813,1568992.932079586
central,central,coolant_recovery,single,transition,Q20,591.323409550377,71.10398304026803,104.46140718261599,322962.7859839633,86724.4827314835,0.002587228702316515,1896998.4092597207
central,central,coolant_recovery,single,transition,Q21,690.8485134758314,86.94611359262298,127.73564836447078,392898.51080668496,102748.48547396436,0.0031064307599521688,2264032.308924964
central,central,coolant_recovery,single,transition,Q22,815.5207982225068,105.95245930855599,155.65855132985385,473661.1605611424,120571.0010838392,0.003695685587083098,2676853.14174117
central,central,coolant_recovery,single,transition,Q23,954.5768469614868,128.89717812135123,189.36745921531846,567005.3467922084,140349.04287059684,0.004364479075195746,3140907.070049954
central,central,coolant_recovery,single,transition,Q24,1120.6677468907483,156.2732056591418,229.58656140046756,674930.2358004949,162289.35380404277,0.005123785459481745,3662547.1851984216
central,central,coolant_recovery,two,steady,Q01,0.0,0.0,0.0,0.0,0.0,0.0,0.0
central,central,coolant_recovery,two,steady,Q02,0.0,0.0,0.0,0.0,0.0,0.0,0.0
central,central,coolant_recovery,two,steady,Q03,0.0,0.0,0.0,0.0,0.0,0.0,0.0
central,central,coolant_recovery,two,steady,Q04,0.0,0.0,0.0,0.0,0.0,0.0,0.0
central,central,coolant_recovery,two,steady,Q05,0.0,0.0,0.0,0.0,0.0,0.0,0.0
central,central,coolant_recovery,two,steady,Q06,0.0,0.0,0.0,0.0,0.0,0.0,0.0
central,central,coolant_recovery,two,steady,Q07,0.0,0.0,0.0,0.0,0.0,0.0,0.0
central,central,coolant_recovery,two,steady,Q08,0.0,0.0,0.0,0.0,0.0,0.0,0.0
central,central,coolant_recovery,two,steady,Q09,32.73880052920416,1.9236027140403995,2.826033616923549,3885.5314458510747,1654.8691055930751,3.989126810583504e-05,32095.803957482563
central,central,coolant_recovery,two,steady,Q10,49.78596359483836,4.107005135111036,6.033748284916211,9017.94773967418,3761.746798723727,9.178790033706875e-05,73699.90673702501
central,central,coolant_recovery,two,steady,Q11,74.05686119239232,6.576464755764162,9.661719826369566,15075.982578205014,6260.905982188255,0.00015316542905821458,122930.04022851384
central,central,coolant_recovery,two,steady,Q12,100.34238104276082,9.600939944446393,14.105084609742228,22290.342580086603,9229.343145277639,0.00022618216796022503,181479.69309890468
central,central,coolant_recovery,two,steady,Q13,122.0415542355451,13.292623612660107,19.52866925810558,30588.892784076554,12618.543715549615,0.0003099218756095933,248575.47064931667
central,central,coolant_recovery,two,steady,Q14,159.10438867992093,17.632246424178835,25.90416449971951,40173.916487276794,16569.246592062635,0.0004070053463868787,326433.84510120365
central,central,coolant_recovery,two,steady,Q15,197.3952687178272,23.150482159044486,34.01120218427522,51465.07651595623,21207.583227867355,0.0005212199792962852,417996.158111059
central,central,coolant_recovery,two,steady,Q16,244.71306904381552,29.84298286722774,43.84339458271728,64669.00780339795,26639.598704905537,0.0006548659683299145,525149.3889589696
central,central,coolant_recovery,two,steady,Q17,368.8559765871449,37.96394739830303,55.77419432590196,82220.46018797057,34042.909975260474,0.0008343318656323466,669409.3655532975
central,central,coolant_recovery,two,steady,Q18,442.79128911364154,47.30170714857023,69.49263148987475,104775.48897263978,43298.57254787233,0.0010623613242848873,852210.3154248528
central,central,coolant_recovery,two,steady,Q19,530.5927929540577,58.07639823752069,85.32211592919704,131037.76617966712,54080.55583738217,0.0013279194337582308,1065107.191532365
central,central,coolant_recovery,two,steady,Q20,622.738472096955,71.10398304026803,104.46140718261597,161481.39299198182,66550.9693323106,0.0016354843621270011,1311619.6089507672
central,central,coolant_recovery,two,steady,Q21,728.7752473864387,86.94611359262298,127.73564836447076,196449.25540334271,80876.32065870186,0.0019887870824091846,1594785.6440504442
central,central,coolant_recovery,two,steady,Q22,860.989585058301,105.95245930855599,155.65855132985382,236830.58028057148,97449.60352411898,0.002397098235052944,1922093.047924646
central,central,coolant_recovery,two,steady,Q23,1008.7160377860408,128.89717812135123,189.36745921531843,283502.67339610454,116590.72592923166,0.0028688925621124647,2300252.130745938
central,central,coolant_recovery,two,steady,Q24,1184.8287665435998,156.2732056591418,229.58656140046753,337465.11790024786,138738.76891505683,0.0034145659038607367,2737653.313506972
central,central,coolant_recovery,two,transition,Q01,0.0,0.0,0.0,0.0,0.0,0.0,0.0
central,central,coolant_recovery,two,transition,Q02,0.0,0.0,0.0,0.0,0.0,0.0,0.0
central,central,coolant_recovery,two,transition,Q03,0.0,0.0,0.0,0.0,0.0,0.0,0.0
central,central,coolant_recovery,two,transition,Q04,0.0,0.0,0.0,0.0,0.0,0.0,0.0
central,central,coolant_recovery,two,transition,Q05,0.0,0.0,0.0,0.0,0.0,0.0,0.0
central,central,coolant_recovery,two,transition,Q06,0.0,0.0,0.0,0.0,0.0,0.0,0.0
central,central,coolant_recovery,two,transition,Q07,0.0,0.0,0.0,0.0,0.0,0.0,0.0
central,central,coolant_recovery,two,transition,Q08,0.0,0.0,0.0,0.0,0.0,0.0,0.0
central,central,coolant_recovery,two,transition,Q09,32.73880052920416,1.9236027140403995,2.826033616923549,3885.5314458510747,1384.571265881696,3.5836800510164355e-05,27771.038522100498
central,central,coolant_recovery,two,transition,Q10,49.78596359483836,4.107005135111036,6.033748284916211,9017.94773967418,3089.781596887061,8.170842230951879e-05,62948.463507638364
central,central,coolant_recovery,two,transition,Q11,74.05686119239232,6.576464755764162,9.661719826369566,15075.982578205014,5062.155142218473,0.00013518416645866787,103750.02678899733
central,central,coolant_recovery,two,transition,Q12,100.34238104276082,9.600939944446393,14.105084609742228,22290.342580086603,7340.523087736574,0.00019784986709710906,151258.57217824768
central,central,coolant_recovery,two,transition,Q13,122.0415542355451,13.292623612660107,19.52866925810558,30588.892784076554,9863.78798454873,0.00026860053964458,204499.3789533025
central,central,coolant_recovery,two,transition,Q14,159.10438867992093,17.632246424178835,25.90416449971951,40173.916487276794,12730.966442439116,0.0003494311441425259,265021.3627072273
central,central,coolant_recovery,two,transition,Q15,197.3952687178272,23.150482159044486,34.01120218427522,51465.07651595623,15994.727074752427,0.00044302713699956124,334590.4596612201
central,central,coolant_recovery,two,transition,Q16,244.71306904381552,29.84298286722774,43.84339458271728,64669.00780339795,19704.490644732992,0.0005508393474273264,414187.65999620885
central,central,coolant_recovery,two,transition,Q17,368.8559765871449,37.96394739830303,55.77419432590196,82220.46018797057,24665.860713756087,0.0006936761267097809,519376.5773692272
central,central,coolant_recovery,two,transition,Q18,442.79128911364154,47.30170714857023,69.49263148987475,104775.48897263978,30587.30163993859,0.0008716922606658811,648829.9808979128
central,central,coolant_recovery,two,transition,Q19,530.5927929540577,58.07639823752069,85.32211592919704,131037.76617966712,37258.66762747893,0.0010755911106096823,795956.9801739132
central,central,coolant_recovery,two,transition,Q20,622.738472096955,71.10398304026803,104.46140718261597,161481.39299198182,44699.26451863362,0.0013077087899218466,961992.3319319356
central,central,coolant_recovery,two,transition,Q21,728.7752473864387,86.94611359262298,127.73564836447076,196449.25540334271,52943.24846913603,0.001569790999565697,1147856.489017391
central,central,coolant_recovery,two,transition,Q22,860.989585058301,105.95245930855599,155.65855132985382,236830.58028057148,62142.55027001572,0.0018674924362413951,1357180.195858994
central,central,coolant_recovery,two,transition,Q23,1008.7160377860408,128.89717812135123,189.36745921531843,283502.67339610454,72355.09833998294,0.002205358148273734,1592482.089317959
central,central,coolant_recovery,two,transition,Q24,1184.8287665435998,156.2732056591418,229.58656140046753,337465.11790024786,83710.65242497945,0.0025891441565095764,1857203.4496657343
central,central,combined_strategy,single,steady,Q01,0.0,0.0,0.0,0.0,0.0,0.0,0.0
central,central,combined_strategy,single,steady,Q02,0.0,0.0,0.0,0.0,0.0,0.0,0.0
central,central,combined_strategy,single,steady,Q03,0.0,0.0,0.0,0.0,0.0,0.0,0.0
central,central,combined_strategy,single,steady,Q04,0.0,0.0,0.0,0.0,0.0,0.0,0.0
central,central,combined_strategy,single,steady,Q05,0.0,0.0,0.0,0.0,0.0,0.0,0.0
central,central,combined_strategy,single,steady,Q06,0.0,0.0,0.0,0.0,0.0,0.0,0.0
central,central,combined_strategy,single,steady,Q07,0.0,0.0,0.0,0.0,0.0,0.0,0.0
central,central,combined_strategy,single,steady,Q08,0.0,0.0,0.0,0.0,0.0,0.0,0.0
central,central,combined_strategy,single,steady,Q09,27.71962424676735,1.888492304415324,2.774451657103994,7095.318292423698,2895.1636237698344,7.154278063608179e-05,57336.1734681662
central,central,combined_strategy,single,steady,Q10,41.24936998228901,4.008028937026864,5.888338808718477,16355.982474756682,6628.281235820169,0.00016445952972369296,131713.66971465043
central,central,combined_strategy,single,steady,Q11,60.44121750325875,6.37361272473548,9.363702644981753,27155.08805648554,10988.307688114863,0.00027287852164596194,218514.4452278496
central,central,combined_strategy,single,steady,Q12,80.71968906614721,9.21231285002931,13.534138631524542,39858.63501632049,16112.684044292928,0.0004003724796532136,320577.30302424834
central,central,combined_strategy,single,steady,Q13,96.66726695959824,12.610124209098707,18.5259849491697,54290.89624065082,21920.35714756624,0.0005450773853698451,436388.95171467646
central,central,combined_strategy,single,steady,Q14,124.34371169116011,16.51128107676775,24.25731417451064,70752.1326004947,28563.503707453772,0.0007103160031329174,568672.1054931924
central,central,combined_strategy,single,steady,Q15,152.04301674418085,21.40166690256339,31.441955079074603,89898.01264912503,36281.39003366709,0.0009024199561720953,722442.9414685582
central,central,combined_strategy,single,steady,Q16,185.6803318151654,27.25469964091167,40.04085502800602,112000.24545636441,45194.50757365021,0.0011242241426376977,899993.164450228
central,central,combined_strategy,single,steady,Q17,275.65264801183594,34.26217584132967,50.33578919899048,140998.29722218,56979.598987922,0.0014161347398180912,1133848.3973434682
central,central,combined_strategy,single,steady,Q18,325.9495080605143,42.19548852369451,61.99090289283511,177772.80067544497,71796.7031253592,0.001785033604170855,1429131.1644293633
central,central,combined_strategy,single,steady,Q19,384.53092332353594,51.197570350316724,75.21618360108256,220020.81183457584,88820.68329120579,0.0022088531606545623,1768378.5698781272
central,central,combined_strategy,single,steady,Q20,444.1956843939189,61.826648716556136,90.83174317617504,268333.52394977084,108274.08644791947,0.0026933717240443774,2156181.821152603
central,central,combined_strategy,single,steady,Q21,511.301988807495,74.47796821936375,109.41824960622571,323065.8303327704,130311.92056532847,0.003242272759548438,2595511.254336844
central,central,combined_strategy,single,steady,Q22,593.6198840732011,89.33577218524877,131.24638135857532,385393.52742588427,155420.20012608892,0.0038674730671995634,3095930.518471907
central,central,combined_strategy,single,steady,Q23,683.0150026823349,106.96384874307294,157.14441975834168,456416.27781908674,184022.99821496115,0.0045798170956717005,3666079.9692139095
central,central,combined_strategy,single,steady,Q24,787.1617291515641,127.64082800159974,187.5217102739551,537359.9445753016,216626.24445778318,0.0053917221575000285,4315922.836655831
central,central,combined_strategy,single,transition,Q01,0.0,0.0,0.0,0.0,0.0,0.0,0.0
central,central,combined_strategy,single,transition,Q02,0.0,0.0,0.0,0.0,0.0,0.0,0.0
central,central,combined_strategy,single,transition,Q03,0.0,0.0,0.0,0.0,0.0,0.0,0.0
central,central,combined_strategy,single,transition,Q04,0.0,0.0,0.0,0.0,0.0,0.0,0.0
central,central,combined_strategy,single,transition,Q05,0.0,0.0,0.0,0.0,0.0,0.0,0.0
central,central,combined_strategy,single,transition,Q06,0.0,0.0,0.0,0.0,0.0,0.0,0.0
central,central,combined_strategy,single,transition,Q07,0.0,0.0,0.0,0.0,0.0,0.0,0.0
central,central,combined_strategy,single,transition,Q08,0.0,0.0,0.0,0.0,0.0,0.0,0.0
central,central,combined_strategy,single,transition,Q09,27.71962424676735,1.888492304415324,2.774451657103994,7095.318292423698,2401.5762642968816,6.41389702439875e-05,49438.77571659895
central,central,combined_strategy,single,transition,Q10,41.24936998228901,4.008028937026864,5.888338808718477,16355.982474756682,5409.9462446863745,0.00014618450485668607,112220.30985650972
central,central,combined_strategy,single,transition,Q11,60.44121750325875,6.37361272473548,9.363702644981753,27155.08805648554,8830.920037700298,0.0002405177068897435,183996.24282121655
central,central,combined_strategy,single,transition,Q12,80.71968906614721,9.21231285002931,13.534138631524542,39858.63501632049,12740.174510763714,0.00034978483665027544,266617.1504877809
central,central,combined_strategy,single,transition,Q13,96.66726695959824,12.610124209098707,18.5259849491697,54290.89624065082,17041.872529759075,0.00047190011610273775,358333.1978297619
central,central,combined_strategy,single,transition,Q14,124.34371169116011,16.51128107676775,24.25731417451064,70752.1326004947,21824.18367505556,0.0006092262026469444,460842.9849748211
central,central,combined_strategy,single,transition,Q15,152.04301674418085,21.40166690256339,31.441955079074603,89898.01264912503,27211.26721273997,0.0007663681138581886,577320.9763337243
central,central,combined_strategy,single,transition,Q16,185.6803318151654,27.25469964091167,40.04085502800602,112000.24545636441,33241.48482134404,0.0009449288013531054,708744.8004133294
central,central,combined_strategy,single,transition,Q17,275.65264801183594,34.26217584132967,50.33578919899048,140998.29722218,40992.06468558931,0.001176321725283101,878047.8485061453
central,central,combined_strategy,single,transition,Q18,325.9495080605143,42.19548852369451,61.99090289283511,177772.80067544497,50372.93787776125,0.0014636771254568858,1086350.9204677965
central,central,combined_strategy,single,transition,Q19,384.53092332353594,51.197570350316724,75.21618360108256,220020.81183457584,60784.18586217866,0.0017883056992191557,1319794.6110136935
central,central,combined_strategy,single,transition,Q20,444.1956843939189,61.826648716556136,90.83174317617504,268333.52394977084,72255.48875638185,0.0021530927586713134,1579884.2580880015
central,central,combined_strategy,single,transition,Q21,511.301988807495,74.47796821936375,109.41824960622571,323065.8303327704,84774.66089413874,0.0025592138644805924,1866915.0995978091
central,central,combined_strategy,single,transition,Q22,593.6198840732011,89.33577218524877,131.24638135857532,385393.52742588427,98501.36098572187,0.003013690480094058,2185229.092226035
central,central,combined_strategy,single,transition,Q23,683.0150026823349,106.96384874307294,157.14441975834168,456416.27781908674,113517.19812980754,0.0035222300943943967,2537987.1678514523
central,central,combined_strategy,single,transition,Q24,787.1617291515641,127.64082800159974,187.5217102739551,537359.9445753016,129931.71102138661,0.00409130415595408,2928810.3016734864
central,central,combined_strategy,two,steady,Q01,0.0,0.0,0.0,0.0,0.0,0.0,0.0
central,central,combined_strategy,two,steady,Q02,0.0,0.0,0.0,0.0,0.0,0.0,0.0
central,central,combined_strategy,two,steady,Q03,0.0,0.0,0.0,0.0,0.0,0.0,0.0
central,central,combined_strategy,two,steady,Q04,0.0,0.0,0.0,0.0,0.0,0.0,0.0
central,central,combined_strategy,two,steady,Q05,0.0,0.0,0.0,0.0,0.0,0.0,0.0
central,central,combined_strategy,two,steady,Q06,0.0,0.0,0.0,0.0,0.0,0.0,0.0
central,central,combined_strategy,two,steady,Q07,0.0,0.0,0.0,0.0,0.0,0.0,0.0
central,central,combined_strategy,two,steady,Q08,0.0,0.0,0.0,0.0,0.0,0.0,0.0
central,central,combined_strategy,two,steady,Q09,28.516374086907035,1.888492304415324,2.774451657103994,3547.659146211853,1507.008368205693,3.6384890525089945e-05,29265.616358063937
central,central,combined_strategy,two,steady,Q10,42.9531934014668,4.008028937026864,5.888338808718477,8177.991237378345,3405.1403340851152,8.318058454054802e-05,66773.75947649757
central,central,combined_strategy,two,steady,Q11,63.21749780645021,6.37361272473548,9.363702644981753,13577.544028242783,5628.755150487656,0.00013785019031318336,110614.25179898589
central,central,combined_strategy,two,steady,Q12,84.73850972977502,9.21231285002931,13.53413863152454,19929.317508160268,8237.628521902081,0.00020209293393652451,162117.4390257175
central,central,combined_strategy,two,steady,Q13,102.04628889416387,12.610124209098704,18.5259849491697,27145.44812032545,11180.314290892733,0.0002748684863062968,220417.6283048453
central,central,combined_strategy,two,steady,Q14,131.3158300868381,16.511281076767744,24.257314174510636,35376.06630024739,14565.318876169817,0.0003581618422462998,287200.2609877016
central,central,combined_strategy,two,steady,Q15,160.8287638788346,21.401666902563385,31.4419550790746,44949.006324562564,18489.2372322546,0.00045491338018093273,364743.88342387695
central,central,combined_strategy,two,steady,Q16,196.5496214703757,27.25469964091166,40.040855028006014,56000.12272818227,23024.271046895195,0.0005666598380825595,454313.86171408335
central,central,combined_strategy,two,steady,Q17,289.4449440871632,34.26217584132966,50.335789198990476,70499.14861109012,29111.456481237,0.0007146329063875976,573199.9871200228
central,central,combined_strategy,two,steady,Q18,343.0747711374759,42.19548852369449,61.9909028928351,88886.4003377226,36637.310207091716,0.0009003361573941424,722028.0991327949
central,central,combined_strategy,two,steady,Q19,405.4698262832585,51.19757035031671,75.21618360108255,110010.40591728807,45285.51691185754,0.001113699789724878,893029.5272293766
central,central,combined_strategy,two,steady,Q20,469.41843055496616,61.82664871655612,90.83174317617502,134166.76197488565,55153.38833045405,0.0013574790289536906,1088361.2225155705
central,central,combined_strategy,two,steady,Q21,541.3302573903113,74.47796821936373,109.41824960622569,161532.91516638544,66331.63352063301,0.0016336516840524385,1309641.0869005888
central,central,combined_strategy,two,steady,Q22,629.1049831840969,89.33577218524874,131.24638135857526,192696.76371294243,79079.3445161124,0.0019483388795138307,1561812.1112741148
central,central,combined_strategy,two,steady,Q23,724.6463600407639,106.96384874307292,157.14441975834163,228208.1389095437,93592.88026688238,0.002306811806037438,1849038.6719889252
central,central,combined_strategy,two,steady,Q24,835.7432083687498,127.64082800159971,187.52171027395505,268679.9722876512,110141.13329420582,0.002715441234873545,2176462.1427578526
central,central,combined_strategy,two,transition,Q01,0.0,0.0,0.0,0.0,0.0,0.0,0.0
central,central,combined_strategy,two,transition,Q02,0.0,0.0,0.0,0.0,0.0,0.0,0.0
central,central,combined_strategy,two,transition,Q03,0.0,0.0,0.0,0.0,0.0,0.0,0.0
central,central,combined_strategy,two,transition,Q04,0.0,0.0,0.0,0.0,0.0,0.0,0.0
central,central,combined_strategy,two,transition,Q05,0.0,0.0,0.0,0.0,0.0,0.0,0.0
central,central,combined_strategy,two,transition,Q06,0.0,0.0,0.0,0.0,0.0,0.0,0.0
central,central,combined_strategy,two,transition,Q07,0.0,0.0,0.0,0.0,0.0,0.0,0.0
central,central,combined_strategy,two,transition,Q08,0.0,0.0,0.0,0.0,0.0,0.0,0.0
central,central,combined_strategy,two,transition,Q09,28.516374086907035,1.888492304415324,2.774451657103994,3547.659146211853,1260.214688469216,3.26829853290428e-05,25316.91748228031
central,central,combined_strategy,two,transition,Q10,42.9531934014668,4.008028937026864,5.888338808718477,8177.991237378345,2795.972838518217,7.404307210704457e-05,57027.0795474272
central,central,combined_strategy,two,transition,Q11,63.21749780645021,6.37361272473548,9.363702644981753,13577.544028242783,4550.061325280372,0.00012166978293507414,93355.15059566934
central,central,combined_strategy,two,transition,Q12,84.73850972977502,9.21231285002931,13.53413863152454,19929.317508160268,6551.3737551374725,0.00017679911243505543,135137.36275748376
central,central,combined_strategy,two,transition,Q13,102.04628889416387,12.610124209098704,18.5259849491697,27145.44812032545,8741.07198198915,0.0002382798516727431,181389.75136238796
central,central,combined_strategy,two,transition,Q14,131.3158300868381,16.511281076767744,24.257314174510636,35376.06630024739,11195.658859970708,0.0003076169420033132,233285.70072851583
central,central,combined_strategy,two,transition,Q15,160.8287638788346,21.401666902563385,31.4419550790746,44949.006324562564,13954.175821791034,0.00038688745902397935,292182.9008564599
central,central,combined_strategy,two,transition,Q16,196.5496214703757,27.25469964091166,40.040855028006014,56000.12272818227,17047.759670742103,0.0004770121674402632,358689.67969563394
central,central,combined_strategy,two,transition,Q17,289.4449440871632,34.26217584132966,50.335789198990476,70499.14861109012,21117.689330070643,0.0005947263991201024,445299.7127013611
central,central,combined_strategy,two,transition,Q18,343.0747711374759,42.19548852369449,61.9909028928351,88886.4003377226,25925.427583292727,0.0007396579180371578,550637.9771520111
central,central,combined_strategy,two,transition,Q19,405.4698262832585,51.19757035031671,75.21618360108255,110010.40591728807,31267.268197343958,0.0009034260590071745,668737.5477971593
central,central,combined_strategy,two,transition,Q20,469.41843055496616,61.82664871655612,90.83174317617502,134166.76197488565,37144.08948468522,0.0010873395462671583,800212.440983269
central,central,combined_strategy,two,transition,Q21,541.3302573903113,74.47796821936373,109.41824960622569,161532.91516638544,43563.00368503813,0.0012921222365185154,945343.0095310705
central,central,combined_strategy,two,transition,Q22,629.1049831840969,89.33577218524874,131.24638135857526,192696.76371294243,50619.924945928855,0.0015214475859610778,1106461.398151178
central,central,combined_strategy,two,transition,Q23,724.6463600407639,106.96384874307292,157.14441975834163,228208.1389095437,58339.980224305546,0.001778018305398786,1284992.2713076957
central,central,combined_strategy,two,transition,Q24,835.7432083687498,127.64082800159971,187.52171027395505,268679.9722876512,66793.86657600748,0.0020652322341005707,1482905.8752666789
central,high,baseline,single,steady,Q01,0.0,0.0,0.0,0.0,0.0,0.0,0.0
central,high,baseline,single,steady,Q02,0.0,0.0,0.0,0.0,0.0,0.0,0.0
central,high,baseline,single,steady,Q03,0.0,0.0,0.0,0.0,0.0,0.0,0.0
central,high,baseline,single,steady,Q04,0.0,0.0,0.0,0.0,0.0,0.0,0.0
central,high,baseline,single,steady,Q05,0.0,0.0,0.0,0.0,0.0,0.0,0.0
central,high,baseline,single,steady,Q06,0.0,0.0,0.0,0.0,0.0,0.0,0.0
central,high,baseline,single,steady,Q07,0.0,0.0,0.0,0.0,0.0,0.0,0.0
central,high,baseline,single,steady,Q08,0.0,0.0,0.0,0.0,0.0,0.0,0.0
central,high,baseline,single,steady,Q09,48.30266986414482,6.481852218951873,0.0,10791.046364502054,4416.264811638587,0.00010894133556449295,87326.83357439408
central,high,baseline,single,steady,Q10,75.2823930063266,13.885921374758924,0.0,25077.866709147776,10188.654430359144,0.00025242317416535184,202198.01114018253
central,high,baseline,single,steady,Q11,112.72495276631525,22.303689264122294,0.0,41978.63635569632,17028.05629244322,0.00042226389950493064,338195.10834721744
central,high,baseline,single,steady,Q12,153.91691419546635,32.65534200711645,0.0,62144.62260752424,25182.010542404187,0.0006248511177792228,500398.5958541388
central,high,baseline,single,steady,Q13,189.92299277498444,45.33382506855814,0.0,85381.0880901484,34554.94813414361,0.0008580626790076692,687073.8337020297
central,high,baseline,single,steady,Q14,248.4746829000283,60.298917417225155,0.0,112262.54846710186,45432.118211349414,0.0011281979675031913,903371.3759819015
central,high,baseline,single,steady,Q15,310.8356907893484,79.33828252601643,0.0,143973.73207210007,58250.83335168174,0.0014467474173620477,1158403.2618052177
central,high,baseline,single,steady,Q16,387.8660108561695,102.45160802793528,0.0,181104.8102285852,73268.8819171604,0.0018198299385832548,1457108.0600859448
central,high,baseline,single,steady,Q17,574.5287839750171,130.52284603600506,0.0,230522.90319610672,93423.48026941073,0.0023180248361009273,1856326.4154785343
central,high,baseline,single,steady,Q18,692.4127012035908,162.8584826491729,0.0,294093.50582202355,119103.6569725412,0.0029564118970707987,2367410.5930135064
central,high,baseline,single,steady,Q19,831.990632002513,200.2230578379293,0.0,368186.3817650782,149038.64549895527,0.0037005058608692108,2963131.9820498656
central,high,baseline,single,steady,Q20,981.5261094257419,245.46376177419717,0.0,454154.3837869737,183747.5376145281,0.004563628997675994,3654092.911293176
central,high,baseline,single,steady,Q21,1155.5605247791095,300.57157974861826,0.0,552981.6650069997,223654.07284223245,0.005555933576363066,4448467.388450324
central,high,baseline,single,steady,Q22,1371.9081453163817,366.76420278707053,0.0,667198.6384902708,269806.65378813463,0.0067030921898369065,5366861.09184243
central,high,baseline,single,steady,Q23,1616.9693169422367,446.7214239013144,0.0,799305.1278325259,323179.3504788455,0.008029857878903117,6429014.016118558
central,high,baseline,single,steady,Q24,1909.711593771654,542.1753948756402,0.0,952151.8273551427,384951.24182703823,0.009565134259375616,7658119.727690953
central,high,baseline,single,transition,Q01,0.0,0.0,0.0,0.0,0.0,0.0,0.0
central,high,baseline,single,transition,Q02,0.0,0.0,0.0,0.0,0.0,0.0,0.0
central,high,baseline,single,transition,Q03,0.0,0.0,0.0,0.0,0.0,0.0,0.0
central,high,baseline,single,transition,Q04,0.0,0.0,0.0,0.0,0.0,0.0,0.0
central,high,baseline,single,transition,Q05,0.0,0.0,0.0,0.0,0.0,0.0,0.0
central,high,baseline,single,transition,Q06,0.0,0.0,0.0,0.0,0.0,0.0,0.0
central,high,baseline,single,transition,Q07,0.0,0.0,0.0,0.0,0.0,0.0,0.0
central,high,baseline,single,transition,Q08,0.0,0.0,0.0,0.0,0.0,0.0,0.0
central,high,baseline,single,transition,Q09,48.30266986414482,6.481852218951873,0.0,10791.046364502054,3665.5833254123577,9.76811132710995e-05,75315.9297947744
central,high,baseline,single,transition,Q10,75.2823930063266,13.885921374758924,0.0,25077.866709147776,8319.8739606389,0.00022439146711954823,172297.52362465864
central,high,baseline,single,transition,Q11,112.72495276631525,22.303689264122294,0.0,41978.63635569632,13689.643679544843,0.000372187710311455,284780.5065408434
central,high,baseline,single,transition,Q12,153.91691419546635,32.65534200711645,0.0,62144.62260752424,19914.677505417923,0.0005458411222244289,416121.26726235857
central,high,baseline,single,transition,Q13,189.92299277498444,45.33382506855814,0.0,85381.0880901484,26862.94043810091,0.0007426825635670287,564001.7105653465
central,high,baseline,single,transition,Q14,248.4746829000283,60.298917417225155,0.0,112262.54846710186,34701.33673356415,0.0009672362453364124,731678.8723373374
central,high,baseline,single,transition,Q15,310.8356907893484,79.33828252601643,0.0,143973.73207210007,43659.55995676626,0.0012278783164383156,924942.8874865699
central,high,baseline,single,transition,Q16,387.8660108561695,102.45160802793528,0.0,181104.8102285852,53834.424414877285,0.0015283130760490081,1146156.740049415
central,high,baseline,single,transition,Q17,574.5287839750171,130.52284603600506,0.0,230522.90319610672,67113.46200642898,0.0019233745621562012,1435366.1232708262
central,high,baseline,single,transition,Q18,692.4127012035908,162.8584826491729,0.0,294093.50582202355,83396.24527790217,0.0024208007216512135,1796092.0058992817
central,high,baseline,single,transition,Q19,831.990632002513,200.2230578379293,0.0,368186.3817650782,101734.08800453378,0.0029909374984528887,2206259.0621391213
central,high,baseline,single,transition,Q20,981.5261094257419,245.46376177419717,0.0,454154.3837869737,122239.57109040211,0.0036410094998141043,2669965.44690716
central,high,baseline,single,transition,Q21,1155.5605247791095,300.57157974861826,0.0,552981.6650069997,144958.75306244977,0.004375503779666326,3189342.2719738004
central,high,baseline,single,transition,Q22,1371.9081453163817,366.76420278707053,0.0,667198.6384902708,170254.32145923292,0.00520980720490338,3774023.774580002
central,high,baseline,single,transition,Q23,1616.9693169422367,446.7214239013144,0.0,799305.1278325259,198354.47236272978,0.00615748470716138,4431815.966260707
central,high,baseline,single,transition,Q24,1909.711593771654,542.1753948756402,0.0,952151.8273551427,229557.02380639914,0.00723422098906603,5171812.239360727
central,high,baseline,two,steady,Q01,0.0,0.0,0.0,0.0,0.0,0.0,0.0
central,high,baseline,two,steady,Q02,0.0,0.0,0.0,0.0,0.0,0.0,0.0
central,high,baseline,two,steady,Q03,0.0,0.0,0.0,0.0,0.0,0.0,0.0
central,high,baseline,two,steady,Q04,0.0,0.0,0.0,0.0,0.0,0.0,0.0
central,high,baseline,two,steady,Q05,0.0,0.0,0.0,0.0,0.0,0.0,0.0
central,high,baseline,two,steady,Q06,0.0,0.0,0.0,0.0,0.0,0.0,0.0
central,high,baseline,two,steady,Q07,0.0,0.0,0.0,0.0,0.0,0.0,0.0
central,high,baseline,two,steady,Q08,0.0,0.0,0.0,0.0,0.0,0.0,0.0
central,high,baseline,two,steady,Q09,49.519020724206065,6.481852218951873,0.0,5395.523182251032,2311.6277242372453,5.5538030227520786e-05,44698.36997137658
central,high,baseline,two,steady,Q10,77.90588252749643,13.885921374758922,0.0,12538.933354573901,5259.705430443119,0.00012793479884218528,102752.78772272679
central,high,baseline,two,steady,Q11,117.04244558219511,22.30368926412229,0.0,20989.31817784818,8763.58237483395,0.0002137390104849095,171593.09645973222
central,high,baseline,two,steady,Q12,160.23121975957267,32.655342007116445,0.0,31072.31130376215,12934.109687288917,0.0003160198797605154,253630.34208793775
central,high,baseline,two,steady,Q13,198.4559644512945,45.33382506855813,0.0,42690.544045074246,17705.585880185,0.00043353912676030964,347818.034982147
central,high,baseline,two,steady,Q14,259.6560449114981,60.29891741722514,0.0,56131.27423355099,23276.70201621781,0.0005700069074441132,457292.1170963821
central,high,baseline,two,steady,Q15,325.0881001896143,79.33828252601643,0.0,71986.86603605011,29829.5144268834,0.0007308113776040798,586242.6084130345
central,high,baseline,two,steady,Q16,405.71775797368787,102.45160802793528,0.0,90552.40511429269,37514.9540256591,0.0009192323580025567,737359.1607137618
central,high,baseline,two,steady,Q17,597.588401357727,130.52284603600503,0.0,115261.45159805348,47995.23797782158,0.0011725000107118068,940998.1861704298
central,high,baseline,two,steady,Q18,721.5150406346432,162.85848264917286,0.0,147046.75291101192,61105.39014829559,0.0014945558575688964,1199240.9131270037
central,high,baseline,two,steady,Q19,868.1349828639458,200.22305783792925,0.0,184093.19088253926,76391.848594986,0.0018699793041788803,1500291.2494800172
central,high,baseline,two,steady,Q20,1025.7233025442397,245.4637617741971,0.0,227077.1918934871,94092.14448635821,0.0023052255744378117,1849230.2124375307
central,high,baseline,two,steady,Q21,1208.962973403143,300.5715797486182,0.0,276490.83250350016,114448.65060642097,0.002805685787933326,2250449.8360782107
central,high,baseline,two,steady,Q22,1435.9805407569174,366.7642027870705,0.0,333599.31924513576,138022.74247241538,0.003384574071715872,2714624.701704697
central,high,baseline,two,steady,Q23,1693.3166597986233,446.7214239013143,0.0,399652.5639162634,165276.01661382723,0.004054025960315113,3251370.4218033263
central,high,baseline,two,steady,Q24,2000.2565274681285,542.1753948756401,0.0,476075.9136775719,196837.7665995899,0.004828899463522898,3872681.320706187
central,high,baseline,two,transition,Q01,0.0,0.0,0.0,0.0,0.0,0.0,0.0
central,high,baseline,two,transition,Q02,0.0,0.0,0.0,0.0,0.0,0.0,0.0
central,high,baseline,two,transition,Q03,0.0,0.0,0.0,0.0,0.0,0.0,0.0
central,high,baseline,two,transition,Q04,0.0,0.0,0.0,0.0,0.0,0.0,0.0
central,high,baseline,two,transition,Q05,0.0,0.0,0.0,0.0,0.0,0.0,0.0
central,high,baseline,two,transition,Q06,0.0,0.0,0.0,0.0,0.0,0.0,0.0
central,high,baseline,two,transition,Q07,0.0,0.0,0.0,0.0,0.0,0.0,0.0
central,high,baseline,two,transition,Q08,0.0,0.0,0.0,0.0,0.0,0.0,0.0
central,high,baseline,two,transition,Q09,49.519020724206065,6.481852218951873,0.0,5395.523182251032,1936.2869811241299,4.9907919080824056e-05,38692.918081566735
central,high,baseline,two,transition,Q10,77.90588252749643,13.885921374758922,0.0,12538.933354573901,4325.315195582996,0.00011391894531928345,87802.54396496483
central,high,baseline,two,transition,Q11,117.04244558219511,22.30368926412229,0.0,20989.31817784818,7094.3760683847595,0.00018870091588817165,144885.79555654517
central,high,baseline,two,transition,Q12,160.23121975957267,32.655342007116445,0.0,31072.31130376215,10300.44316879578,0.00027651488198311843,211491.67779204762
central,high,baseline,two,transition,Q13,198.4559644512945,45.33382506855813,0.0,42690.544045074246,13859.582032163646,0.00037584906903998937,286281.97341380536
central,high,baseline,two,transition,Q14,259.6560449114981,60.29891741722514,0.0,56131.27423355099,17911.31127732517,0.0004895260463607236,371445.86527409987
central,high,baseline,two,transition,Q15,325.0881001896143,79.33828252601643,0.0,71986.86603605011,22533.87772942565,0.0006213768271422135,469512.4212537105
central,high,baseline,two,transition,Q16,405.71775797368787,102.45160802793528,0.0,90552.40511429269,27797.72527451753,0.0007734739267354332,581883.5006954968
central,high,baseline,two,transition,Q17,597.588401357727,130.52284603600503,0.0,115261.45159805348,34840.22884633068,0.0009751748737394433,730518.0400665756
central,high,baseline,two,transition,Q18,721.5150406346432,162.85848264917286,0.0,147046.75291101192,43251.68430097605,0.0012267502698591034,913581.6195698912
central,high,baseline,two,transition,Q19,868.1349828639458,200.22305783792925,0.0,184093.19088253926,52739.56984777523,0.0015151951229707187,1121854.789524645
central,high,baseline,two,transition,Q20,1025.7233025442397,245.4637617741971,0.0,227077.1918934871,63338.161224295196,0.001843915825506866,1357166.4802445224
central,high,baseline,two,transition,Q21,1208.962973403143,300.5715797486182,0.0,276490.83250350016,75100.99071652959,0.0022154708895849545,1620887.2778399484
central,high,baseline,two,transition,Q22,1435.9805407569174,366.7642027870705,0.0,333599.31924513576,88246.57630796445,0.0026379315792491075,1918206.043073482
central,high,baseline,two,transition,Q23,1693.3166597986233,446.7214239013143,0.0,399652.5639162634,102863.57755576928,0.0031178393744442433,2252771.3968743985
central,high,baseline,two,transition,Q24,2000.2565274681285,542.1753948756401,0.0,476075.9136775719,119140.65758927024,0.0036634428283681027,2629527.5765410718
central,high,improved_pue,single,steady,Q01,0.0,0.0,0.0,0.0,0.0,0.0,0.0
central,high,improved_pue,single,steady,Q02,0.0,0.0,0.0,0.0,0.0,0.0,0.0
central,high,improved_pue,single,steady,Q03,0.0,0.0,0.0,0.0,0.0,0.0,0.0
central,high,improved_pue,single,steady,Q04,0.0,0.0,0.0,0.0,0.0,0.0,0.0
central,high,improved_pue,single,steady,Q05,0.0,0.0,0.0,0.0,0.0,0.0,0.0
central,high,improved_pue,single,steady,Q06,0.0,0.0,0.0,0.0,0.0,0.0,0.0
central,high,improved_pue,single,steady,Q07,0.0,0.0,0.0,0.0,0.0,0.0,0.0
central,high,improved_pue,single,steady,Q08,0.0,0.0,0.0,0.0,0.0,0.0,0.0
central,high,improved_pue,single,steady,Q09,48.30266986414482,6.481852218951873,0.0,9852.694506719272,4040.9240685254745,9.955781698666512e-05,79820.01871213183
central,high,improved_pue,single,steady,Q10,75.2823930063266,13.885921374758924,0.0,22741.891121997476,9254.264195499025,0.00022906341829384888,183510.20644298015
central,high,improved_pue,single,steady,Q11,112.72495276631525,22.303689264122294,0.0,37805.620589573344,15358.849985994031,0.0003805337418437009,304810.98221823364
central,high,improved_pue,single,steady,Q12,153.91691419546635,32.65534200711645,0.0,55560.456311291404,22548.344023911057,0.0005590094548168945,447725.2654842761
central,high,improved_pue,single,steady,Q13,189.92299277498444,45.33382506855814,0.0,75766.07847009502,30708.94428612226,0.0007619125828071355,610153.7567416026
central,high,improved_pue,single,steady,Q14,248.4746829000283,60.298917417225155,0.0,98849.07161987029,40066.72747245678,0.0009940631990308757,796063.5612040488
central,high,improved_pue,single,steady,Q15,310.8356907893484,79.33828252601643,0.0,125734.64032845572,50955.196654224,0.0012643564999256043,1012490.5278560626
central,high,improved_pue,single,steady,Q16,387.8660108561695,102.45160802793528,0.0,156811.73835073132,63551.65316601885,0.0015768992198047162,1262763.4850631135
central,high,improved_pue,single,steady,Q17,574.5287839750171,130.52284603600506,0.0,197635.38036737952,80268.47113791986,0.0019891496078136557,1593226.2328487164
central,high,improved_pue,single,steady,Q18,692.4127012035908,162.8584826491729,0.0,249459.2412037248,101249.9511252217,0.0025100692508878116,2010336.476067116
central,high,improved_pue,single,steady,Q19,831.990632002513,200.2230578379293,0.0,309055.68489705137,125386.36675174454,0.003109198892188943,2490086.4071056508
central,high,improved_pue,single,steady,Q20,981.5261094257419,245.46376177419717,0.0,377269.42563181627,152993.5543524651,0.0037947794161244195,3039013.246051916
central,high,improved_pue,single,steady,Q21,1155.5605247791095,300.57157974861826,0.0,454612.51528227143,184306.41295234108,0.004572242079115782,3661514.1906524966
central,high,improved_pue,single,steady,Q22,1371.9081453163817,366.76420278707053,0.0,542758.2230791437,220030.48762368373,0.005458688035725634,4371337.768553412
central,high,improved_pue,single,steady,Q23,1616.9693169422367,446.7214239013144,0.0,643274.0301873813,260766.9114207876,0.0064695469024516694,5180765.234957401
central,high,improved_pue,single,steady,Q24,1909.711593771654,542.1753948756402,0.0,757909.0548293439,307254.13281671866,0.007622706534117627,6104177.547484562
central,high,improved_pue,single,transition,Q01,0.0,0.0,0.0,0.0,0.0,0.0,0.0
central,high,improved_pue,single,transition,Q02,0.0,0.0,0.0,0.0,0.0,0.0,0.0
central,high,improved_pue,single,transition,Q03,0.0,0.0,0.0,0.0,0.0,0.0,0.0
central,high,improved_pue,single,transition,Q04,0.0,0.0,0.0,0.0,0.0,0.0,0.0
central,high,improved_pue,single,transition,Q05,0.0,0.0,0.0,0.0,0.0,0.0,0.0
central,high,improved_pue,single,transition,Q06,0.0,0.0,0.0,0.0,0.0,0.0,0.0
central,high,improved_pue,single,transition,Q07,0.0,0.0,0.0,0.0,0.0,0.0,0.0
central,high,improved_pue,single,transition,Q08,0.0,0.0,0.0,0.0,0.0,0.0,0.0
central,high,improved_pue,single,transition,Q09,48.30266986414482,6.481852218951873,0.0,9852.694506719272,3355.5192332754386,8.927674445791459e-05,68853.54134813126
central,high,improved_pue,single,transition,Q10,75.2823930063266,13.885921374758924,0.0,22741.891121997476,7560.139625140259,0.00020365154973846743,156404.21331723992
central,high,improved_pue,single,transition,Q11,112.72495276631525,22.303689264122294,0.0,37805.620589573344,12354.835896715624,0.00033547353050452484,256746.75678977917
central,high,improved_pue,single,transition,Q12,153.91691419546635,32.65534200711645,0.0,55560.456311291404,17846.041300381356,0.000488474913963949,372488.42190780095
central,high,improved_pue,single,transition,Q13,189.92299277498444,45.33382506855814,0.0,75766.07847009502,23898.228815586965,0.000659751850749106,501182.3092130379
central,high,improved_pue,single,transition,Q14,248.4746829000283,60.298917417225155,0.0,98849.07161987029,30646.63016759907,0.0008527617394580099,645342.0043263255
central,high,improved_pue,single,transition,Q15,310.8356907893484,79.33828252601643,0.0,125734.64032845572,38262.07359353849,0.0010739596540153217,809400.5588850947
central,high,improved_pue,single,transition,Q16,387.8660108561695,102.45160802793528,0.0,156811.73835073132,46804.995580688694,0.0013256993560247638,994816.9636978314
central,high,improved_pue,single,transition,Q17,574.5287839750171,130.52284603600506,0.0,197635.38036737952,57842.002489403865,0.001652752578085916,1234402.734472461
central,high,improved_pue,single,transition,Q18,692.4127012035908,162.8584826491729,0.0,249459.2412037248,71162.56391828945,0.0020587584427838278,1528938.2807562004
central,high,improved_pue,single,transition,Q19,831.990632002513,200.2230578379293,0.0,309055.68489705137,85970.84053194379,0.002517965998891932,1859437.9875888391
central,high,improved_pue,single,transition,Q20,981.5261094257419,245.46376177419717,0.0,377269.42563181627,102307.93183735535,0.0030344950783977734,2228043.2858101605
central,high,improved_pue,single,transition,Q21,1155.5605247791095,300.57157974861826,0.0,454612.51528227143,120169.81832410872,0.003610193159692297,2635328.676600779
central,high,improved_pue,single,transition,Q22,1371.9081453163817,366.76420278707053,0.0,542758.2230791437,139797.7202673269,0.004255196525380282,3087613.490851702
central,high,improved_pue,single,transition,Q23,1616.9693169422367,446.7214239013144,0.0,643274.0301873813,161305.0331393766,0.004977618728230505,3589375.182454825
central,high,improved_pue,single,transition,Q24,1909.711593771654,542.1753948756402,0.0,757909.0548293439,184865.2496069151,0.005786873285970575,4145955.4161277055
central,high,improved_pue,two,steady,Q01,0.0,0.0,0.0,0.0,0.0,0.0,0.0
central,high,improved_pue,two,steady,Q02,0.0,0.0,0.0,0.0,0.0,0.0,0.0
central,high,improved_pue,two,steady,Q03,0.0,0.0,0.0,0.0,0.0,0.0,0.0
central,high,improved_pue,two,steady,Q04,0.0,0.0,0.0,0.0,0.0,0.0,0.0
central,high,improved_pue,two,steady,Q05,0.0,0.0,0.0,0.0,0.0,0.0,0.0
central,high,improved_pue,two,steady,Q06,0.0,0.0,0.0,0.0,0.0,0.0,0.0
central,high,improved_pue,two,steady,Q07,0.0,0.0,0.0,0.0,0.0,0.0,0.0
central,high,improved_pue,two,steady,Q08,0.0,0.0,0.0,0.0,0.0,0.0,0.0
central,high,improved_pue,two,steady,Q09,49.519020724206065,6.481852218951873,0.0,4926.347253359641,2123.957352680689,5.084627093860688e-05,40944.962540245455
central,high,improved_pue,two,steady,Q10,77.90588252749643,13.885921374758922,0.0,11370.945560998745,4792.5103130130565,0.00011625492090643373,93408.88537412554
central,high,improved_pue,two,steady,Q11,117.04244558219511,22.30368926412229,0.0,18902.810294786686,7928.979221609352,0.00019287393165429455,154901.03339524026
central,high,improved_pue,two,steady,Q12,160.23121975957267,32.655342007116445,0.0,27780.228155645727,11617.276428042347,0.0002830990482793512,227293.6769030064
central,high,improved_pue,two,steady,Q13,198.4559644512945,45.33382506855813,0.0,37883.03923504756,15782.583956174327,0.0003854640786600428,309357.9965019335
central,high,improved_pue,two,steady,Q14,259.6560449114981,60.29891741722514,0.0,49424.53580993519,20594.00664677149,0.0005029395232079552,403638.20970745565
central,high,improved_pue,two,steady,Q15,325.0881001896143,79.33828252601643,0.0,62867.320164227924,26181.696078154528,0.000639615918885858,513286.2414384569
central,high,improved_pue,two,steady,Q16,405.71775797368787,102.45160802793528,0.0,78405.86917536575,32656.339650088317,0.0007977669986132872,640186.8732023461
central,high,improved_pue,two,steady,Q17,597.588401357727,130.52284603600503,0.0,98817.6901836899,41417.73341207615,0.001008062396568171,809448.0948555211
central,high,improved_pue,two,steady,Q18,721.5150406346432,162.85848264917286,0.0,124729.62060186255,52178.53722463583,0.0012713845344774024,1020703.8546538085
central,high,improved_pue,two,steady,Q19,868.1349828639458,200.22305783792925,0.0,154527.84244852586,64565.70922138063,0.001574325819838746,1263768.4620079098
central,high,improved_pue,two,steady,Q20,1025.7233025442397,245.4637617741971,0.0,188634.71281590842,78715.15285532674,0.0019208007836620244,1541690.379816901
central,high,improved_pue,two,steady,Q21,1208.962973403143,300.5715797486182,0.0,227306.257641136,94774.8206614753,0.0023138400393096837,1856973.2371792968
central,high,improved_pue,two,steady,Q22,1435.9805407569174,366.7642027870705,0.0,271379.1115395722,113134.65939018993,0.0027623719946602353,2216863.0400601877
central,high,improved_pue,two,steady,Q23,1693.3166597986233,446.7214239013143,0.0,321637.01509369106,134069.79708479828,0.0032738704720893888,2627246.0312227467
central,high,improved_pue,two,steady,Q24,2000.2565274681285,542.1753948756401,0.0,378954.52741467254,157989.2120944301,0.0038576856008939037,3095710.230602991
central,high,improved_pue,two,transition,Q01,0.0,0.0,0.0,0.0,0.0,0.0,0.0
central,high,improved_pue,two,transition,Q02,0.0,0.0,0.0,0.0,0.0,0.0,0.0
central,high,improved_pue,two,transition,Q03,0.0,0.0,0.0,0.0,0.0,0.0,0.0
central,high,improved_pue,two,transition,Q04,0.0,0.0,0.0,0.0,0.0,0.0,0.0
central,high,improved_pue,two,transition,Q05,0.0,0.0,0.0,0.0,0.0,0.0,0.0
central,high,improved_pue,two,transition,Q06,0.0,0.0,0.0,0.0,0.0,0.0,0.0
central,high,improved_pue,two,transition,Q07,0.0,0.0,0.0,0.0,0.0,0.0,0.0
central,high,improved_pue,two,transition,Q08,0.0,0.0,0.0,0.0,0.0,0.0,0.0
central,high,improved_pue,two,transition,Q09,49.519020724206065,6.481852218951873,0.0,4926.347253359641,1781.2549350556703,4.5705734674231604e-05,35461.72385824516
central,high,improved_pue,two,transition,Q10,77.90588252749643,13.885921374758922,0.0,11370.945560998745,3945.448027833673,0.00010354898662874298,79855.88881125543
central,high,improved_pue,two,transition,Q11,117.04244558219511,22.30368926412229,0.0,18902.810294786686,6426.972176970148,0.00017034382598470649,130868.920681013
central,high,improved_pue,two,transition,Q12,160.23121975957267,32.655342007116445,0.0,27780.228155645727,9266.125066277495,0.0002478317778528784,189675.25511476875
central,high,improved_pue,two,transition,Q13,198.4559644512945,45.33382506855813,0.0,37883.03923504756,12377.226220906674,0.00033438371263102803,254872.27273765107
central,high,improved_pue,two,transition,Q14,259.6560449114981,60.29891741722514,0.0,49424.53580993519,15883.957994342627,0.0004322887934215223,328277.4312685939
central,high,improved_pue,two,transition,Q15,325.0881001896143,79.33828252601643,0.0,62867.320164227924,19835.134547811766,0.0005444174959307165,411741.2569529728
central,high,improved_pue,two,transition,Q16,405.71775797368787,102.45160802793528,0.0,78405.86917536575,24283.010857423233,0.0006721670667233109,506213.6125197048
central,high,improved_pue,two,transition,Q17,597.588401357727,130.52284603600503,0.0,98817.6901836899,30204.499087818138,0.0008398638817043008,630036.345667393
central,high,improved_pue,two,transition,Q18,721.5150406346432,162.85848264917286,0.0,124729.62060186255,37134.84362116969,0.0010457291304254103,780004.7569983501
central,high,improved_pue,two,transition,Q19,868.1349828639458,200.22305783792925,0.0,154527.84244852586,44857.94611148023,0.00127870937319024,948444.2522495033
central,high,improved_pue,two,transition,Q20,1025.7233025442397,245.4637617741971,0.0,188634.71281590842,53372.341597771825,0.0015406586147987008,1136205.3996960223
central,high,improved_pue,two,transition,Q21,1208.962973403143,300.5715797486182,0.0,227306.257641136,62706.52334735906,0.0018328155795979402,1343880.480153437
central,high,improved_pue,two,transition,Q22,1435.9805407569174,366.7642027870705,0.0,271379.1115395722,73018.27571201144,0.002160626239487558,1575000.9012093318
central,high,improved_pue,two,transition,Q23,1693.3166597986233,446.7214239013143,0.0,321637.01509369106,84338.8579440927,0.0025279063849788052,1831551.0049714574
central,high,improved_pue,two,transition,Q24,2000.2565274681285,542.1753948756401,0.0,378954.52741467254,96794.77048952825,0.0029397689768203756,2116599.164924561
central,high,advanced_coolant,single,steady,Q01,0.0,0.0,0.0,0.0,0.0,0.0,0.0
central,high,advanced_coolant,single,steady,Q02,0.0,0.0,0.0,0.0,0.0,0.0,0.0
central,high,advanced_coolant,single,steady,Q03,0.0,0.0,0.0,0.0,0.0,0.0,0.0
central,high,advanced_coolant,single,steady,Q04,0.0,0.0,0.0,0.0,0.0,0.0,0.0
central,high,advanced_coolant,single,steady,Q05,0.0,0.0,0.0,0.0,0.0,0.0,0.0
central,high,advanced_coolant,single,steady,Q06,0.0,0.0,0.0,0.0,0.0,0.0,0.0
central,high,advanced_coolant,single,steady,Q07,0.0,0.0,0.0,0.0,0.0,0.0,0.0
central,high,advanced_coolant,single,steady,Q08,0.0,0.0,0.0,0.0,0.0,0.0,0.0
central,high,advanced_coolant,single,steady,Q09,42.4601114943116,6.359926804436046,0.0,10791.046364502054,4404.518732191663,0.00010882326514295113,87209.37277992484
central,high,advanced_coolant,single,steady,Q10,65.79244219197875,13.54278696074628,0.0,25077.866709147776,10169.502961523442,0.0002522299438049248,202006.4964518255
central,high,advanced_coolant,single,steady,Q11,97.59627340733434,21.60125539965982,0.0,41978.63635569632,16997.447716793024,0.00042195430157910646,337889.02259071544
central,high,advanced_coolant,single,steady,Q12,131.96600910008323,31.312035661972196,0.0,62144.62260752424,25137.437079040843,0.0006243986666138637,499952.8612205053
central,high,advanced_coolant,single,steady,Q13,161.48625203074715,42.97673249865865,0.0,85381.0880901484,34496.89610637018,0.0008574703732670855,686493.3134242953
central,high,advanced_coolant,single,steady,Q14,208.56210157620345,56.42904057183169,0.0,112262.54846710186,45350.35811027906,0.0011273610171082609,902553.7749711979
central,high,advanced_coolant,single,steady,Q15,257.76459993240536,73.30076710359893,0.0,143973.73207210007,58141.67241225664,0.0014456256203906849,1157311.6524109666
central,high,advanced_coolant,single,steady,Q16,317.3602002666575,93.5120943230907,0.0,181104.8102285852,73123.40053912894,0.0018183304272344162,1455653.24630563
central,high,advanced_coolant,single,steady,Q17,458.7457445553582,117.7304222123413,0.0,230522.90319610672,93185.51797865957,0.002315581251074298,1853946.7925710224
central,high,advanced_coolant,single,steady,Q18,546.3460217901085,145.1965439811358,0.0,294093.50582202355,118802.69264438021,0.002953313944095849,2364400.949731896
central,high,advanced_coolant,single,steady,Q19,647.9518425051185,176.40732572439026,0.0,368186.3817650782,148658.6600539037,0.003696586927758128,2959332.1275993497
central,high,advanced_coolant,single,steady,Q20,754.5678535183598,213.31241504744708,0.0,454154.3837869737,183277.54542934994,0.004558768319090579,3649392.9894413943
central,high,advanced_coolant,single,steady,Q21,876.0123197102681,257.31287002395584,0.0,552981.6650069997,223073.3470772324,0.0055499100251644425,4442660.130800324
central,high,advanced_coolant,single,steady,Q22,1023.6675587723455,309.05196975416817,0.0,667198.6384902708,269081.3164985301,0.006695550255775697,5359607.718946385
central,high,advanced_coolant,single,steady,Q23,1187.2050548060345,370.47654648769344,0.0,799305.1278325259,322281.6995158663,0.008020500144886257,6420037.506488767
central,high,advanced_coolant,single,steady,Q24,1378.0851258265131,442.56684111578585,0.0,952151.8273551427,383838.184614268,0.009553505644479116,7646989.155563252
central,high,advanced_coolant,single,transition,Q01,0.0,0.0,0.0,0.0,0.0,0.0,0.0
central,high,advanced_coolant,single,transition,Q02,0.0,0.0,0.0,0.0,0.0,0.0,0.0
central,high,advanced_coolant,single,transition,Q03,0.0,0.0,0.0,0.0,0.0,0.0,0.0
central,high,advanced_coolant,single,transition,Q04,0.0,0.0,0.0,0.0,0.0,0.0,0.0
central,high,advanced_coolant,single,transition,Q05,0.0,0.0,0.0,0.0,0.0,0.0,0.0
central,high,advanced_coolant,single,transition,Q06,0.0,0.0,0.0,0.0,0.0,0.0,0.0
central,high,advanced_coolant,single,transition,Q07,0.0,0.0,0.0,0.0,0.0,0.0,0.0
central,high,advanced_coolant,single,transition,Q08,0.0,0.0,0.0,0.0,0.0,0.0,0.0
central,high,advanced_coolant,single,transition,Q09,42.4601114943116,6.359926804436046,0.0,10791.046364502054,3653.8372459654333,9.756304284955768e-05,75198.46900030517
central,high,advanced_coolant,single,transition,Q10,65.79244219197875,13.54278696074628,0.0,25077.866709147776,8300.722491803199,0.00022419823675912115,172106.00893630163
central,high,advanced_coolant,single,transition,Q11,97.59627340733434,21.60125539965982,0.0,41978.63635569632,13659.035103894648,0.00037187811238563077,284474.4207843415
central,high,advanced_coolant,single,transition,Q12,131.96600910008323,31.312035661972196,0.0,62144.62260752424,19870.104042054583,0.0005453886710590697,415675.53262872517
central,high,advanced_coolant,single,transition,Q13,161.48625203074715,42.97673249865865,0.0,85381.0880901484,26804.888410327487,0.000742090257826445,563421.1902876123
central,high,advanced_coolant,single,transition,Q14,208.56210157620345,56.42904057183169,0.0,112262.54846710186,34619.57663249381,0.000966399294941482,730861.2713266339
central,high,advanced_coolant,single,transition,Q15,257.76459993240536,73.30076710359893,0.0,143973.73207210007,43550.399017341166,0.0012267565194669526,923851.2780923189
central,high,advanced_coolant,single,transition,Q16,317.3602002666575,93.5120943230907,0.0,181104.8102285852,53688.94303684584,0.0015268135647001696,1144701.9262691005
central,high,advanced_coolant,single,transition,Q17,458.7457445553582,117.7304222123413,0.0,230522.90319610672,66875.49971567783,0.0019209309771295716,1432986.5003633145
central,high,advanced_coolant,single,transition,Q18,546.3460217901085,145.1965439811358,0.0,294093.50582202355,83095.2809497412,0.002417702768676264,1793082.3626176717
central,high,advanced_coolant,single,transition,Q19,647.9518425051185,176.40732572439026,0.0,368186.3817650782,101354.10255948223,0.002987018565341806,2202459.207688606
central,high,advanced_coolant,single,transition,Q20,754.5678535183598,213.31241504744708,0.0,454154.3837869737,121769.57890522399,0.0036361488212286897,2665265.5250553787
central,high,advanced_coolant,single,transition,Q21,876.0123197102681,257.31287002395584,0.0,552981.6650069997,144378.02729744976,0.0043694802284677025,3183535.0143238003
central,high,advanced_coolant,single,transition,Q22,1023.6675587723455,309.05196975416817,0.0,667198.6384902708,169528.98416962838,0.005202265270842171,3766770.4016839564
central,high,advanced_coolant,single,transition,Q23,1187.2050548060345,370.47654648769344,0.0,799305.1278325259,197456.82139975054,0.00614812697314452,4422839.4566309145
central,high,advanced_coolant,single,transition,Q24,1378.0851258265131,442.56684111578585,0.0,952151.8273551427,228443.96659362892,0.007222592374169529,5160681.667233026
central,high,advanced_coolant,two,steady,Q01,0.0,0.0,0.0,0.0,0.0,0.0,0.0
central,high,advanced_coolant,two,steady,Q02,0.0,0.0,0.0,0.0,0.0,0.0,0.0
central,high,advanced_coolant,two,steady,Q03,0.0,0.0,0.0,0.0,0.0,0.0,0.0
central,high,advanced_coolant,two,steady,Q04,0.0,0.0,0.0,0.0,0.0,0.0,0.0
central,high,advanced_coolant,two,steady,Q05,0.0,0.0,0.0,0.0,0.0,0.0,0.0
central,high,advanced_coolant,two,steady,Q06,0.0,0.0,0.0,0.0,0.0,0.0,0.0
central,high,advanced_coolant,two,steady,Q07,0.0,0.0,0.0,0.0,0.0,0.0,0.0
central,high,advanced_coolant,two,steady,Q08,0.0,0.0,0.0,0.0,0.0,0.0,0.0
central,high,advanced_coolant,two,steady,Q09,43.56735084274509,6.3599268044360455,0.0,5395.523182251032,2293.6812705319753,5.535765124985922e-05,44518.90543432388
central,high,advanced_coolant,two,steady,Q10,68.16327337397836,13.54278696074628,0.0,12538.933354573901,5230.220252172056,0.00012763737355136958,102457.93594001615
central,high,advanced_coolant,two,steady,Q11,101.46425234141674,21.60125539965982,0.0,20989.31817784818,8716.320969713268,0.00021326112817971924,171120.4824085254
central,high,advanced_coolant,two,steady,Q12,137.57181873918736,31.312035661972196,0.0,31072.31130376215,12865.124004468902,0.00031531994813472676,252940.48525973762
central,high,advanced_coolant,two,steady,Q13,168.9975997102568,42.97673249865865,0.0,42690.544045074246,17615.442966534465,0.0004326200194295301,346916.6058456416
central,high,advanced_coolant,two,steady,Q14,218.3085346807834,56.42904057183169,0.0,56131.27423355099,23149.757077891623,0.0005687084339845109,456022.6677131201
central,high,advanced_coolant,two,steady,Q15,270.0589464112875,73.30076710359893,0.0,71986.86603605011,29659.89882898161,0.0007290699402593937,584546.4524340165
central,high,advanced_coolant,two,steady,Q16,332.58529368810287,93.51209432309068,0.0,90552.40511429269,37288.851997523714,0.0009169042913684164,735098.1404324078
central,high,advanced_coolant,two,steady,Q17,478.087237032263,117.73042221234127,0.0,115261.45159805348,47627.14016697745,0.001168723089424688,937317.2080619883
central,high,advanced_coolant,two,steady,Q18,570.3861728105879,145.19654398113576,0.0,147046.75291101192,60638.7570908224,0.0014897570624541542,1194574.5825522717
central,high,advanced_coolant,two,steady,Q19,677.3734718986102,176.40732572439023,0.0,184093.19088253926,75801.70226300485,0.0018638992228682172,1494389.7861602055
central,high,advanced_coolant,two,steady,Q20,790.0398229216812,213.31241504744705,0.0,227077.1918934871,93360.98053744549,0.0022976727998482334,1841918.5729484032
central,high,advanced_coolant,two,steady,Q21,918.2769655247229,257.3128700239558,0.0,276490.83250350016,113544.14855049222,0.002796316327051103,2241404.8155189226
central,high,advanced_coolant,two,steady,Q22,1073.6513253966502,309.0519697541681,0.0,333599.31924513576,136892.4706515599,0.00337283851175957,2703321.983496142
central,high,advanced_coolant,two,steady,Q23,1245.8893396343794,370.4765464876934,0.0,399652.5639162634,163876.55099527427,0.004039459467548981,3237375.765617796
central,high,advanced_coolant,two,steady,Q24,1446.6144130319744,442.5668411157858,0.0,476075.9136775719,195102.13384096153,0.004810796071783415,3855324.993119903
central,high,advanced_coolant,two,transition,Q01,0.0,0.0,0.0,0.0,0.0,0.0,0.0
central,high,advanced_coolant,two,transition,Q02,0.0,0.0,0.0,0.0,0.0,0.0,0.0
central,high,advanced_coolant,two,transition,Q03,0.0,0.0,0.0,0.0,0.0,0.0,0.0
central,high,advanced_coolant,two,transition,Q04,0.0,0.0,0.0,0.0,0.0,0.0,0.0
central,high,advanced_coolant,two,transition,Q05,0.0,0.0,0.0,0.0,0.0,0.0,0.0
central,high,advanced_coolant,two,transition,Q06,0.0,0.0,0.0,0.0,0.0,0.0,0.0
central,high,advanced_coolant,two,transition,Q07,0.0,0.0,0.0,0.0,0.0,0.0,0.0
central,high,advanced_coolant,two,transition,Q08,0.0,0.0,0.0,0.0,0.0,0.0,0.0
central,high,advanced_coolant,two,transition,Q09,43.56735084274509,6.3599268044360455,0.0,5395.523182251032,1918.3405274188601,4.972754010316249e-05,38513.453544514035
central,high,advanced_coolant,two,transition,Q10,68.16327337397836,13.54278696074628,0.0,12538.933354573901,4295.830017311933,0.00011362152002846773,87507.69218225419
central,high,advanced_coolant,two,transition,Q11,101.46425234141674,21.60125539965982,0.0,20989.31817784818,7047.1146632640775,0.00018822303358298137,144413.18150533835
central,high,advanced_coolant,two,transition,Q12,137.57181873918736,31.312035661972196,0.0,31072.31130376215,10231.457485975767,0.0002758149503573297,210801.82096384745
central,high,advanced_coolant,two,transition,Q13,168.9975997102568,42.97673249865865,0.0,42690.544045074246,13769.43911851311,0.00037492996170920975,285380.54427729995
central,high,advanced_coolant,two,transition,Q14,218.3085346807834,56.42904057183169,0.0,56131.27423355099,17784.366338998985,0.00048822757290112133,370176.41589083796
central,high,advanced_coolant,two,transition,Q15,270.0589464112875,73.30076710359893,0.0,71986.86603605011,22364.26213152386,0.0006196353897975276,467816.26527469256
central,high,advanced_coolant,two,transition,Q16,332.58529368810287,93.51209432309068,0.0,90552.40511429269,27571.623246382147,0.0007711458601012931,579622.4804141428
central,high,advanced_coolant,two,transition,Q17,478.087237032263,117.73042221234127,0.0,115261.45159805348,34472.131035486556,0.0009713979524523246,726837.061958134
central,high,advanced_coolant,two,transition,Q18,570.3861728105879,145.19654398113576,0.0,147046.75291101192,42785.051243502865,0.0012219514747443612,908915.2889951591
central,high,advanced_coolant,two,transition,Q19,677.3734718986102,176.40732572439023,0.0,184093.19088253926,52149.42351579408,0.0015091150416600557,1115953.326204833
central,high,advanced_coolant,two,transition,Q20,790.0398229216812,213.31241504744705,0.0,227077.1918934871,62606.99727538246,0.0018363630509172883,1349854.8407553947
central,high,advanced_coolant,two,transition,Q21,918.2769655247229,257.3128700239558,0.0,276490.83250350016,74196.48866060084,0.0022061014287027324,1611842.2572806606
central,high,advanced_coolant,two,transition,Q22,1073.6513253966502,309.0519697541681,0.0,333599.31924513576,87116.30448710898,0.0026261960192928064,1906903.3248649272
central,high,advanced_coolant,two,transition,Q23,1245.8893396343794,370.4765464876934,0.0,399652.5639162634,101464.11193721634,0.003103272881678112,2238776.7406888693
central,high,advanced_coolant,two,transition,Q24,1446.6144130319744,442.5668411157858,0.0,476075.9136775719,117405.0248306419,0.0036453394366286205,2612171.248954789
central,high,coolant_recovery,single,steady,Q01,0.0,0.0,0.0,0.0,0.0,0.0,0.0
central,high,coolant_recovery,single,steady,Q02,0.0,0.0,0.0,0.0,0.0,0.0,0.0
central,high,coolant_recovery,single,steady,Q03,0.0,0.0,0.0,0.0,0.0,0.0,0.0
central,high,coolant_recovery,single,steady,Q04,0.0,0.0,0.0,0.0,0.0,0.0,0.0
central,high,coolant_recovery,single,steady,Q05,0.0,0.0,0.0,0.0,0.0,0.0,0.0
central,high,coolant_recovery,single,steady,Q06,0.0,0.0,0.0,0.0,0.0,0.0,0.0
central,high,coolant_recovery,single,steady,Q07,0.0,0.0,0.0,0.0,0.0,0.0,0.0
central,high,coolant_recovery,single,steady,Q08,0.0,0.0,0.0,0.0,0.0,0.0,0.0
central,high,coolant_recovery,single,steady,Q09,44.445967793868455,2.625150148675509,3.8567020702763637,10791.046364502054,4407.530515773549,0.000108848320985151,87244.02791229698
central,high,coolant_recovery,single,steady,Q10,67.02026978834503,5.623798156777365,8.262123217981559,25077.866709147776,10169.943151306656,0.00025222391119362407,202020.61849461996
central,high,coolant_recovery,single,steady,Q11,99.45425765416248,9.032994151969529,13.270695112152765,41978.63635569632,16998.00207115981,0.0004219438415639905,337910.1787168683
central,high,coolant_recovery,single,steady,Q12,134.48698570123204,13.225413512882163,19.42992849423429,62144.62260752424,25138.007469049593,0.0006243825136214207,499981.4238599979
central,high,coolant_recovery,single,steady,Q13,162.94936685919234,18.360199152766047,26.97362591579209,85381.0880901484,34493.860804863725,0.0008574121386179355,686494.6940867789
central,high,coolant_recovery,single,steady,Q14,212.59682703677936,24.421061553976187,35.87785586324897,112262.54846710186,45350.8654201297,0.0011273326780382542,902601.0573118966
central,high,coolant_recovery,single,steady,Q15,263.6294126863686,32.132004423036655,47.20627810297978,143973.73207210007,58143.92501597793,0.0014456089130077995,1157389.715245948
central,high,coolant_recovery,single,steady,Q16,326.907304079548,41.49290125131379,60.9587067766215,181104.8102285852,73130.82837534275,0.001818359758008054,1455799.240793388
central,high,coolant_recovery,single,steady,Q17,496.867690583594,52.861752644582054,77.66109339142301,230522.90319610672,93247.60073437722,0.0023161518332603112,1854658.9861204245
central,high,coolant_recovery,single,steady,Q18,595.511904027333,65.95768547291503,96.90079717625787,294093.50582202355,118884.20516717144,0.002954074877844784,2365330.0758976634
central,high,coolant_recovery,single,steady,Q19,712.8579125889452,81.09033842436138,119.13271941356793,368186.3817650782,148768.84492851867,0.0036976326599892375,2960574.132485986
central,high,coolant_recovery,single,steady,Q20,835.4751711700947,99.41282351854986,146.0509382556473,454154.3837869737,183416.77519553737,0.004560106592694535,3650957.111736511
central,high,coolant_recovery,single,steady,Q21,976.7204348286818,121.73148979819041,178.84008995042785,552981.6650069997,223249.05263852119,0.0055516203741936745,4444627.5865190355
central,high,coolant_recovery,single,steady,Q22,1153.683444658075,148.5395021287636,218.22470065830697,667198.6384902708,269312.4390248791,0.006697829123526913,5362175.679151826
central,high,coolant_recovery,single,steady,Q23,1351.1700697209549,180.92217668003235,265.79924722128203,799305.1278325259,322577.3933601385,0.008023447426470135,6423307.14992822
central,high,coolant_recovery,single,steady,Q24,1587.1172338206482,219.5810349246343,322.59435995100586,952151.8273551427,384220.66048244335,0.009557354042459153,7651193.437021418
central,high,coolant_recovery,single,transition,Q01,0.0,0.0,0.0,0.0,0.0,0.0,0.0
central,high,coolant_recovery,single,transition,Q02,0.0,0.0,0.0,0.0,0.0,0.0,0.0
central,high,coolant_recovery,single,transition,Q03,0.0,0.0,0.0,0.0,0.0,0.0,0.0
central,high,coolant_recovery,single,transition,Q04,0.0,0.0,0.0,0.0,0.0,0.0,0.0
central,high,coolant_recovery,single,transition,Q05,0.0,0.0,0.0,0.0,0.0,0.0,0.0
central,high,coolant_recovery,single,transition,Q06,0.0,0.0,0.0,0.0,0.0,0.0,0.0
central,high,coolant_recovery,single,transition,Q07,0.0,0.0,0.0,0.0,0.0,0.0,0.0
central,high,coolant_recovery,single,transition,Q08,0.0,0.0,0.0,0.0,0.0,0.0,0.0
central,high,coolant_recovery,single,transition,Q09,44.445967793868455,2.625150148675509,3.8567020702763637,10791.046364502054,3656.84902954732,9.758809869175755e-05,75233.1241326773
central,high,coolant_recovery,single,transition,Q10,67.02026978834503,5.623798156777365,8.262123217981559,25077.866709147776,8301.162681586413,0.00022419220414782046,172120.1309790961
central,high,coolant_recovery,single,transition,Q11,99.45425765416248,9.032994151969529,13.270695112152765,41978.63635569632,13659.589458261436,0.0003718676523705149,284495.57691049424
central,high,coolant_recovery,single,transition,Q12,134.48698570123204,13.225413512882163,19.42992849423429,62144.62260752424,19870.67443206333,0.0005453725180666267,415704.0952682176
central,high,coolant_recovery,single,transition,Q13,162.94936685919234,18.360199152766047,26.97362591579209,85381.0880901484,26801.853108821026,0.0007420320231772949,563422.5709500957
central,high,coolant_recovery,single,transition,Q14,212.59682703677936,24.421061553976187,35.87785586324897,112262.54846710186,34620.08394234444,0.0009663709558714752,730908.5536673323
central,high,coolant_recovery,single,transition,Q15,263.6294126863686,32.132004423036655,47.20627810297978,143973.73207210007,43552.65162106245,0.0012267398120840672,923929.3409273
central,high,coolant_recovery,single,transition,Q16,326.907304079548,41.49290125131379,60.9587067766215,181104.8102285852,53696.37087305964,0.0015268428954738071,1144847.920756858
central,high,coolant_recovery,single,transition,Q17,496.867690583594,52.861752644582054,77.66109339142301,230522.90319610672,66937.58247139546,0.0019215015593155845,1433698.6939127161
central,high,coolant_recovery,single,transition,Q18,595.511904027333,65.95768547291503,96.90079717625787,294093.50582202355,83176.79347253242,0.002418463702425198,1794011.4887834385
central,high,coolant_recovery,single,transition,Q19,712.8579125889452,81.09033842436138,119.13271941356793,368186.3817650782,101464.28743409718,0.0029880642975729146,2203701.212575242
central,high,coolant_recovery,single,transition,Q20,835.4751711700947,99.41282351854986,146.0509382556473,454154.3837869737,121908.80867141139,0.003637487094832645,2666829.6473504947
central,high,coolant_recovery,single,transition,Q21,976.7204348286818,121.73148979819041,178.84008995042785,552981.6650069997,144553.7328587385,0.004371190577496933,3185502.470042512
central,high,coolant_recovery,single,transition,Q22,1153.683444658075,148.5395021287636,218.22470065830697,667198.6384902708,169760.10669597733,0.005204544138593386,3769338.361889397
central,high,coolant_recovery,single,transition,Q23,1351.1700697209549,180.92217668003235,265.79924722128203,799305.1278325259,197752.51524402274,0.006151074254728397,4426109.100070367
central,high,coolant_recovery,single,transition,Q24,1587.1172338206482,219.5810349246343,322.59435995100586,952151.8273551427,228826.4424618042,0.0072264407721495645,5164885.94869119
central,high,coolant_recovery,two,steady,Q01,0.0,0.0,0.0,0.0,0.0,0.0,0.0
central,high,coolant_recovery,two,steady,Q02,0.0,0.0,0.0,0.0,0.0,0.0,0.0
central,high,coolant_recovery,two,steady,Q03,0.0,0.0,0.0,0.0,0.0,0.0,0.0
central,high,coolant_recovery,two,steady,Q04,0.0,0.0,0.0,0.0,0.0,0.0,0.0
central,high,coolant_recovery,two,steady,Q05,0.0,0.0,0.0,0.0,0.0,0.0,0.0
central,high,coolant_recovery,two,steady,Q06,0.0,0.0,0.0,0.0,0.0,0.0,0.0
central,high,coolant_recovery,two,steady,Q07,0.0,0.0,0.0,0.0,0.0,0.0,0.0
central,high,coolant_recovery,two,steady,Q08,0.0,0.0,0.0,0.0,0.0,0.0,0.0
central,high,coolant_recovery,two,steady,Q09,45.6623186539297,2.625150148675509,3.8567020702763637,5395.523182251032,2298.5262804396884,5.539850835850785e-05,44574.16147823091
central,high,coolant_recovery,two,steady,Q10,69.64375930951488,5.623798156777365,8.262123217981557,12538.933354573901,5231.6385118643875,0.0001276359043845936,102486.69875438297
central,high,coolant_recovery,two,steady,Q11,103.77175047004235,9.032994151969529,13.270695112152762,20989.31817784818,8718.501042908843,0.00021325892357349928,171165.70201420848
central,high,coolant_recovery,two,steady,Q12,140.8012912653384,13.225413512882163,19.429928494234282,31072.31130376215,12868.105077257034,0.0003153169735238123,253004.58409672638
central,high,coolant_recovery,two,steady,Q13,171.48233853550244,18.360199152766047,26.97362591579208,42690.544045074246,17613.95488626518,0.000432563316175709,346949.32555927074
central,high,coolant_recovery,two,steady,Q14,223.77818904824915,24.421061553976187,35.87785586324895,56131.27423355099,23154.822829388246,0.0005687089732467075,456136.63909137447
central,high,coolant_recovery,two,steady,Q15,277.88182208663454,32.132004423036655,47.206278102979766,71986.86603605011,29669.151923327692,0.0007291036210727074,584722.2885741297
central,high,coolant_recovery,two,steady,Q16,344.75905119706636,41.49290125131379,60.95870677662148,90552.40511429269,37307.87371293263,0.0009170270871397555,735395.9317749265
central,high,coolant_recovery,two,steady,Q17,519.9273079663039,52.86175264458205,77.661093391423,115261.45159805348,47731.41867527131,0.0011696905064508818,938497.0421332648
central,high,coolant_recovery,two,steady,Q18,624.6142434583853,65.95768547291502,96.90079717625785,147046.75291101192,60776.212440240946,0.001491050328729873,1196120.137453239
central,high,coolant_recovery,two,steady,Q19,749.0022634503778,81.09033842436136,119.13271941356791,184093.19088253926,75987.14773933109,0.001865669502858919,1496454.475134198
central,high,coolant_recovery,two,steady,Q20,879.6723642885925,99.41282351854986,146.05093825564728,227077.1918934871,93596.00085787213,0.002299941966965622,1844526.5131025328
central,high,coolant_recovery,two,steady,Q21,1030.1228834527153,121.7314897981904,178.84008995042782,276490.83250350016,113841.12030085409,0.0027992159846792364,2244690.1331812777
central,high,coolant_recovery,two,steady,Q22,1217.7558400986106,148.53950212876356,218.22470065830692,333599.31924513576,137281.42032753202,0.00337667947225088,2707596.5826687897
central,high,coolant_recovery,two,steady,Q23,1427.5174125773415,180.92217668003232,265.79924722128203,399652.5639162634,164373.0809357667,0.004044410281665637,3242810.1225178167
central,high,coolant_recovery,two,steady,Q24,1677.662167517123,219.58103492463425,322.59435995100586,476075.9136775719,195741.89458269748,0.0048172291381482,3862291.884701882
central,high,coolant_recovery,two,transition,Q01,0.0,0.0,0.0,0.0,0.0,0.0,0.0
central,high,coolant_recovery,two,transition,Q02,0.0,0.0,0.0,0.0,0.0,0.0,0.0
central,high,coolant_recovery,two,transition,Q03,0.0,0.0,0.0,0.0,0.0,0.0,0.0
central,high,coolant_recovery,two,transition,Q04,0.0,0.0,0.0,0.0,0.0,0.0,0.0
central,high,coolant_recovery,two,transition,Q05,0.0,0.0,0.0,0.0,0.0,0.0,0.0
central,high,coolant_recovery,two,transition,Q06,0.0,0.0,0.0,0.0,0.0,0.0,0.0
central,high,coolant_recovery,two,transition,Q07,0.0,0.0,0.0,0.0,0.0,0.0,0.0
central,high,coolant_recovery,two,transition,Q08,0.0,0.0,0.0,0.0,0.0,0.0,0.0
central,high,coolant_recovery,two,transition,Q09,45.6623186539297,2.625150148675509,3.8567020702763637,5395.523182251032,1923.1855373265735,4.976839721181112e-05,38568.709588421065
central,high,coolant_recovery,two,transition,Q10,69.64375930951488,5.623798156777365,8.262123217981557,12538.933354573901,4297.248277004265,0.00011362005086169177,87536.45499662102
central,high,coolant_recovery,two,transition,Q11,103.77175047004235,9.032994151969529,13.270695112152762,20989.31817784818,7049.294736459653,0.00018822082897676143,144458.40111102143
central,high,coolant_recovery,two,transition,Q12,140.8012912653384,13.225413512882163,19.429928494234282,31072.31130376215,10234.438558763897,0.00027581197574641524,210865.91980083624
central,high,coolant_recovery,two,transition,Q13,171.48233853550244,18.360199152766047,26.97362591579208,42690.544045074246,13767.951038243824,0.00037487325845538867,285413.2639909291
central,high,coolant_recovery,two,transition,Q14,223.77818904824915,24.421061553976187,35.87785586324895,56131.27423355099,17789.432090495608,0.0004882281121633179,370290.3872690923
central,high,coolant_recovery,two,transition,Q15,277.88182208663454,32.132004423036655,47.206278102979766,71986.86603605011,22373.515225869945,0.0006196690706108412,467992.10141480574
central,high,coolant_recovery,two,transition,Q16,344.75905119706636,41.49290125131379,60.95870677662148,90552.40511429269,27590.64496179107,0.000771268655872632,579920.2717566615
central,high,coolant_recovery,two,transition,Q17,519.9273079663039,52.86175264458205,77.661093391423,115261.45159805348,34576.40954378041,0.0009723653694785185,728016.8960294107
central,high,coolant_recovery,two,transition,Q18,624.6142434583853,65.95768547291502,96.90079717625785,147046.75291101192,42922.50659292142,0.00122324474102008,910460.8438961264
central,high,coolant_recovery,two,transition,Q19,749.0022634503778,81.09033842436136,119.13271941356791,184093.19088253926,52334.868992120326,0.0015108853216507575,1118018.0151788257
central,high,coolant_recovery,two,transition,Q20,879.6723642885925,99.41282351854986,146.05093825564728,227077.1918934871,62842.017595809106,0.0018386322180346767,1352462.7809095243
central,high,coolant_recovery,two,transition,Q21,1030.1228834527153,121.7314897981904,178.84008995042782,276490.83250350016,74493.4604109627,0.002209001086330866,1615127.5749430154
central,high,coolant_recovery,two,transition,Q22,1217.7558400986106,148.53950212876356,218.22470065830692,333599.31924513576,87505.25416308109,0.0026300369797841163,1911177.9240375748
central,high,coolant_recovery,two,transition,Q23,1427.5174125773415,180.92217668003232,265.79924722128203,399652.5639162634,101960.64187770875,0.003108223695794768,2244211.0975888898
central,high,coolant_recovery,two,transition,Q24,1677.662167517123,219.58103492463425,322.59435995100586,476075.9136775719,118044.78557237786,0.0036517725029934054,2619138.1405367674
central,high,combined_strategy,single,steady,Q01,0.0,0.0,0.0,0.0,0.0,0.0,0.0
central,high,combined_strategy,single,steady,Q02,0.0,0.0,0.0,0.0,0.0,0.0,0.0
central,high,combined_strategy,single,steady,Q03,0.0,0.0,0.0,0.0,0.0,0.0,0.0
central,high,combined_strategy,single,steady,Q04,0.0,0.0,0.0,0.0,0.0,0.0,0.0
central,high,combined_strategy,single,steady,Q05,0.0,0.0,0.0,0.0,0.0,0.0,0.0
central,high,combined_strategy,single,steady,Q06,0.0,0.0,0.0,0.0,0.0,0.0,0.0
central,high,combined_strategy,single,steady,Q07,0.0,0.0,0.0,0.0,0.0,0.0,0.0
central,high,combined_strategy,single,steady,Q08,0.0,0.0,0.0,0.0,0.0,0.0,0.0
central,high,combined_strategy,single,steady,Q09,38.67595504567215,2.575770355796599,3.7841564486394472,9852.694506719272,4020.6079877095726,9.934848161547965e-05,79621.30985273591
central,high,combined_strategy,single,steady,Q10,57.734483950334706,5.484828719102245,8.057958241644037,22741.891121997476,9216.863821233717,0.0002286758489405351,183145.68265119958
central,high,combined_strategy,single,steady,Q11,84.74352644453673,8.748508436862227,12.852746962797593,37805.620589573344,15299.133718692796,0.00037991416590289154,304228.9404240011
central,high,combined_strategy,single,steady,Q12,113.33534788120974,12.68137444309874,18.630661218873456,55560.456311291404,22461.57759249321,0.0005581076759397861,446879.5195950611
central,high,combined_strategy,single,steady,Q13,135.91509619404525,17.40557666195675,25.57115583670189,75766.07847009502,30592.981111306894,0.0007607035609551959,609024.208706198
central,high,combined_strategy,single,steady,Q14,174.98682243596357,22.853761431591835,33.57527914023985,98849.07161987029,39908.9292392159,0.0009924164919037394,794525.0792000403
central,high,combined_strategy,single,steady,Q15,214.15064350576398,29.686810676957567,43.61395642664135,125734.64032845572,50747.2629311268,0.0012621828369463045,1010462.5011620633
central,high,combined_strategy,single,steady,Q16,261.7205041444185,37.872398200851734,55.639696122238945,156811.73835073132,63280.16424088704,0.001574057809902341,1260114.0542778217
central,high,combined_strategy,single,steady,Q17,388.6961433390151,47.680820995998225,70.04960121634305,197635.38036737952,79871.86710323759,0.0019850165912282786,1589342.6037974423
central,high,combined_strategy,single,steady,Q18,459.9540781213326,58.804600312359995,86.39194366877577,249459.2412037248,100753.33445404615,0.0025048877275067323,2005471.9469361473
central,high,combined_strategy,single,steady,Q19,542.9894836991062,71.44496691837806,104.96235880601219,309055.68489705137,124768.67243527938,0.003102748513953715,2484032.949069006
central,high,combined_strategy,single,steady,Q20,627.6469665651287,86.39152809421607,126.920886953231,377269.42563181627,152236.12368801053,0.003786857704383074,3031588.2580979033
central,high,combined_strategy,single,steady,Q21,722.9111620460143,104.21171235970212,153.10115766425372,454612.51528227143,183378.95809498383,0.0045625260882323155,3652419.76108794
central,high,combined_strategy,single,steady,Q22,839.7816367686154,125.16604775043812,183.88592200373006,542758.2230791437,218888.7028048355,0.005446711205898453,4360136.256743757
central,high,combined_strategy,single,steady,Q23,966.7715096458568,150.04300132751587,220.43354516017757,643274.0301873813,259370.0433114163,0.006454872829992712,5167055.887446228
central,high,combined_strategy,single,steady,Q24,1114.7578553626204,179.2395706518933,263.32727046389255,757909.0548293439,305544.716785545,0.007604727085051116,6087393.183961606
central,high,combined_strategy,single,transition,Q01,0.0,0.0,0.0,0.0,0.0,0.0,0.0
central,high,combined_strategy,single,transition,Q02,0.0,0.0,0.0,0.0,0.0,0.0,0.0
central,high,combined_strategy,single,transition,Q03,0.0,0.0,0.0,0.0,0.0,0.0,0.0
central,high,combined_strategy,single,transition,Q04,0.0,0.0,0.0,0.0,0.0,0.0,0.0
central,high,combined_strategy,single,transition,Q05,0.0,0.0,0.0,0.0,0.0,0.0,0.0
central,high,combined_strategy,single,transition,Q06,0.0,0.0,0.0,0.0,0.0,0.0,0.0
central,high,combined_strategy,single,transition,Q07,0.0,0.0,0.0,0.0,0.0,0.0,0.0
central,high,combined_strategy,single,transition,Q08,0.0,0.0,0.0,0.0,0.0,0.0,0.0
central,high,combined_strategy,single,transition,Q09,38.67595504567215,2.575770355796599,3.7841564486394472,9852.694506719272,3335.203152459537,8.906740908672911e-05,68654.83248873534
central,high,combined_strategy,single,transition,Q10,57.734483950334706,5.484828719102245,8.057958241644037,22741.891121997476,7522.739250874952,0.00020326398038515364,156039.68952545937
central,high,combined_strategy,single,transition,Q11,84.74352644453673,8.748508436862227,12.852746962797593,37805.620589573344,12295.11962941439,0.0003348539545637155,256164.71499554662
central,high,combined_strategy,single,transition,Q12,113.33534788120974,12.68137444309874,18.630661218873456,55560.456311291404,17759.274868963512,0.0004875731350868406,371642.6760185859
central,high,combined_strategy,single,transition,Q13,135.91509619404525,17.40557666195675,25.57115583670189,75766.07847009502,23782.2656407716,0.0006585428288971665,500052.76117763337
central,high,combined_strategy,single,transition,Q14,174.98682243596357,22.853761431591835,33.57527914023985,98849.07161987029,30488.831934358182,0.0008511150323308737,643803.5223223169
central,high,combined_strategy,single,transition,Q15,214.15064350576398,29.686810676957567,43.61395642664135,125734.64032845572,38054.13987044129,0.001071785991036022,807372.5321910952
central,high,combined_strategy,single,transition,Q16,261.7205041444185,37.872398200851734,55.639696122238945,156811.73835073132,46533.50665555688,0.0013228579461223887,992167.5329125393
central,high,combined_strategy,single,transition,Q17,388.6961433390151,47.680820995998225,70.04960121634305,197635.38036737952,57445.39845472158,0.001648619561500539,1230519.1054211867
central,high,combined_strategy,single,transition,Q18,459.9540781213326,58.804600312359995,86.39194366877577,249459.2412037248,70665.94724711389,0.0020535769194027485,1524073.7516252315
central,high,combined_strategy,single,transition,Q19,542.9894836991062,71.44496691837806,104.96235880601219,309055.68489705137,85353.14621547861,0.0025115156206567033,1853384.5295521943
central,high,combined_strategy,single,transition,Q20,627.6469665651287,86.39152809421607,126.920886953231,377269.42563181627,101550.50117290078,0.0030265733666564273,2220618.297856148
central,high,combined_strategy,single,transition,Q21,722.9111620460143,104.21171235970212,153.10115766425372,454612.51528227143,119242.36346675144,0.0036004771688088297,2626234.247036223
central,high,combined_strategy,single,transition,Q22,839.7816367686154,125.16604775043812,183.88592200373006,542758.2230791437,138655.93544847865,0.0042432196955531,3076411.9790420476
central,high,combined_strategy,single,transition,Q23,966.7715096458568,150.04300132751587,220.43354516017757,643274.0301873813,159908.16503000524,0.004962944655771547,3575665.8349436526
central,high,combined_strategy,single,transition,Q24,1114.7578553626204,179.2395706518933,263.32727046389255,757909.0548293439,183155.83357574142,0.005768893836904062,4129171.0526047493
central,high,combined_strategy,two,steady,Q01,0.0,0.0,0.0,0.0,0.0,0.0,0.0
central,high,combined_strategy,two,steady,Q02,0.0,0.0,0.0,0.0,0.0,0.0,0.0
central,high,combined_strategy,two,steady,Q03,0.0,0.0,0.0,0.0,0.0,0.0,0.0
central,high,combined_strategy,two,steady,Q04,0.0,0.0,0.0,0.0,0.0,0.0,0.0
central,high,combined_strategy,two,steady,Q05,0.0,0.0,0.0,0.0,0.0,0.0,0.0
central,high,combined_strategy,two,steady,Q06,0.0,0.0,0.0,0.0,0.0,0.0,0.0
central,high,combined_strategy,two,steady,Q07,0.0,0.0,0.0,0.0,0.0,0.0,0.0
central,high,combined_strategy,two,steady,Q08,0.0,0.0,0.0,0.0,0.0,0.0,0.0
central,high,combined_strategy,two,steady,Q09,39.78319439410565,2.575770355796599,3.7841564486394463,4926.347253359641,2093.1558969219527,5.0528994536479824e-05,40643.62590580275
central,high,combined_strategy,two,steady,Q10,60.10531513233432,5.484828719102245,8.057958241644036,11370.945560998745,4735.651776597584,0.00011566598712628792,92854.5199362796
central,high,combined_strategy,two,steady,Q11,88.61150537861914,8.748508436862227,12.852746962797589,18902.810294786686,7838.056279012108,0.00019193108232662658,154014.48528743745
central,high,combined_strategy,two,steady,Q12,118.94115752031391,12.68137444309874,18.630661218873453,27780.228155645727,11485.00129314057,0.00028172512508593855,226003.80319143366
central,high,combined_strategy,two,steady,Q13,143.4264438735549,17.40557666195675,25.57115583670189,37883.03923504756,15605.574321960874,0.00038361989716222957,307633.02572892257
central,high,combined_strategy,two,steady,Q14,184.73325554054352,22.853761431591835,33.57527914023985,49424.53580993519,20353.004510189487,0.0005004264146500442,401287.438834236
central,high,combined_strategy,two,steady,Q15,226.4449899846461,29.686810676957563,43.61395642664135,62867.320164227924,25863.921304744585,0.0006362966825292669,510185.45950981625
central,high,combined_strategy,two,steady,Q16,276.94559756586386,37.87239820085173,55.639696122238945,78405.86917536575,32241.226301302384,0.0007934260841488425,636133.927413526
central,high,combined_strategy,two,steady,Q17,408.0376358159199,47.68082099599822,70.04960121634305,98817.6901836899,40811.67298533532,0.0010017513279429314,803511.1075314357
central,high,combined_strategy,two,steady,Q18,483.9942291418121,58.80460031235998,86.39194366877577,124729.62060186255,51418.42565264077,0.0012634603837534662,1013255.195305038
central,high,combined_strategy,two,steady,Q19,572.411113092598,71.44496691837804,104.96235880601218,154527.84244852586,63618.99958227905,0.0015644485708418653,1254486.5933089044
central,high,combined_strategy,two,steady,Q20,663.1189359684502,86.39152809421606,126.92088695323099,188634.71281590842,77552.83118749935,0.00190865645933855,1530291.1411744268
central,high,combined_strategy,two,steady,Q21,765.1758078604691,104.2117123597021,153.1011576642537,227306.257641136,93350.22496701062,0.0022989319189001952,1842997.458748175
central,high,combined_strategy,two,steady,Q22,889.7654033929202,125.16604775043811,183.88592200373003,271379.1115395722,111379.71627546885,0.0027439840910549753,2199638.1134812185
central,high,combined_strategy,two,steady,Q23,1025.4557944742019,150.04300132751584,220.43354516017757,321637.01509369106,131921.5057466571,0.0032513294716601097,2606152.1182151465
central,high,combined_strategy,two,steady,Q24,1183.287142568082,179.23957065189325,263.32727046389255,378954.52741467254,155359.04110819648,0.0038300559578994036,3069873.2159238257
central,high,combined_strategy,two,transition,Q01,0.0,0.0,0.0,0.0,0.0,0.0,0.0
central,high,combined_strategy,two,transition,Q02,0.0,0.0,0.0,0.0,0.0,0.0,0.0
central,high,combined_strategy,two,transition,Q03,0.0,0.0,0.0,0.0,0.0,0.0,0.0
central,high,combined_strategy,two,transition,Q04,0.0,0.0,0.0,0.0,0.0,0.0,0.0
central,high,combined_strategy,two,transition,Q05,0.0,0.0,0.0,0.0,0.0,0.0,0.0
central,high,combined_strategy,two,transition,Q06,0.0,0.0,0.0,0.0,0.0,0.0,0.0
central,high,combined_strategy,two,transition,Q07,0.0,0.0,0.0,0.0,0.0,0.0,0.0
central,high,combined_strategy,two,transition,Q08,0.0,0.0,0.0,0.0,0.0,0.0,0.0
central,high,combined_strategy,two,transition,Q09,39.78319439410565,2.575770355796599,3.7841564486394463,4926.347253359641,1750.4534792969343,4.538845827210455e-05,35160.387223802456
central,high,combined_strategy,two,transition,Q10,60.10531513233432,5.484828719102245,8.057958241644036,11370.945560998745,3888.5894914182013,0.00010296005284859719,79301.52337340948
central,high,combined_strategy,two,transition,Q11,88.61150537861914,8.748508436862227,12.852746962797589,18902.810294786686,6336.049234372904,0.00016940097665703852,129982.37257321019
central,high,combined_strategy,two,transition,Q12,118.94115752031391,12.68137444309874,18.630661218873453,27780.228155645727,9133.84993137572,0.00024645785465946576,188385.38140319605
central,high,combined_strategy,two,transition,Q13,143.4264438735549,17.40557666195675,25.57115583670189,37883.03923504756,12200.216586693223,0.0003325395311332148,253147.30196464015
central,high,combined_strategy,two,transition,Q14,184.73325554054352,22.853761431591835,33.57527914023985,49424.53580993519,15642.955857760624,0.0004297756848636113,325926.66039537423
central,high,combined_strategy,two,transition,Q15,226.4449899846461,29.686810676957563,43.61395642664135,62867.320164227924,19517.359774401823,0.0005410982595741255,408640.4750243321
central,high,combined_strategy,two,transition,Q16,276.94559756586386,37.87239820085173,55.639696122238945,78405.86917536575,23867.897508637296,0.0006678261522588662,502160.6667308847
central,high,combined_strategy,two,transition,Q17,408.0376358159199,47.68082099599822,70.04960121634305,98817.6901836899,29598.438661077304,0.0008335528130790613,624099.3583433076
central,high,combined_strategy,two,transition,Q18,483.9942291418121,58.80460031235998,86.39194366877577,124729.62060186255,36374.73204917463,0.001037804979701474,772556.0976495799
central,high,combined_strategy,two,transition,Q19,572.411113092598,71.44496691837804,104.96235880601218,154527.84244852586,43911.23647237865,0.0012688321241933593,939162.3835504982
central,high,combined_strategy,two,transition,Q20,663.1189359684502,86.39152809421606,126.92088695323099,188634.71281590842,52210.019929944436,0.0015285142904752263,1124806.1610535483
central,high,combined_strategy,two,transition,Q21,765.1758078604691,104.2117123597021,153.1011576642537,227306.257641136,61281.92765289439,0.0018179074591884517,1329904.7017223155
central,high,combined_strategy,two,transition,Q22,889.7654033929202,125.16604775043811,183.88592200373003,271379.1115395722,71263.33259729034,0.0021422383358822975,1557775.974630363
central,high,combined_strategy,two,transition,Q23,1025.4557944742019,150.04300132751584,220.43354516017757,321637.01509369106,82190.56660595149,0.0025053653845495258,1810457.0919638576
central,high,combined_strategy,two,transition,Q24,1183.287142568082,179.23957065189325,263.32727046389255,378954.52741467254,94164.59950329461,0.0029121393338258756,2090762.1502453964
high,low,baseline,single,steady,Q01,0.0,0.0,0.0,0.0,0.0,0.0,0.0
high,low,baseline,single,steady,Q02,0.0,0.0,0.0,0.0,0.0,0.0,0.0
high,low,baseline,single,steady,Q03,0.0,0.0,0.0,0.0,0.0,0.0,0.0
high,low,baseline,single,steady,Q04,0.0,0.0,0.0,0.0,0.0,0.0,0.0
high,low,baseline,single,steady,Q05,0.0,0.0,0.0,0.0,0.0,0.0,0.0
high,low,baseline,single,steady,Q06,0.0,0.0,0.0,0.0,0.0,0.0,0.0
high,low,baseline,single,steady,Q07,0.0,0.0,0.0,0.0,0.0,0.0,0.0
high,low,baseline,single,steady,Q08,0.0,0.0,0.0,0.0,0.0,0.0,0.0
high,low,baseline,single,steady,Q09,32.81900301618683,4.072850262889244,0.0,6648.37144277148,2727.0230082724106,6.718082299066743e-05,53863.71585381003
high,low,baseline,single,steady,Q10,51.55056578258425,8.65541754591446,0.0,15687.277377087872,6382.339791173275,0.00015799033926198954,126572.50742008424
high,low,baseline,single,steady,Q11,68.84480204992543,13.749215938677047,0.0,26155.514544054684,10606.770029691064,0.0002630695336409321,210689.75847312936
high,low,baseline,single,steady,Q12,94.61488470706553,20.11469262876126,0.0,38348.337391515495,15538.622072334714,0.0003855768185355839,308779.57028940914
high,low,baseline,single,steady,Q13,122.52550634356285,28.05192592059794,0.0,52720.25111038952,21347.17741980324,0.0005299335404899726,424352.7786395905
high,low,baseline,single,steady,Q14,153.10644853604666,37.31869836132292,0.0,69373.92067572463,28074.440516542614,0.0006971745227115806,558240.0878683247
high,low,baseline,single,steady,Q15,189.65604147077767,48.861256226506114,0.0,88606.71299044162,35846.42790723147,0.000890348863296097,712891.1310340812
high,low,baseline,single,steady,Q16,232.86364181906958,63.0526363127681,0.0,110867.26070799454,44844.15788499235,0.0011139604062794547,891910.6216819017
high,low,baseline,single,steady,Q17,351.84599447248763,80.40277489762966,0.0,140633.55749661554,56997.31637504002,0.0014141765226045816,1132507.3937368623
high,low,baseline,single,steady,Q18,419.5801407076445,100.10293097446717,0.0,179032.6508686796,72502.27209437438,0.0017997191408106938,1441153.324418462
high,low,baseline,single,steady,Q19,497.5139397190243,122.33780881710653,0.0,223286.84285964872,90370.9339277061,0.0022440420854790387,1796856.7107156557
high,low,baseline,single,steady,Q20,592.0336012561,149.76967157769133,0.0,274536.80784381746,111073.67517582804,0.002758706447179074,2208883.9831335503
high,low,baseline,single,steady,Q21,692.4781312157321,183.11184026906022,0.0,333468.6313665655,134863.9647291922,0.0033503669946926603,2682514.172758184
high,low,baseline,single,steady,Q22,824.9142484254811,222.43707891450413,0.0,401543.3978967484,162378.40619500758,0.0040341566347251384,3229957.6535370694
high,low,baseline,single,steady,Q23,958.161157122233,269.945673086596,0.0,479889.981406645,194007.28771344578,0.004820762493939761,3859632.802761038
high,low,baseline,single,steady,Q24,1126.1186430439705,326.9826609648395,0.0,569582.4513481418,230248.70915582712,0.005721616712951946,4580816.896950838
high,low,baseline,single,transition,Q01,0.0,0.0,0.0,0.0,0.0,0.0,0.0
high,low,baseline,single,transition,Q02,0.0,0.0,0.0,0.0,0.0,0.0,0.0
high,low,baseline,single,transition,Q03,0.0,0.0,0.0,0.0,0.0,0.0,0.0
high,low,baseline,single,transition,Q04,0.0,0.0,0.0,0.0,0.0,0.0,0.0
high,low,baseline,single,transition,Q05,0.0,0.0,0.0,0.0,0.0,0.0,0.0
high,low,baseline,single,transition,Q06,0.0,0.0,0.0,0.0,0.0,0.0,0.0
high,low,baseline,single,transition,Q07,0.0,0.0,0.0,0.0,0.0,0.0,0.0
high,low,baseline,single,transition,Q08,0.0,0.0,0.0,0.0,0.0,0.0,0.0
high,low,baseline,single,transition,Q09,32.81900301618683,4.072850262889244,0.0,6648.37144277148,2264.5276035578727,6.0243391919949374e-05,46463.78937837743
high,low,baseline,single,transition,Q10,51.55056578258425,8.65541754591446,0.0,15687.277377087872,5212.451748120933,0.00014044201861620445,107854.29873124676
high,low,baseline,single,transition,Q11,68.84480204992543,13.749215938677047,0.0,26155.514544054684,8526.600493859,0.00023186699060345116,177407.04589981632
high,low,baseline,single,transition,Q12,94.61488470706553,20.11469262876126,0.0,38348.337391515495,12292.182525006396,0.0003368802253256592,256836.53753215604
high,low,baseline,single,transition,Q13,122.52550634356285,28.05192592059794,0.0,52720.25111038952,16601.059919201107,0.00045874177798094066,348414.8986299564
high,low,baseline,single,transition,Q14,153.10644853604666,37.31869836132292,0.0,69373.92067572463,21445.73428246782,0.0005977439292004587,452180.788123128
high,low,baseline,single,transition,Q15,189.65604147077767,48.861256226506114,0.0,88606.71299044162,26876.338260930257,0.0007557975186015789,569369.6966932619
high,low,baseline,single,transition,Q16,232.86364181906958,63.0526363127681,0.0,110867.26070799454,32970.51853640163,0.0009358558160505939,701932.3921044501
high,low,baseline,single,transition,Q17,351.84599447248763,80.40277489762966,0.0,140633.55749661554,40982.27921238029,0.0011739509651646858,876266.7991343067
high,low,baseline,single,transition,Q18,419.5801407076445,100.10293097446717,0.0,179032.6508686796,50810.847215844304,0.001474347767632743,1094090.5263619812
high,low,baseline,single,transition,Q19,497.5139397190243,122.33780881710653,0.0,223286.84285964872,61752.765954937386,0.0018147695658875084,1338966.0231513565
high,low,baseline,single,transition,Q20,592.0336012561,149.76967157769133,0.0,274536.80784381746,73988.1216839358,0.0022024231448006903,1615515.1272632745
high,low,baseline,single,transition,Q21,692.4781312157321,183.11184026906022,0.0,333468.6313665655,87529.39845073508,0.0026403485005158035,1925161.11230287
high,low,baseline,single,transition,Q22,824.9142484254811,222.43707891450413,0.0,401543.3978967484,102612.79559364749,0.0031376724757047375,2273707.883915308
high,low,baseline,single,transition,Q23,958.161157122233,269.945673086596,0.0,479889.981406645,119253.63504932285,0.0036994577039779174,2663574.360135071
high,low,baseline,single,transition,Q24,1126.1186430439705,326.9826609648395,0.0,569582.4513481418,137556.5625034048,0.004331234513165612,3097742.550512082
high,low,baseline,two,steady,Q01,0.0,0.0,0.0,0.0,0.0,0.0,0.0
high,low,baseline,two,steady,Q02,0.0,0.0,0.0,0.0,0.0,0.0,0.0
high,low,baseline,two,steady,Q03,0.0,0.0,0.0,0.0,0.0,0.0,0.0
high,low,baseline,two,steady,Q04,0.0,0.0,0.0,0.0,0.0,0.0,0.0
high,low,baseline,two,steady,Q05,0.0,0.0,0.0,0.0,0.0,0.0,0.0
high,low,baseline,two,steady,Q06,0.0,0.0,0.0,0.0,0.0,0.0,0.0
high,low,baseline,two,steady,Q07,0.0,0.0,0.0,0.0,0.0,0.0,0.0
high,low,baseline,two,steady,Q08,0.0,0.0,0.0,0.0,0.0,0.0,0.0
high,low,baseline,two,steady,Q09,33.5785802801956,4.072850262889243,0.0,3324.185721385744,1433.4646670920513,3.431030737620665e-05,27631.389556463488
high,low,baseline,two,steady,Q10,53.208820930146075,8.65541754591446,0.0,7843.638688543945,3303.573501367452,8.016248277653256e-05,64410.2897678503
high,low,baseline,two,steady,Q11,71.51922954256426,13.749215938677047,0.0,13077.757272027357,5455.972509392643,0.00013312938784563067,106870.75418203586
high,low,baseline,two,steady,Q12,98.4965105537814,20.11469262876126,0.0,19174.16869575777,7980.243029436023,0.0001949983026636226,156499.10507739132
high,low,baseline,two,steady,Q13,127.80933514144483,28.05192592059794,0.0,26360.12555519479,10948.5171719427,0.00026785631449500026,214925.67394020618
high,low,baseline,two,steady,Q14,159.999429679859,37.31869836132292,0.0,34686.96033786236,14382.771447955512,0.0003522293667444392,282575.5558310046
high,low,baseline,two,steady,Q15,198.40134193793716,48.861256226506114,0.0,44303.35649522087,18353.192566072037,0.0004497185240537444,360745.35164160386
high,low,baseline,two,steady,Q16,243.74356259806135,63.0526363127681,0.0,55433.630353997345,22951.972306627697,0.0005625943999626068,451254.24448226637
high,low,baseline,two,steady,Q17,365.8930805186706,80.40277489762966,0.0,70316.77874830786,29284.692822052377,0.0007153506215221031,574114.0432137552
high,low,baseline,two,steady,Q18,437.2607051129358,100.10293097446717,0.0,89516.3254343399,37193.38948730562,0.0009097826194614041,729999.1966104158
high,low,baseline,two,steady,Q19,519.3690994104381,122.33780881710653,0.0,111643.42142982449,46307.22922677394,0.0011338503544128145,909645.9779870373
high,low,baseline,two,steady,Q20,618.7171451806103,149.7696715776913,0.0,137268.4039219089,56875.84025798866,0.0013934920986481724,1117832.018267522
high,low,baseline,two,steady,Q21,724.637427758413,183.11184026906017,0.0,166734.31568328294,69004.97243679021,0.0016918289572696173,1356986.9871010338
high,low,baseline,two,steady,Q22,863.4598864695927,222.43707891450407,0.0,200771.69894837443,83065.88704794443,0.0020369573422615492,1633745.666272942
high,low,baseline,two,steady,Q23,1003.9181137923396,269.94567308659595,0.0,239944.99070332278,99192.20987752108,0.0024336166355432964,1951702.0615885018
high,low,baseline,two,steady,Q24,1180.1647610294701,326.9826609648394,0.0,284791.22567407123,117702.22154844053,0.0028882219394860686,2316187.1181806903
high,low,baseline,two,transition,Q01,0.0,0.0,0.0,0.0,0.0,0.0,0.0
high,low,baseline,two,transition,Q02,0.0,0.0,0.0,0.0,0.0,0.0,0.0
high,low,baseline,two,transition,Q03,0.0,0.0,0.0,0.0,0.0,0.0,0.0
high,low,baseline,two,transition,Q04,0.0,0.0,0.0,0.0,0.0,0.0,0.0
high,low,baseline,two,transition,Q05,0.0,0.0,0.0,0.0,0.0,0.0,0.0
high,low,baseline,two,transition,Q06,0.0,0.0,0.0,0.0,0.0,0.0,0.0
high,low,baseline,two,transition,Q07,0.0,0.0,0.0,0.0,0.0,0.0,0.0
high,low,baseline,two,transition,Q08,0.0,0.0,0.0,0.0,0.0,0.0,0.0
high,low,baseline,two,transition,Q09,33.5785802801956,4.072850262889243,0.0,3324.185721385744,1202.216964734782,3.084159184084761e-05,23931.42631874718
high,low,baseline,two,transition,Q10,53.208820930146075,8.65541754591446,0.0,7843.638688543945,2718.62947984128,7.138832245363998e-05,55051.185423431554
high,low,baseline,two,transition,Q11,71.51922954256426,13.749215938677047,0.0,13077.757272027357,4415.887741476609,0.00011752811632689014,90229.39789537931
high,low,baseline,two,transition,Q12,98.4965105537814,20.11469262876126,0.0,19174.16869575777,6357.023255771863,0.00017065000605866017,130527.58869876474
high,low,baseline,two,transition,Q13,127.80933514144483,28.05192592059794,0.0,26360.12555519479,8575.458421641633,0.00023226043324048426,176956.7339353891
high,low,baseline,two,transition,Q14,159.999429679859,37.31869836132292,0.0,34686.96033786236,11068.418330918113,0.00030251406998887823,229545.90595840613
high,low,baseline,two,transition,Q15,198.40134193793716,48.861256226506114,0.0,44303.35649522087,13868.14774292143,0.00038244285170648527,288984.63447119406
high,low,baseline,two,transition,Q16,243.74356259806135,63.0526363127681,0.0,55433.630353997345,17015.15263233233,0.00047354210484817634,356265.12969354045
high,low,baseline,two,transition,Q17,365.8930805186706,80.40277489762966,0.0,70316.77874830786,21277.174240722503,0.0005952378428021551,445993.74591247726
high,low,baseline,two,transition,Q18,437.2607051129358,100.10293097446717,0.0,89516.3254343399,26347.677048040576,0.0007470969328724284,556467.7975821751
high,low,baseline,two,transition,Q19,519.3690994104381,122.33780881710653,0.0,111643.42142982449,31998.14524038957,0.000919214094617049,680700.6342048874
high,low,baseline,two,transition,Q20,618.7171451806103,149.7696715776913,0.0,137268.4039219089,38333.063512042514,0.0011153504474589804,821147.5903323839
high,low,baseline,two,transition,Q21,724.637427758413,183.11184026906017,0.0,166734.31568328294,45337.68929756162,0.0013368197101811888,978310.4568733764
high,low,baseline,two,transition,Q22,863.4598864695927,222.43707891450407,0.0,200771.69894837443,53183.08174726435,0.0015887152627513483,1155620.7814620608
high,low,baseline,two,transition,Q23,1003.9181137923396,269.94567308659595,0.0,239944.99070332278,61815.383545459576,0.0018729642405623742,1353672.840275518
high,low,baseline,two,transition,Q24,1180.1647610294701,326.9826609648394,0.0,284791.22567407123,71356.14822222934,0.002193030839592901,1574649.9449613113
high,low,improved_pue,single,steady,Q01,0.0,0.0,0.0,0.0,0.0,0.0,0.0
high,low,improved_pue,single,steady,Q02,0.0,0.0,0.0,0.0,0.0,0.0,0.0
high,low,improved_pue,single,steady,Q03,0.0,0.0,0.0,0.0,0.0,0.0,0.0
high,low,improved_pue,single,steady,Q04,0.0,0.0,0.0,0.0,0.0,0.0,0.0
high,low,improved_pue,single,steady,Q05,0.0,0.0,0.0,0.0,0.0,0.0,0.0
high,low,improved_pue,single,steady,Q06,0.0,0.0,0.0,0.0,0.0,0.0,0.0
high,low,improved_pue,single,steady,Q07,0.0,0.0,0.0,0.0,0.0,0.0,0.0
high,low,improved_pue,single,steady,Q08,0.0,0.0,0.0,0.0,0.0,0.0,0.0
high,low,improved_pue,single,steady,Q09,32.81900301618683,4.072850262889244,0.0,6070.2521868783115,2495.775305915143,6.139963043173575e-05,49238.761806664676
high,low,improved_pue,single,steady,Q10,51.55056578258425,8.65541754591446,0.0,14224.917323272448,5797.395769647105,0.00014336673872383533,114873.62698956084
high,low,improved_pue,single,steady,Q11,68.84480204992543,13.749215938677047,0.0,23555.3026242646,9566.68526177503,0.0002370674144430313,189888.0631148087
high,low,improved_pue,single,steady,Q12,94.61488470706553,20.11469262876126,0.0,34290.2879573551,13915.402298670553,0.00034499632419397996,276315.17481612595
high,low,improved_pue,single,steady,Q13,122.52550634356285,28.05192592059794,0.0,46787.60423463686,18974.11866950217,0.0004706070717324459,376891.60363356915
high,low,improved_pue,single,steady,Q14,153.10644853604666,37.31869836132292,0.0,61088.03788313115,24760.087399505217,0.0006143156947856456,491953.02552757674
high,low,improved_pue,single,steady,Q15,189.65604147077767,48.861256226506114,0.0,77394.10093256512,31361.38308408086,0.0007782227427173318,623190.234571069
high,low,improved_pue,single,steady,Q16,232.86364181906958,63.0526363127681,0.0,96025.21152225617,38907.338210696995,0.0009655399144220707,773174.2281959945
high,low,improved_pue,single,steady,Q17,351.84599447248763,80.40277489762966,0.0,120614.7610432909,48989.79779371015,0.001213988558071335,972357.0221102651
high,low,improved_pue,single,steady,Q18,419.5801407076445,100.10293097446717,0.0,151918.36977051705,61656.55965510935,0.0015285763298290682,1224239.0756331617
high,low,improved_pue,single,steady,Q19,497.5139397190243,122.33780881710653,0.0,187514.13289368787,76061.84994132175,0.0018863149858194303,1510675.030987969
high,low,improved_pue,single,steady,Q20,592.0336012561,149.76967157769133,0.0,228179.86597895218,92530.89842988193,0.0022951370285304207,1838028.4482146278
high,low,improved_pue,single,steady,Q21,692.4781312157321,183.11184026906022,0.0,274300.4235184941,111196.68158996364,0.002758684916211946,2209168.5099736126
high,low,improved_pue,single,steady,Q22,824.9142484254811,222.43707891450413,0.0,326836.3846450483,132495.60089432754,0.0032870865022081373,2632301.5475234683
high,low,improved_pue,single,steady,Q23,958.161157122233,269.945673086596,0.0,386447.9155764914,156630.46138138432,0.003886341835638224,3112096.2761198087
high,low,improved_pue,single,steady,Q24,1126.1186430439705,326.9826609648395,0.0,453717.26803261397,183902.63582961596,0.004562964879796667,3653895.4304266153
high,low,improved_pue,single,transition,Q01,0.0,0.0,0.0,0.0,0.0,0.0,0.0
high,low,improved_pue,single,transition,Q02,0.0,0.0,0.0,0.0,0.0,0.0,0.0
high,low,improved_pue,single,transition,Q03,0.0,0.0,0.0,0.0,0.0,0.0,0.0
high,low,improved_pue,single,transition,Q04,0.0,0.0,0.0,0.0,0.0,0.0,0.0
high,low,improved_pue,single,transition,Q05,0.0,0.0,0.0,0.0,0.0,0.0,0.0
high,low,improved_pue,single,transition,Q06,0.0,0.0,0.0,0.0,0.0,0.0,0.0
high,low,improved_pue,single,transition,Q07,0.0,0.0,0.0,0.0,0.0,0.0,0.0
high,low,improved_pue,single,transition,Q08,0.0,0.0,0.0,0.0,0.0,0.0,0.0
high,low,improved_pue,single,transition,Q09,32.81900301618683,4.072850262889244,0.0,6070.2521868783115,2073.4968929149127,5.5065454236732296e-05,42482.307198660994
high,low,improved_pue,single,transition,Q10,51.55056578258425,8.65541754591446,0.0,14224.917323272448,4736.926172059508,0.00012745969476002136,97906.1134281593
high,low,improved_pue,single,transition,Q11,68.84480204992543,13.749215938677047,0.0,23555.3026242646,7694.877811927246,0.00020899030269531455,159939.14391724416
high,low,improved_pue,single,transition,Q12,94.61488470706553,20.11469262876126,0.0,34290.2879573551,11016.770164788024,0.00030151684218574203,229937.06067400548
high,low,improved_pue,single,transition,Q13,122.52550634356285,28.05192592059794,0.0,46787.60423463686,14771.418750164154,0.0004075665729423756,309648.40492416086
high,low,improved_pue,single,transition,Q14,153.10644853604666,37.31869836132292,0.0,61088.03788313115,18940.81671990263,0.0005270266345916068,398844.69465393526
high,low,improved_pue,single,transition,Q15,189.65604147077767,48.861256226506114,0.0,77394.10093256512,23557.02646802544,0.0006611573934765005,498320.52871418226
high,low,improved_pue,single,transition,Q16,232.86364181906958,63.0526363127681,0.0,96025.21152225617,28672.836735116653,0.0008120223922883657,609422.204586709
high,low,improved_pue,single,transition,Q17,351.84599447248763,80.40277489762966,0.0,120614.7610432909,35334.14160215976,0.0010091537151980792,753866.5230454588
high,low,improved_pue,single,transition,Q18,419.5801407076445,100.10293097446717,0.0,151918.36977051705,43373.41347779509,0.0012543291371693542,931708.7367961335
high,low,improved_pue,single,transition,Q19,497.5139397190243,122.33780881710653,0.0,187514.13289368787,52207.1930142938,0.001528495131914011,1129000.5201555216
high,low,improved_pue,single,transition,Q20,592.0336012561,149.76967157769133,0.0,228179.86597895218,61957.55516702769,0.0018365368795876071,1348854.95600896
high,low,improved_pue,single,transition,Q21,692.4781312157321,183.11184026906022,0.0,274300.4235184941,72602.37179849342,0.002179770269339893,1591659.553310089
high,low,improved_pue,single,transition,Q22,824.9142484254811,222.43707891450413,0.0,326836.3846450483,84307.76776670394,0.0025642690052937833,1861296.2174814907
high,low,improved_pue,single,transition,Q23,958.161157122233,269.945673086596,0.0,386447.9155764914,97038.68320600639,0.002992465163007555,2158627.825313762
high,low,improved_pue,single,transition,Q24,1126.1186430439705,326.9826609648395,0.0,453717.26803261397,110856.9871630135,0.0034672801497976306,2485165.051760976
high,low,improved_pue,two,steady,Q01,0.0,0.0,0.0,0.0,0.0,0.0,0.0
high,low,improved_pue,two,steady,Q02,0.0,0.0,0.0,0.0,0.0,0.0,0.0
high,low,improved_pue,two,steady,Q03,0.0,0.0,0.0,0.0,0.0,0.0,0.0
high,low,improved_pue,two,steady,Q04,0.0,0.0,0.0,0.0,0.0,0.0,0.0
high,low,improved_pue,two,steady,Q05,0.0,0.0,0.0,0.0,0.0,0.0,0.0
high,low,improved_pue,two,steady,Q06,0.0,0.0,0.0,0.0,0.0,0.0,0.0
high,low,improved_pue,two,steady,Q07,0.0,0.0,0.0,0.0,0.0,0.0,0.0
high,low,improved_pue,two,steady,Q08,0.0,0.0,0.0,0.0,0.0,0.0,0.0
high,low,improved_pue,two,steady,Q09,33.5785802801956,4.072850262889243,0.0,3035.1260934391594,1317.8408159134174,3.14197110967408e-05,25318.912532890812
high,low,improved_pue,two,steady,Q10,53.208820930146075,8.65541754591446,0.0,7112.458661636228,3011.101490604365,7.285068250745537e-05,58560.84955258856
high,low,improved_pue,two,steady,Q11,71.51922954256426,13.749215938677047,0.0,11777.65131213231,4935.930125434625,0.00012012832824668019,96469.90650287547
high,low,improved_pue,two,steady,Q12,98.4965105537814,20.11469262876126,0.0,17145.143978677566,7168.633142603942,0.00017470805549282055,140266.9073407497
high,low,improved_pue,two,steady,Q13,127.80933514144483,28.05192592059794,0.0,23393.80211731846,9761.98779679217,0.00023819308011623696,191195.08643719554
high,low,improved_pue,two,steady,Q14,159.999429679859,37.31869836132292,0.0,30544.018941565602,12725.594889436812,0.00031079995278147167,249432.02466063056
high,low,improved_pue,two,steady,Q15,198.40134193793716,48.861256226506114,0.0,38697.0504662826,16110.670154496733,0.00039365546376436174,315894.90341009776
high,low,improved_pue,two,steady,Q16,243.74356259806135,63.0526363127681,0.0,48012.605761128136,19983.562469480017,0.0004883841540339148,391886.04773931275
high,low,improved_pue,two,steady,Q17,365.8930805186706,80.40277489762966,0.0,60307.38052164554,25280.933531387454,0.0006152566392554799,494038.8574004567
high,low,improved_pue,two,steady,Q18,437.2607051129358,100.10293097446717,0.0,75959.18488525861,31770.53326767311,0.0007742112139705913,621542.0722177655
high,low,improved_pue,two,steady,Q19,519.3690994104381,122.33780881710653,0.0,93757.06644684404,39152.68723358177,0.0009549868045830101,766555.1381231938
high,low,improved_pue,two,steady,Q20,618.7171451806103,149.7696715776913,0.0,114089.93298947625,47604.45188501561,0.0011617073893238463,932404.250808061
high,low,improved_pue,two,steady,Q21,724.637427758413,183.11184026906017,0.0,137150.2117592472,57171.33086717593,0.0013959879180292605,1120314.155708748
high,low,improved_pue,two,steady,Q22,863.4598864695927,222.43707891450407,0.0,163418.19232252432,68124.4843976044,0.0016634222760030487,1334917.6132661412
high,low,improved_pue,two,steady,Q23,1003.9181137923396,269.94567308659595,0.0,193223.9577882459,80503.79671149034,0.0019664063063925285,1577933.798267887
high,low,improved_pue,two,steady,Q24,1180.1647610294701,326.9826609648394,0.0,226858.6340163073,94529.18488533498,0.00230889602290843,1852726.384918579
high,low,improved_pue,two,transition,Q01,0.0,0.0,0.0,0.0,0.0,0.0,0.0
high,low,improved_pue,two,transition,Q02,0.0,0.0,0.0,0.0,0.0,0.0,0.0
high,low,improved_pue,two,transition,Q03,0.0,0.0,0.0,0.0,0.0,0.0,0.0
high,low,improved_pue,two,transition,Q04,0.0,0.0,0.0,0.0,0.0,0.0,0.0
high,low,improved_pue,two,transition,Q05,0.0,0.0,0.0,0.0,0.0,0.0,0.0
high,low,improved_pue,two,transition,Q06,0.0,0.0,0.0,0.0,0.0,0.0,0.0
high,low,improved_pue,two,transition,Q07,0.0,0.0,0.0,0.0,0.0,0.0,0.0
high,low,improved_pue,two,transition,Q08,0.0,0.0,0.0,0.0,0.0,0.0,0.0
high,low,improved_pue,two,transition,Q09,33.5785802801956,4.072850262889243,0.0,3035.1260934391594,1106.701609413302,2.8252622999239074e-05,21940.685228888964
high,low,improved_pue,two,transition,Q10,53.208820930146075,8.65541754591446,0.0,7112.458661636228,2480.8666918105664,6.489716052554839e-05,50077.09277188778
high,low,improved_pue,two,transition,Q11,71.51922954256426,13.749215938677047,0.0,11777.65131213231,4000.026400510732,0.00010608977237282178,81495.4469040932
high,low,improved_pue,two,transition,Q12,98.4965105537814,20.11469262876126,0.0,17145.143978677566,5719.317075662677,0.00015296831448870154,117077.85026968946
high,low,improved_pue,two,transition,Q13,127.80933514144483,28.05192592059794,0.0,23393.80211731846,7660.637837123158,0.00020667283072120176,157573.48708249137
high,low,improved_pue,two,transition,Q14,159.999429679859,37.31869836132292,0.0,30544.018941565602,9815.959549635516,0.0002671554226844522,202877.8592238098
high,low,improved_pue,two,transition,Q15,198.40134193793716,48.861256226506114,0.0,38697.0504662826,12208.49184646902,0.000335122789143946,253460.05048165433
high,low,improved_pue,two,transition,Q16,243.74356259806135,63.0526363127681,0.0,48012.605761128136,14866.311731689842,0.0004116253929670621,310010.0359346699
high,low,improved_pue,two,transition,Q17,365.8930805186706,80.40277489762966,0.0,60307.38052164554,18453.105435612248,0.0005128392178188519,384793.60786805337
high,low,improved_pue,two,transition,Q18,437.2607051129358,100.10293097446717,0.0,75959.18488525861,22628.96017901597,0.0006370876176407342,475276.90279925126
high,low,improved_pue,two,transition,Q19,519.3690994104381,122.33780881710653,0.0,93757.06644684404,27225.358770067778,0.0007760768776303004,575717.88270697
high,low,improved_pue,two,transition,Q20,618.7171451806103,149.7696715776913,0.0,114089.93298947625,32317.78025358847,0.0009324073148524392,687817.5047052269
high,low,improved_pue,two,transition,Q21,724.637427758413,183.11184026906017,0.0,137150.2117592472,37874.175971440796,0.0011065305945932335,811559.677376986
high,low,improved_pue,two,transition,Q22,863.4598864695927,222.43707891450407,0.0,163418.19232252432,44030.56783379258,0.0013020135275458714,949414.9482451521
high,low,improved_pue,two,transition,Q23,1003.9181137923396,269.94567308659595,0.0,193223.9577882459,50707.90762380135,0.0015194679700771935,1101199.572864863
high,low,improved_pue,two,transition,Q24,1180.1647610294701,326.9826609648394,0.0,226858.6340163073,58006.3605520337,0.0017610536579089108,1268361.1955857584
high,low,advanced_coolant,single,steady,Q01,0.0,0.0,0.0,0.0,0.0,0.0,0.0
high,low,advanced_coolant,single,steady,Q02,0.0,0.0,0.0,0.0,0.0,0.0,0.0
high,low,advanced_coolant,single,steady,Q03,0.0,0.0,0.0,0.0,0.0,0.0,0.0
high,low,advanced_coolant,single,steady,Q04,0.0,0.0,0.0,0.0,0.0,0.0,0.0
high,low,advanced_coolant,single,steady,Q05,0.0,0.0,0.0,0.0,0.0,0.0,0.0
high,low,advanced_coolant,single,steady,Q06,0.0,0.0,0.0,0.0,0.0,0.0,0.0
high,low,advanced_coolant,single,steady,Q07,0.0,0.0,0.0,0.0,0.0,0.0,0.0
high,low,advanced_coolant,single,steady,Q08,0.0,0.0,0.0,0.0,0.0,0.0,0.0
high,low,advanced_coolant,single,steady,Q09,28.846926084570914,3.9980077021407805,0.0,6648.37144277148,2719.041433128805,6.710063302642763e-05,53783.90010237396
high,low,advanced_coolant,single,steady,Q10,45.04255858143998,8.445749562789064,0.0,15687.277377087872,6369.218942779424,0.0001578580824381354,126441.29893614573
high,low,advanced_coolant,single,steady,Q11,59.74204967671518,13.330469610088265,0.0,26155.514544054684,10588.35515178035,0.000262883291130182,210505.60969402222
high,low,advanced_coolant,single,steady,Q12,81.24358832810263,19.303111824580036,0.0,38348.337391515495,15511.473689174698,0.00038530127679996284,308508.08645780897
high,low,advanced_coolant,single,steady,Q13,104.1121634272208,26.605728069810368,0.0,52720.25111038952,21309.627635045163,0.0005295508116531378,423977.2807920097
high,low,advanced_coolant,single,steady,Q14,128.7095905916462,34.94179770347024,0.0,69373.92067572463,28024.458350324887,0.000696662816546114,557740.2662061474
high,low,advanced_coolant,single,steady,Q15,157.55072911221075,45.180398925819375,0.0,88606.71299044162,35780.37685386399,0.0008896699484759187,712230.6205004065
high,low,advanced_coolant,single,steady,Q16,190.98640350870275,57.59393473274262,0.0,110867.26070799454,44757.67405758161,0.0011130682744974472,891045.7834077943
high,low,advanced_coolant,single,steady,Q17,281.1024800580121,72.57340234771937,0.0,140633.55749661554,56851.91465993611,0.0014126833585907932,1131053.3765858235
high,low,advanced_coolant,single,steady,Q18,331.44235251357395,89.32398112213309,0.0,179032.6508686796,72320.60704306007,0.0017978485955482892,1439336.6739053193
high,low,advanced_coolant,single,steady,Q19,388.18613746272615,107.90851424281635,0.0,223286.84285964872,90145.06367590636,0.00224171123648817,1794598.0081976587
high,low,advanced_coolant,single,steady,Q20,455.56654896082455,130.30258505605417,0.0,274536.80784381746,110791.00752797668,0.002755782435267952,2206057.3066550368
high,low,advanced_coolant,single,steady,Q21,525.6663305301178,156.9588433303463,0.0,333468.6313665655,134517.26462935162,0.0033467692287095607,2679047.171759778
high,low,advanced_coolant,single,steady,Q22,616.0459490982435,187.7166678758626,0.0,401543.3978967484,161943.30939083378,0.004029632064628207,3225606.6854953314
high,low,advanced_coolant,single,steady,Q23,704.9940877152072,224.2142977064652,0.0,479889.981406645,193478.08788694165,0.004815241838797819,3854340.804495997
high,low,advanced_coolant,single,steady,Q24,814.5216236551405,267.3125475323109,0.0,569582.4513481418,229595.68006033316,0.005714788071429845,4574286.605995899
high,low,advanced_coolant,single,transition,Q01,0.0,0.0,0.0,0.0,0.0,0.0,0.0
high,low,advanced_coolant,single,transition,Q02,0.0,0.0,0.0,0.0,0.0,0.0,0.0
high,low,advanced_coolant,single,transition,Q03,0.0,0.0,0.0,0.0,0.0,0.0,0.0
high,low,advanced_coolant,single,transition,Q04,0.0,0.0,0.0,0.0,0.0,0.0,0.0
high,low,advanced_coolant,single,transition,Q05,0.0,0.0,0.0,0.0,0.0,0.0,0.0
high,low,advanced_coolant,single,transition,Q06,0.0,0.0,0.0,0.0,0.0,0.0,0.0
high,low,advanced_coolant,single,transition,Q07,0.0,0.0,0.0,0.0,0.0,0.0,0.0
high,low,advanced_coolant,single,transition,Q08,0.0,0.0,0.0,0.0,0.0,0.0,0.0
high,low,advanced_coolant,single,transition,Q09,28.846926084570914,3.9980077021407805,0.0,6648.37144277148,2256.546028414267,6.016320195570957e-05,46383.97362694136
high,low,advanced_coolant,single,transition,Q10,45.04255858143998,8.445749562789064,0.0,15687.277377087872,5199.3308997270815,0.00014030976179235029,107723.09024730825
high,low,advanced_coolant,single,transition,Q11,59.74204967671518,13.330469610088265,0.0,26155.514544054684,8508.185615948283,0.00023168074809270107,177222.89712070918
high,low,advanced_coolant,single,transition,Q12,81.24358832810263,19.303111824580036,0.0,38348.337391515495,12265.034141846378,0.0003366046835900381,256565.05370055587
high,low,advanced_coolant,single,transition,Q13,104.1121634272208,26.605728069810368,0.0,52720.25111038952,16563.51013444303,0.00045835904914410587,348039.40078237565
high,low,advanced_coolant,single,transition,Q14,128.7095905916462,34.94179770347024,0.0,69373.92067572463,21395.752116250093,0.0005972322230349921,451680.96646095073
high,low,advanced_coolant,single,transition,Q15,157.55072911221075,45.180398925819375,0.0,88606.71299044162,26810.28720756278,0.0007551186037814007,568709.1861595871
high,low,advanced_coolant,single,transition,Q16,190.98640350870275,57.59393473274262,0.0,110867.26070799454,32884.03470899088,0.0009349636842685864,701067.5538303428
high,low,advanced_coolant,single,transition,Q17,281.1024800580121,72.57340234771937,0.0,140633.55749661554,40836.87749727638,0.0011724578011508972,874812.7819832677
high,low,advanced_coolant,single,transition,Q18,331.44235251357395,89.32398112213309,0.0,179032.6508686796,50629.18216452999,0.001472477222370338,1092273.8758488381
high,low,advanced_coolant,single,transition,Q19,388.18613746272615,107.90851424281635,0.0,223286.84285964872,61526.89570313764,0.0018124387168966395,1336707.3206333593
high,low,advanced_coolant,single,transition,Q20,455.56654896082455,130.30258505605417,0.0,274536.80784381746,73705.45403608443,0.0021994991328895684,1612688.450784761
high,low,advanced_coolant,single,transition,Q21,525.6663305301178,156.9588433303463,0.0,333468.6313665655,87182.6983508945,0.0026367507345327044,1921694.1113044645
high,low,advanced_coolant,single,transition,Q22,616.0459490982435,187.7166678758626,0.0,401543.3978967484,102177.6987894737,0.003133147905607807,2269356.9158735704
high,low,advanced_coolant,single,transition,Q23,704.9940877152072,224.2142977064652,0.0,479889.981406645,118724.43522281875,0.0036939370488359756,2658282.3618700304
high,low,advanced_coolant,single,transition,Q24,814.5216236551405,267.3125475323109,0.0,569582.4513481418,136903.5334079109,0.004324405871643511,3091212.259557143
high,low,advanced_coolant,two,steady,Q01,0.0,0.0,0.0,0.0,0.0,0.0,0.0
high,low,advanced_coolant,two,steady,Q02,0.0,0.0,0.0,0.0,0.0,0.0,0.0
high,low,advanced_coolant,two,steady,Q03,0.0,0.0,0.0,0.0,0.0,0.0,0.0
high,low,advanced_coolant,two,steady,Q04,0.0,0.0,0.0,0.0,0.0,0.0,0.0
high,low,advanced_coolant,two,steady,Q05,0.0,0.0,0.0,0.0,0.0,0.0,0.0
high,low,advanced_coolant,two,steady,Q06,0.0,0.0,0.0,0.0,0.0,0.0,0.0
high,low,advanced_coolant,two,steady,Q07,0.0,0.0,0.0,0.0,0.0,0.0,0.0
high,low,advanced_coolant,two,steady,Q08,0.0,0.0,0.0,0.0,0.0,0.0,0.0
high,low,advanced_coolant,two,steady,Q09,29.53805231433591,3.9980077021407796,0.0,3324.185721385744,1421.286951273911,3.418796889881963e-05,27509.612398282083
high,low,advanced_coolant,two,steady,Q10,46.53969846688712,8.445749562789064,0.0,7843.638688543945,3283.408882990331,7.99592640828879e-05,64208.643584079095
high,low,advanced_coolant,two,steady,Q11,62.13888796930712,13.330469610088265,0.0,13077.757272027357,5427.517424926431,0.00013284169640350412,106586.20333737374
high,low,advanced_coolant,two,steady,Q12,84.69212780689728,19.303111824580036,0.0,19174.16869575777,7938.221195592236,0.00019457199746915333,156078.88673895344
high,low,advanced_coolant,two,steady,Q13,108.76326337393098,26.605728069810368,0.0,26360.12555519479,10890.294308252069,0.000267263239374213,214343.44530329987
high,low,advanced_coolant,two,steady,Q14,134.7198057181427,34.94179770347024,0.0,34686.96033786236,14305.149900576975,0.0003514353245157199,281799.3403572192
high,low,advanced_coolant,two,steady,Q15,165.09932027899106,45.180398925819375,0.0,44303.35649522087,18250.525858119687,0.0004486642505444657,359718.68456208037
high,low,advanced_coolant,two,steady,Q16,200.27592278229605,57.59393473274262,0.0,55433.630353997345,22817.475360995384,0.0005612084902444335,449909.27502594324
high,low,advanced_coolant,two,steady,Q17,292.8946505984497,72.57340234771937,0.0,70316.77874830786,29059.825502879285,0.0007130432280362479,571865.3700220243
high,low,advanced_coolant,two,steady,Q18,346.0603646231792,89.32398112213309,0.0,89516.3254343399,36911.704253447104,0.0009068849249989265,727182.3442718306
high,low,advanced_coolant,two,steady,Q19,405.9973267272568,107.90851424281634,0.0,111643.42142982449,45956.29193779368,0.001130232761813705,906136.6050972347
high,low,advanced_coolant,two,steady,Q20,477.00536063510043,130.30258505605414,0.0,137268.4039219089,56436.1045894609,0.0013889487388139827,1113434.6615822446
high,low,advanced_coolant,two,steady,Q21,551.1468428685002,156.95884333034627,0.0,166734.31568328294,68464.88593441644,0.0016862319447688394,1351586.122077296
high,low,advanced_coolant,two,steady,Q22,646.145858855855,187.71666787586258,0.0,200771.69894837443,82387.90465682423,0.0020299171152675577,1626965.8423617398
high,low,advanced_coolant,two,steady,Q23,740.2109133769482,224.21429770646517,0.0,239944.99070332278,98366.7897447398,0.002425019448900133,1943447.860260689
high,low,advanced_coolant,two,steady,Q24,855.4928531316532,267.3125475323108,0.0,284791.22567407123,116683.45323967269,0.0028775867305476464,2305999.4350930117
high,low,advanced_coolant,two,transition,Q01,0.0,0.0,0.0,0.0,0.0,0.0,0.0
high,low,advanced_coolant,two,transition,Q02,0.0,0.0,0.0,0.0,0.0,0.0,0.0
high,low,advanced_coolant,two,transition,Q03,0.0,0.0,0.0,0.0,0.0,0.0,0.0
high,low,advanced_coolant,two,transition,Q04,0.0,0.0,0.0,0.0,0.0,0.0,0.0
high,low,advanced_coolant,two,transition,Q05,0.0,0.0,0.0,0.0,0.0,0.0,0.0
high,low,advanced_coolant,two,transition,Q06,0.0,0.0,0.0,0.0,0.0,0.0,0.0
high,low,advanced_coolant,two,transition,Q07,0.0,0.0,0.0,0.0,0.0,0.0,0.0
high,low,advanced_coolant,two,transition,Q08,0.0,0.0,0.0,0.0,0.0,0.0,0.0
high,low,advanced_coolant,two,transition,Q09,29.53805231433591,3.9980077021407796,0.0,3324.185721385744,1190.0392489166418,3.071925336346059e-05,23809.649160565776
high,low,advanced_coolant,two,transition,Q10,46.53969846688712,8.445749562789064,0.0,7843.638688543945,2698.464861464159,7.118510375999534e-05,54849.53923966034
high,low,advanced_coolant,two,transition,Q11,62.13888796930712,13.330469610088265,0.0,13077.757272027357,4387.432657010397,0.00011724042488476361,89944.84705071719
high,low,advanced_coolant,two,transition,Q12,84.69212780689728,19.303111824580036,0.0,19174.16869575777,6315.001421928075,0.00017022370086419093,130107.37036032687
high,low,advanced_coolant,two,transition,Q13,108.76326337393098,26.605728069810368,0.0,26360.12555519479,8517.235557951,0.00023166735811969703,176374.50529848278
high,low,advanced_coolant,two,transition,Q14,134.7198057181427,34.94179770347024,0.0,34686.96033786236,10990.796783539574,0.0003017200277601589,228769.69048462075
high,low,advanced_coolant,two,transition,Q15,165.09932027899106,45.180398925819375,0.0,44303.35649522087,13765.481034969074,0.00038138857819720656,287957.96739167057
high,low,advanced_coolant,two,transition,Q16,200.27592278229605,57.59393473274262,0.0,55433.630353997345,16880.655686700014,0.000472156195130003,354920.1602372173
high,low,advanced_coolant,two,transition,Q17,292.8946505984497,72.57340234771937,0.0,70316.77874830786,21052.306921549407,0.0005929304493162999,443745.0727207463
high,low,advanced_coolant,two,transition,Q18,346.0603646231792,89.32398112213309,0.0,89516.3254343399,26065.991814182053,0.0007441992384099508,553650.9452435899
high,low,advanced_coolant,two,transition,Q19,405.9973267272568,107.90851424281634,0.0,111643.42142982449,31647.207951409306,0.0009155965020179393,677191.2613150849
high,low,advanced_coolant,two,transition,Q20,477.00536063510043,130.30258505605414,0.0,137268.4039219089,37893.32784351475,0.0011108070876247908,816750.2336471063
high,low,advanced_coolant,two,transition,Q21,551.1468428685002,156.95884333034627,0.0,166734.31568328294,44797.60279518784,0.0013312226976804108,972909.5918496387
high,low,advanced_coolant,two,transition,Q22,646.145858855855,187.71666787586258,0.0,200771.69894837443,52505.09935614415,0.0015816750357573568,1148840.9575508588
high,low,advanced_coolant,two,transition,Q23,740.2109133769482,224.21429770646517,0.0,239944.99070332278,60989.9634126783,0.0018643670539192107,1345418.6389477053
high,low,advanced_coolant,two,transition,Q24,855.4928531316532,267.3125475323108,0.0,284791.22567407123,70337.3799134615,0.002182395630654479,1564462.261873633
high,low,coolant_recovery,single,steady,Q01,0.0,0.0,0.0,0.0,0.0,0.0,0.0
high,low,coolant_recovery,single,steady,Q02,0.0,0.0,0.0,0.0,0.0,0.0,0.0
high,low,coolant_recovery,single,steady,Q03,0.0,0.0,0.0,0.0,0.0,0.0,0.0
high,low,coolant_recovery,single,steady,Q04,0.0,0.0,0.0,0.0,0.0,0.0,0.0
high,low,coolant_recovery,single,steady,Q05,0.0,0.0,0.0,0.0,0.0,0.0,0.0
high,low,coolant_recovery,single,steady,Q06,0.0,0.0,0.0,0.0,0.0,0.0,0.0
high,low,coolant_recovery,single,steady,Q07,0.0,0.0,0.0,0.0,0.0,0.0,0.0
high,low,coolant_recovery,single,steady,Q08,0.0,0.0,0.0,0.0,0.0,0.0,0.0
high,low,coolant_recovery,single,steady,Q09,30.395657109767726,1.649504356470144,2.4233459064190996,6648.37144277148,2721.5348425431675,6.712237758939497e-05,53811.68519170162
high,low,coolant_recovery,single,steady,Q10,46.400592342765144,3.505444106095357,5.149973439819104,15687.277377087872,6370.676616030156,0.00015786613402020568,126461.93446093518
high,low,coolant_recovery,single,steady,Q11,60.664018566412594,5.568432455164205,8.180783483512842,26155.514544054684,10588.242961213697,0.0002628722323922121,210514.1122395128
high,low,coolant_recovery,single,steady,Q12,82.64664259295259,8.146450514648311,11.96824211411295,38348.337391515495,15511.517524017458,0.00038528817269636124,308522.6050910767
high,low,coolant_recovery,single,steady,Q13,105.83461042080708,11.361029997842166,16.690895922755775,52720.25111038952,21309.377449625234,0.000529530995353012,423994.41528595483
high,low,coolant_recovery,single,steady,Q14,130.90182301105952,15.114072836335787,22.20462552498714,69373.92067572463,28024.153570500734,0.0006966389993900956,557763.3414967587
high,low,coolant_recovery,single,steady,Q15,160.58359401600654,19.78880877173498,29.07244745477114,88606.71299044162,35780.58736446625,0.0008896477042692467,712266.9284857876
high,low,coolant_recovery,single,steady,Q16,195.34732321297258,25.53631770667109,37.51631860609702,110867.26070799454,44759.194457560894,0.0011130556009483665,891105.1242530062
high,low,coolant_recovery,single,steady,Q17,304.00634340839804,32.56312383354002,47.83965106408965,140633.55749661554,56888.97363586546,0.0014130227427848008,1131480.2482875453
high,low,coolant_recovery,single,steady,Q18,360.0188967778366,40.54168704465921,59.56124392980797,179032.6508686796,72367.38339488627,0.0017982826637512103,1439874.5094752635
high,low,coolant_recovery,single,steady,Q19,424.72294347284594,49.546812570928154,72.7909962461784,223286.84285964872,90206.08373032504,0.0022422865379225134,1795293.8452080176
high,low,coolant_recovery,single,steady,Q20,502.9206466673737,60.65671698896499,89.11295458872634,274536.80784381746,110871.8605433771,0.002756557252391934,2206970.6755791456
high,low,coolant_recovery,single,steady,Q21,583.5265862556413,74.16029530896938,108.95154496009083,333468.6313665655,134617.22152442962,0.003347739339784799,2680174.9189987467
high,low,coolant_recovery,single,steady,Q22,692.5641864713511,90.08701696037417,132.35006195412996,401543.3978967484,162078.67223117026,0.004030964662642716,3227116.0198539365
high,low,coolant_recovery,single,steady,Q23,797.5434816357084,109.32799760007137,160.6176754865246,479889.981406645,193643.53591896157,0.0048168887735309685,3856184.246787356
high,low,coolant_recovery,single,steady,Q24,931.563959769891,132.42797769075997,194.55468327407948,569582.4513481418,229808.10002017696,0.005716924511767101,4576639.693457012
high,low,coolant_recovery,single,transition,Q01,0.0,0.0,0.0,0.0,0.0,0.0,0.0
high,low,coolant_recovery,single,transition,Q02,0.0,0.0,0.0,0.0,0.0,0.0,0.0
high,low,coolant_recovery,single,transition,Q03,0.0,0.0,0.0,0.0,0.0,0.0,0.0
high,low,coolant_recovery,single,transition,Q04,0.0,0.0,0.0,0.0,0.0,0.0,0.0
high,low,coolant_recovery,single,transition,Q05,0.0,0.0,0.0,0.0,0.0,0.0,0.0
high,low,coolant_recovery,single,transition,Q06,0.0,0.0,0.0,0.0,0.0,0.0,0.0
high,low,coolant_recovery,single,transition,Q07,0.0,0.0,0.0,0.0,0.0,0.0,0.0
high,low,coolant_recovery,single,transition,Q08,0.0,0.0,0.0,0.0,0.0,0.0,0.0
high,low,coolant_recovery,single,transition,Q09,30.395657109767726,1.649504356470144,2.4233459064190996,6648.37144277148,2259.0394378286296,6.018494651867691e-05,46411.75871626902
high,low,coolant_recovery,single,transition,Q10,46.400592342765144,3.505444106095357,5.149973439819104,15687.277377087872,5200.788572977814,0.00014031781337442057,107743.7257720977
high,low,coolant_recovery,single,transition,Q11,60.664018566412594,5.568432455164205,8.180783483512842,26155.514544054684,8508.073425381632,0.00023166968935473117,177231.39966619975
high,low,coolant_recovery,single,transition,Q12,82.64664259295259,8.146450514648311,11.96824211411295,38348.337391515495,12265.07797668914,0.0003365915794864365,256579.57233382366
high,low,coolant_recovery,single,transition,Q13,105.83461042080708,11.361029997842166,16.690895922755775,52720.25111038952,16563.2599490231,0.0004583392328439801,348056.5352763208
high,low,coolant_recovery,single,transition,Q14,130.90182301105952,15.114072836335787,22.20462552498714,69373.92067572463,21395.447336425936,0.0005972084058789738,451704.04175156215
high,low,coolant_recovery,single,transition,Q15,160.58359401600654,19.78880877173498,29.07244745477114,88606.71299044162,26810.49771816504,0.0007550963595747285,568745.4941449683
high,low,coolant_recovery,single,transition,Q16,195.34732321297258,25.53631770667109,37.51631860609702,110867.26070799454,32885.55510897018,0.0009349510107195057,701126.8946755547
high,low,coolant_recovery,single,transition,Q17,304.00634340839804,32.56312383354002,47.83965106408965,140633.55749661554,40873.93647320573,0.0011727971853449047,875239.6536849897
high,low,coolant_recovery,single,transition,Q18,360.0188967778366,40.54168704465921,59.56124392980797,179032.6508686796,50675.95851635621,0.0014729112905732592,1092811.7114187824
high,low,coolant_recovery,single,transition,Q19,424.72294347284594,49.546812570928154,72.7909962461784,223286.84285964872,61587.91575755633,0.001813014018330983,1337403.157643718
high,low,coolant_recovery,single,transition,Q20,502.9206466673737,60.65671698896499,89.11295458872634,274536.80784381746,73786.30705148485,0.0022002739500135505,1613601.8197088693
high,low,coolant_recovery,single,transition,Q21,583.5265862556413,74.16029530896938,108.95154496009083,333468.6313665655,87282.6552459725,0.0026377208456079427,1922821.8585434328
high,low,coolant_recovery,single,transition,Q22,692.5641864713511,90.08701696037417,132.35006195412996,401543.3978967484,102313.06162981018,0.0031344805036223147,2270866.250232175
high,low,coolant_recovery,single,transition,Q23,797.5434816357084,109.32799760007137,160.6176754865246,479889.981406645,118889.88325483866,0.0036955839835691247,2660125.8041613894
high,low,coolant_recovery,single,transition,Q24,931.563959769891,132.42797769075997,194.55468327407948,569582.4513481418,137115.95336775467,0.004326542311980767,3093565.3470182554
high,low,coolant_recovery,two,steady,Q01,0.0,0.0,0.0,0.0,0.0,0.0,0.0
high,low,coolant_recovery,two,steady,Q02,0.0,0.0,0.0,0.0,0.0,0.0,0.0
high,low,coolant_recovery,two,steady,Q03,0.0,0.0,0.0,0.0,0.0,0.0,0.0
high,low,coolant_recovery,two,steady,Q04,0.0,0.0,0.0,0.0,0.0,0.0,0.0
high,low,coolant_recovery,two,steady,Q05,0.0,0.0,0.0,0.0,0.0,0.0,0.0
high,low,coolant_recovery,two,steady,Q06,0.0,0.0,0.0,0.0,0.0,0.0,0.0
high,low,coolant_recovery,two,steady,Q07,0.0,0.0,0.0,0.0,0.0,0.0,0.0
high,low,coolant_recovery,two,steady,Q08,0.0,0.0,0.0,0.0,0.0,0.0,0.0
high,low,coolant_recovery,two,steady,Q09,31.1552343737765,1.6495043564701435,2.423345906419099,3324.185721385744,1425.2324184981865,3.422263927429796e-05,27553.343563300874
high,low,coolant_recovery,two,steady,Q10,48.05884749032697,3.5054441060953567,5.149973439819103,7843.638688543945,3286.0787386527727,7.997617491385675e-05,64244.43032912671
high,low,coolant_recovery,two,steady,Q11,63.33844605905142,5.568432455164205,8.18078348351284,13077.757272027357,5428.181906676593,0.00013283343597255063,106607.28483161096
high,low,coolant_recovery,two,steady,Q12,86.52826843966847,8.146450514648311,11.968242114112948,19174.16869575777,7939.586206960141,0.00019456533390478848,156113.65727989268
high,low,coolant_recovery,two,steady,Q13,111.11843921868906,11.361029997842166,16.69089592275577,26360.12555519479,10891.817216675692,0.0002672524967895594,214388.1289097527
high,low,coolant_recovery,two,steady,Q14,137.79480415487185,15.114072836335785,22.204625524987136,34686.96033786236,14307.34102889269,0.00035142608176221175,281860.4362736557
high,low,coolant_recovery,two,steady,Q15,169.32889448316604,19.788808771734978,29.072447454771137,44303.35649522087,18254.431751924214,0.0004486667855134689,359809.0478191634
high,low,coolant_recovery,two,steady,Q16,206.22724399196434,25.536317706671085,37.516318606097016,55433.630353997345,22824.52716548052,0.0005612371919659745,450045.9983389229
high,low,coolant_recovery,two,steady,Q17,318.05342945458096,32.56312383354001,47.83965106408964,70316.77874830786,29122.17871329055,0.0007136199517924317,572573.3250397794
high,low,coolant_recovery,two,steady,Q18,377.6994611831278,40.541687044659206,59.56124392980796,89516.3254343399,36991.05643807349,0.0009076279038721788,728080.9741956176
high,low,coolant_recovery,two,steady,Q19,446.57810316425974,49.54681257092815,72.79099624617838,111643.42142982449,46059.95393070237,0.0011312170330780263,907301.6797255796
high,low,coolant_recovery,two,steady,Q20,529.6041905918839,60.65671698896499,89.11295458872632,137268.4039219089,56573.11830931226,0.0013902683064674628,1114962.0569359146
high,low,coolant_recovery,two,steady,Q21,615.6858827983222,74.16029530896938,108.9515449600908,166734.31568328294,68634.85762964637,0.001687887474907826,1353478.106461878
high,low,coolant_recovery,two,steady,Q22,731.1098245154627,90.08701696037416,132.35006195412993,200771.69894837443,82616.28610218849,0.002032169384137915,1629483.2157482426
high,low,coolant_recovery,two,steady,Q23,843.300438305815,109.32799760007137,160.61767548652458,239944.99070332278,98646.5821857948,0.002427806054930108,1946529.2276279796
high,low,coolant_recovery,two,steady,Q24,985.6100777553906,132.42797769075997,194.55468327407945,284791.22567407123,117041.30784496537,0.002881183637708801,2309921.312939951
high,low,coolant_recovery,two,transition,Q01,0.0,0.0,0.0,0.0,0.0,0.0,0.0
high,low,coolant_recovery,two,transition,Q02,0.0,0.0,0.0,0.0,0.0,0.0,0.0
high,low,coolant_recovery,two,transition,Q03,0.0,0.0,0.0,0.0,0.0,0.0,0.0
high,low,coolant_recovery,two,transition,Q04,0.0,0.0,0.0,0.0,0.0,0.0,0.0
high,low,coolant_recovery,two,transition,Q05,0.0,0.0,0.0,0.0,0.0,0.0,0.0
high,low,coolant_recovery,two,transition,Q06,0.0,0.0,0.0,0.0,0.0,0.0,0.0
high,low,coolant_recovery,two,transition,Q07,0.0,0.0,0.0,0.0,0.0,0.0,0.0
high,low,coolant_recovery,two,transition,Q08,0.0,0.0,0.0,0.0,0.0,0.0,0.0
high,low,coolant_recovery,two,transition,Q09,31.1552343737765,1.6495043564701435,2.423345906419099,3324.185721385744,1193.9847161409173,3.075392373893892e-05,23853.380325584567
high,low,coolant_recovery,two,transition,Q10,48.05884749032697,3.5054441060953567,5.149973439819103,7843.638688543945,2701.1347171266007,7.120201459096418e-05,54885.32598470797
high,low,coolant_recovery,two,transition,Q11,63.33844605905142,5.568432455164205,8.18078348351284,13077.757272027357,4388.097138760559,0.00011723216445381013,89965.92854495443
high,low,coolant_recovery,two,transition,Q12,86.52826843966847,8.146450514648311,11.968242114112948,19174.16869575777,6316.36643329598,0.00017021703729982608,130142.14090126613
high,low,coolant_recovery,two,transition,Q13,111.11843921868906,11.361029997842166,16.69089592275577,26360.12555519479,8518.758466374626,0.0002316566155350434,176419.18890493567
high,low,coolant_recovery,two,transition,Q14,137.79480415487185,15.114072836335785,22.204625524987136,34686.96033786236,10992.987911855289,0.00030171078500665073,228830.78640105732
high,low,coolant_recovery,two,transition,Q15,169.32889448316604,19.788808771734978,29.072447454771137,44303.35649522087,13769.386928773603,0.0003813911131662097,288048.3306487537
high,low,coolant_recovery,two,transition,Q16,206.22724399196434,25.536317706671085,37.516318606097016,55433.630353997345,16887.70749118515,0.000472184896851544,355056.88355019706
high,low,coolant_recovery,two,transition,Q17,318.05342945458096,32.56312383354001,47.83965106408964,70316.77874830786,21114.66013196067,0.0005935071730724836,444453.02773850143
high,low,coolant_recovery,two,transition,Q18,377.6994611831278,40.541687044659206,59.56124392980796,89516.3254343399,26145.343998808436,0.0007449422172832031,554549.5751673769
high,low,coolant_recovery,two,transition,Q19,446.57810316425974,49.54681257092815,72.79099624617838,111643.42142982449,31750.869944317994,0.0009165807732822609,678356.3359434296
high,low,coolant_recovery,two,transition,Q20,529.6041905918839,60.65671698896499,89.11295458872632,137268.4039219089,38030.341563366106,0.0011121266552782706,818277.6290007763
high,low,coolant_recovery,two,transition,Q21,615.6858827983222,74.16029530896938,108.9515449600908,166734.31568328294,44967.574490417785,0.0013328782278193973,974801.5762342205
high,low,coolant_recovery,two,transition,Q22,731.1098245154627,90.08701696037416,132.35006195412993,200771.69894837443,52733.480801508405,0.0015839273046277136,1151358.3309373616
high,low,coolant_recovery,two,transition,Q23,843.300438305815,109.32799760007137,160.61767548652458,239944.99070332278,61269.755853733295,0.0018671536599491852,1348500.006314996
high,low,coolant_recovery,two,transition,Q24,985.6100777553906,132.42797769075997,194.55468327407945,284791.22567407123,70695.23451875417,0.0021859925378156326,1568384.1397205724
high,low,combined_strategy,single,steady,Q01,0.0,0.0,0.0,0.0,0.0,0.0,0.0
high,low,combined_strategy,single,steady,Q02,0.0,0.0,0.0,0.0,0.0,0.0,0.0
high,low,combined_strategy,single,steady,Q03,0.0,0.0,0.0,0.0,0.0,0.0,0.0
high,low,combined_strategy,single,steady,Q04,0.0,0.0,0.0,0.0,0.0,0.0,0.0
high,low,combined_strategy,single,steady,Q05,0.0,0.0,0.0,0.0,0.0,0.0,0.0
high,low,combined_strategy,single,steady,Q06,0.0,0.0,0.0,0.0,0.0,0.0,0.0
high,low,combined_strategy,single,steady,Q07,0.0,0.0,0.0,0.0,0.0,0.0,0.0
high,low,combined_strategy,single,steady,Q08,0.0,0.0,0.0,0.0,0.0,0.0,0.0
high,low,combined_strategy,single,steady,Q09,26.46811150179715,1.6191931193670164,2.378814582773764,6070.2521868783115,2482.406415392902,6.126206905697022e-05,49107.87150683376
high,low,combined_strategy,single,steady,Q10,40.01733759158048,3.420528572929572,5.025220989859493,14224.917323272448,5772.894273717396,0.00014311328539375515,114634.5240549577
high,low,combined_strategy,single,steady,Q11,51.810420258712654,5.398840192085749,7.931629418002517,23555.3026242646,9530.30757606472,0.00023668987969337644,189533.61758643267
high,low,combined_strategy,single,steady,Q12,69.7582367924775,7.817760288954917,11.48535153562512,34290.2879573551,13862.242972326914,0.00034444378280367615,275797.09373096674
high,low,combined_strategy,single,steady,Q13,88.28175522568364,10.7753198682732,15.830408201537168,46787.60423463686,18900.71766617002,0.00046984255069780934,376176.2176098965
high,low,combined_strategy,single,steady,Q14,107.91922095808141,14.15142806990545,20.790369633564794,61088.03788313115,24663.02116088206,0.0006133025738231342,491006.82239973755
high,low,combined_strategy,single,steady,Q15,130.66839175134822,18.29806156495685,26.88233736086253,77394.10093256512,31234.45144316084,0.000776895489172568,621952.5444411169
high,low,combined_strategy,single,steady,Q16,156.7180123427209,23.325543566760764,34.26839116598185,96025.21152225617,38743.24655623388,0.0009638213096766482,771573.6274056763
high,low,combined_strategy,single,steady,Q17,237.92130566111908,29.392227950826346,43.18117439689301,120614.7610432909,48746.6034189427,0.0012114539657338565,969975.8797442339
high,low,combined_strategy,single,steady,Q18,278.2945837459048,36.1762123544639,53.14776876766918,151918.36977051705,61354.530539232976,0.0015254239854375607,1221281.3112611833
high,low,combined_strategy,single,steady,Q19,323.98057148825046,43.70294826834062,64.20556597447572,187514.13289368787,75690.57296657983,0.001882435649649177,1507037.7972005196
high,low,combined_strategy,single,steady,Q20,378.03651085247236,52.77254694770193,77.53003810835222,228179.86597895218,92072.64804866753,0.0022903431745237442,1833537.156212023
high,low,combined_strategy,single,steady,Q21,432.2758187485618,63.568331548790255,93.39051178155603,274300.4235184941,110638.47944873542,0.002752834790827056,2203696.359751662
high,low,combined_strategy,single,steady,Q22,504.3545317121052,76.02525048972436,111.69141738613824,326836.3846450483,131807.555880191,0.0032798681979271872,2625552.499049616
high,low,combined_strategy,single,steady,Q23,571.5865805798604,90.80679057111841,133.40750713534678,386447.9155764914,155799.13278872074,0.0038776037053241943,3103939.940201567
high,low,combined_strategy,single,steady,Q24,655.4706578734155,108.2615817505859,159.05096578172493,453717.26803261397,182889.40307632225,0.004552300303217477,3643950.2216769503
high,low,combined_strategy,single,transition,Q01,0.0,0.0,0.0,0.0,0.0,0.0,0.0
high,low,combined_strategy,single,transition,Q02,0.0,0.0,0.0,0.0,0.0,0.0,0.0
high,low,combined_strategy,single,transition,Q03,0.0,0.0,0.0,0.0,0.0,0.0,0.0
high,low,combined_strategy,single,transition,Q04,0.0,0.0,0.0,0.0,0.0,0.0,0.0
high,low,combined_strategy,single,transition,Q05,0.0,0.0,0.0,0.0,0.0,0.0,0.0
high,low,combined_strategy,single,transition,Q06,0.0,0.0,0.0,0.0,0.0,0.0,0.0
high,low,combined_strategy,single,transition,Q07,0.0,0.0,0.0,0.0,0.0,0.0,0.0
high,low,combined_strategy,single,transition,Q08,0.0,0.0,0.0,0.0,0.0,0.0,0.0
high,low,combined_strategy,single,transition,Q09,26.46811150179715,1.6191931193670164,2.378814582773764,6070.2521868783115,2060.128002392672,5.492789286196677e-05,42351.41689883008
high,low,combined_strategy,single,transition,Q10,40.01733759158048,3.420528572929572,5.025220989859493,14224.917323272448,4712.424676129798,0.00012720624142994119,97667.01049355614
high,low,combined_strategy,single,transition,Q11,51.810420258712654,5.398840192085749,7.931629418002517,23555.3026242646,7658.500126216937,0.00020861276794565965,159584.69838886813
high,low,combined_strategy,single,transition,Q12,69.7582367924775,7.817760288954917,11.48535153562512,34290.2879573551,10963.610838444387,0.00030096430079543817,229418.97958884633
high,low,combined_strategy,single,transition,Q13,88.28175522568364,10.7753198682732,15.830408201537168,46787.60423463686,14698.017746832007,0.00040680205190773907,308933.01890048827
high,low,combined_strategy,single,transition,Q14,107.91922095808141,14.15142806990545,20.790369633564794,61088.03788313115,18843.750481279476,0.0005260135136290954,397898.4915260962
high,low,combined_strategy,single,transition,Q15,130.66839175134822,18.29806156495685,26.88233736086253,77394.10093256512,23430.094827105422,0.0006598301399317367,497082.83858423016
high,low,combined_strategy,single,transition,Q16,156.7180123427209,23.325543566760764,34.26839116598185,96025.21152225617,28508.745080653538,0.0008103037875429431,607821.6037963908
high,low,combined_strategy,single,transition,Q17,237.92130566111908,29.392227950826346,43.18117439689301,120614.7610432909,35090.94722739231,0.0010066191228606009,751485.3806794276
high,low,combined_strategy,single,transition,Q18,278.2945837459048,36.1762123544639,53.14776876766918,151918.36977051705,43071.38436191871,0.001251176792777847,928750.9724241552
high,low,combined_strategy,single,transition,Q19,323.98057148825046,43.70294826834062,64.20556597447572,187514.13289368787,51835.91603955187,0.0015246157957437578,1125363.2863680723
high,low,combined_strategy,single,transition,Q20,378.03651085247236,52.77254694770193,77.53003810835222,228179.86597895218,61499.30478581329,0.001831743025580931,1344363.6640063552
high,low,combined_strategy,single,transition,Q21,432.2758187485618,63.568331548790255,93.39051178155603,274300.4235184941,72044.1696572652,0.002173920143955003,1586187.403088138
high,low,combined_strategy,single,transition,Q22,504.3545317121052,76.02525048972436,111.69141738613824,326836.3846450483,83619.72275256742,0.0025570507010128337,1854547.1690076385
high,low,combined_strategy,single,transition,Q23,571.5865805798604,90.80679057111841,133.40750713534678,386447.9155764914,96207.35461334282,0.0029837270326935257,2150471.48939552
high,low,combined_strategy,single,transition,Q24,655.4706578734155,108.2615817505859,159.05096578172493,453717.26803261397,109843.7544097198,0.00345661557321844,2475219.8430113113
high,low,combined_strategy,two,steady,Q01,0.0,0.0,0.0,0.0,0.0,0.0,0.0
high,low,combined_strategy,two,steady,Q02,0.0,0.0,0.0,0.0,0.0,0.0,0.0
high,low,combined_strategy,two,steady,Q03,0.0,0.0,0.0,0.0,0.0,0.0,0.0
high,low,combined_strategy,two,steady,Q04,0.0,0.0,0.0,0.0,0.0,0.0,0.0
high,low,combined_strategy,two,steady,Q05,0.0,0.0,0.0,0.0,0.0,0.0,0.0
high,low,combined_strategy,two,steady,Q06,0.0,0.0,0.0,0.0,0.0,0.0,0.0
high,low,combined_strategy,two,steady,Q07,0.0,0.0,0.0,0.0,0.0,0.0,0.0
high,low,combined_strategy,two,steady,Q08,0.0,0.0,0.0,0.0,0.0,0.0,0.0
high,low,combined_strategy,two,steady,Q09,27.159237731562147,1.619193119367016,2.3788145827737637,3035.1260934391594,1297.582127027325,3.1211315503565205e-05,25120.523552117134
high,low,combined_strategy,two,steady,Q10,41.514477477027626,3.4205285729295714,5.025220989859492,7112.458661636228,2973.865900923457,7.24656690544717e-05,58197.36169282041
high,low,combined_strategy,two,steady,Q11,54.207258551304605,5.398840192085748,7.931629418002517,11777.65131213231,4880.530829269021,0.0001195536984461965,95929.91053431004
high,low,combined_strategy,two,steady,Q12,73.20677627127216,7.817760288954916,11.48535153562512,17145.143978677566,7087.594893984721,0.0001738662508163272,139476.7931219733
high,low,combined_strategy,two,steady,Q13,92.93285517239383,10.7753198682732,15.830408201537168,23393.80211731846,9649.988105240433,0.00023702731669874704,190103.02553615146
high,low,combined_strategy,two,steady,Q14,113.92943608457794,14.15142806990545,20.790369633564794,30544.018941565602,12577.347233450135,0.0003092537883571852,247986.23698835238
high,low,combined_strategy,two,steady,Q15,138.21698291812856,18.29806156495685,26.88233736086253,38697.0504662826,15916.682565215568,0.00039162868216820483,314002.46693615813
high,low,combined_strategy,two,steady,Q16,166.00753161631422,23.325543566760764,34.26839116598185,48012.605761128136,19732.653783269147,0.0004857585348706192,389437.4345086733
high,low,combined_strategy,two,steady,Q17,249.71347620155672,29.392227950826346,43.18117439689301,60307.38052164554,24909.377222719027,0.0006113871032840901,490399.49638623744
high,low,combined_strategy,two,steady,Q18,292.91259585551006,36.1762123544639,53.14776876766918,75959.18488525861,31308.301936971475,0.0007693908208144597,617013.5490909274
high,low,combined_strategy,two,steady,Q19,341.79176075278104,43.70294826834062,64.20556597447572,93757.06644684404,38583.63986018821,0.0009490464812148239,760977.9683292131
high,low,combined_strategy,two,steady,Q20,399.4753225267482,52.772546947701926,77.53003810835222,114089.93298947625,46901.342116443295,0.001154359266346325,925509.9708366467
high,low,combined_strategy,two,steady,Q21,457.75633108694416,63.56833154879024,93.39051178155603,137150.2117592472,56313.991302720686,0.0013870123664257968,1111905.5668496925
high,low,combined_strategy,two,steady,Q22,534.4544414697167,76.02525048972436,111.69141738613824,163418.19232252432,67067.07969154012,0.0016523414477330291,1324540.668706768
high,low,combined_strategy,two,steady,Q23,606.8034062416014,90.80679057111841,133.40750713534678,193223.9577882459,79225.18342946988,0.0019529829069912332,1565383.0904602741
high,low,combined_strategy,two,steady,Q24,696.4418873499283,108.2615817505859,159.05096578172493,226858.6340163073,92970.11108986745,0.002292506911384375,1837416.3251388124
high,low,combined_strategy,two,transition,Q01,0.0,0.0,0.0,0.0,0.0,0.0,0.0
high,low,combined_strategy,two,transition,Q02,0.0,0.0,0.0,0.0,0.0,0.0,0.0
high,low,combined_strategy,two,transition,Q03,0.0,0.0,0.0,0.0,0.0,0.0,0.0
high,low,combined_strategy,two,transition,Q04,0.0,0.0,0.0,0.0,0.0,0.0,0.0
high,low,combined_strategy,two,transition,Q05,0.0,0.0,0.0,0.0,0.0,0.0,0.0
high,low,combined_strategy,two,transition,Q06,0.0,0.0,0.0,0.0,0.0,0.0,0.0
high,low,combined_strategy,two,transition,Q07,0.0,0.0,0.0,0.0,0.0,0.0,0.0
high,low,combined_strategy,two,transition,Q08,0.0,0.0,0.0,0.0,0.0,0.0,0.0
high,low,combined_strategy,two,transition,Q09,27.159237731562147,1.619193119367016,2.3788145827737637,3035.1260934391594,1086.4429205272097,2.8044227406063474e-05,21742.296248115286
high,low,combined_strategy,two,transition,Q10,41.514477477027626,3.4205285729295714,5.025220989859492,7112.458661636228,2443.631102129658,6.45121470725647e-05,49713.60491211963
high,low,combined_strategy,two,transition,Q11,54.207258551304605,5.398840192085748,7.931629418002517,11777.65131213231,3944.6271043451275,0.00010551514257233809,80955.45093552774
high,low,combined_strategy,two,transition,Q12,73.20677627127216,7.817760288954916,11.48535153562512,17145.143978677566,5638.278827043456,0.00015212650981220822,116287.73605091304
high,low,combined_strategy,two,transition,Q13,92.93285517239383,10.7753198682732,15.830408201537168,23393.80211731846,7548.638145571421,0.00020550706730371188,156481.42618144728
high,low,combined_strategy,two,transition,Q14,113.92943608457794,14.15142806990545,20.790369633564794,30544.018941565602,9667.711893648837,0.00026560925826016573,201432.07155153164
high,low,combined_strategy,two,transition,Q15,138.21698291812856,18.29806156495685,26.88233736086253,38697.0504662826,12014.504257187853,0.00033309600754778906,251567.61400771476
high,low,combined_strategy,two,transition,Q16,166.00753161631422,23.325543566760764,34.26839116598185,48012.605761128136,14615.40304547897,0.00040899977380376646,307561.4227040306
high,low,combined_strategy,two,transition,Q17,249.71347620155672,29.392227950826346,43.18117439689301,60307.38052164554,18081.54912694382,0.0005089696818474619,381154.24685383425
high,low,combined_strategy,two,transition,Q18,292.91259585551006,36.1762123544639,53.14776876766918,75959.18488525861,22166.728848314335,0.0006322672244846025,470748.3796724132
high,low,combined_strategy,two,transition,Q19,341.79176075278104,43.70294826834062,64.20556597447572,93757.06644684404,26656.311396674224,0.0007701365542621139,570140.7129129894
high,low,combined_strategy,two,transition,Q20,399.4753225267482,52.772546947701926,77.53003810835222,114089.93298947625,31614.670485016162,0.0009250591918749177,680923.2247338126
high,low,combined_strategy,two,transition,Q21,457.75633108694416,63.56833154879024,93.39051178155603,137150.2117592472,37016.83640698556,0.0010975550429897698,803151.0885179305
high,low,combined_strategy,two,transition,Q22,534.4544414697167,76.02525048972436,111.69141738613824,163418.19232252432,42973.163127728294,0.0012909326992758517,939038.0036857789
high,low,combined_strategy,two,transition,Q23,606.8034062416014,90.80679057111841,133.40750713534678,193223.9577882459,49429.294341780886,0.001506044570675898,1088648.8650572503
high,low,combined_strategy,two,transition,Q24,696.4418873499283,108.2615817505859,159.05096578172493,226858.6340163073,56447.28675656617,0.0017446645463848553,1253051.1358059922
high,central,baseline,single,steady,Q01,0.0,0.0,0.0,0.0,0.0,0.0,0.0
high,central,baseline,single,steady,Q02,0.0,0.0,0.0,0.0,0.0,0.0,0.0
high,central,baseline,single,steady,Q03,0.0,0.0,0.0,0.0,0.0,0.0,0.0
high,central,baseline,single,steady,Q04,0.0,0.0,0.0,0.0,0.0,0.0,0.0
high,central,baseline,single,steady,Q05,0.0,0.0,0.0,0.0,0.0,0.0,0.0
high,central,baseline,single,steady,Q06,0.0,0.0,0.0,0.0,0.0,0.0,0.0
high,central,baseline,single,steady,Q07,0.0,0.0,0.0,0.0,0.0,0.0,0.0
high,central,baseline,single,steady,Q08,0.0,0.0,0.0,0.0,0.0,0.0,0.0
high,central,baseline,single,steady,Q09,53.97890664838003,6.408148274640826,0.0,10875.37182581538,4461.310617760232,0.00010989737787386781,88114.59348086384
high,central,baseline,single,steady,Q10,85.25378022331724,13.720947420586828,0.0,25737.995601454495,10472.566274738725,0.0002592222410932172,207677.64515320523
high,central,baseline,single,steady,Q11,114.35398162303754,21.9370535399077,0.0,43037.26543934176,17454.582665752736,0.00043287910456127755,346694.8884148944
high,central,baseline,single,steady,Q12,157.69108139303694,32.30656983437042,0.0,63278.58863501156,25642.970901707886,0.0006362627736763202,509544.06355712516
high,central,baseline,single,steady,Q13,204.8044807172711,45.325464198955174,0.0,87234.22033997353,35325.95982952343,0.0008768915476560704,702196.4796551284
high,central,baseline,single,steady,Q14,256.6496302313813,60.669572193724505,0.0,115094.80211809656,46581.55489379825,0.0011566877095075306,926194.7574103688
high,central,baseline,single,steady,Q15,318.6474994930701,79.80723974861789,0.0,147378.00547282933,59628.40080799219,0.001480951077115641,1185796.0299712392
high,central,baseline,single,steady,Q16,392.0214368827701,103.39149930085074,0.0,184857.2700749273,74778.6466533869,0.001857447044479937,1487215.546833578
high,central,baseline,single,steady,Q17,593.6493095127378,132.2912255716372,0.0,235122.37535004038,95302.39437182745,0.0023644196519463753,1893513.4451184361
high,central,baseline,single,steady,Q18,709.256473153479,165.23346349006334,0.0,300120.7963571669,121549.44822091876,0.0030170454276696396,2415977.6676378553
high,central,baseline,single,steady,Q19,842.5253194242407,202.55182324579042,0.0,375208.0624846377,151869.55154432647,0.0037709566494673204,3019527.765381816
high,central,baseline,single,steady,Q20,1004.3612201778703,248.7632487954212,0.0,462356.5210071347,187075.71246760734,0.004646140066962859,3720183.208704612
high,central,baseline,single,steady,Q21,1176.6840560305573,305.09840366620915,0.0,562770.9450578635,227614.29533703963,0.005654294115735908,4527226.7336018495
high,central,baseline,single,steady,Q22,1404.0716458230224,371.75983273462964,0.0,678985.6946325401,274588.30106102943,0.006821655977569207,5461825.789140454
high,central,baseline,single,steady,Q23,1633.2811398829895,452.43765029972633,0.0,812971.2903883628,328681.297260261,0.008166902903184284,6538698.1341560595
high,central,baseline,single,steady,Q24,1922.3339552212085,549.4518848178644,0.0,966615.2179087065,390765.48101633403,0.009710093377039666,7774115.681798164
high,central,baseline,single,transition,Q01,0.0,0.0,0.0,0.0,0.0,0.0,0.0
high,central,baseline,single,transition,Q02,0.0,0.0,0.0,0.0,0.0,0.0,0.0
high,central,baseline,single,transition,Q03,0.0,0.0,0.0,0.0,0.0,0.0,0.0
high,central,baseline,single,transition,Q04,0.0,0.0,0.0,0.0,0.0,0.0,0.0
high,central,baseline,single,transition,Q05,0.0,0.0,0.0,0.0,0.0,0.0,0.0
high,central,baseline,single,transition,Q06,0.0,0.0,0.0,0.0,0.0,0.0,0.0
high,central,baseline,single,transition,Q07,0.0,0.0,0.0,0.0,0.0,0.0,0.0
high,central,baseline,single,transition,Q08,0.0,0.0,0.0,0.0,0.0,0.0,0.0
high,central,baseline,single,transition,Q09,53.97890664838003,6.408148274640826,0.0,10875.37182581538,3704.76301248612,9.854916379475611e-05,76009.83179647803
high,central,baseline,single,transition,Q10,85.25378022331724,13.720947420586828,0.0,25737.995601454495,8552.856808762423,0.00023042659910357263,176962.29369758436
high,central,baseline,single,transition,Q11,114.35398162303754,21.9370535399077,0.0,43037.26543934176,14030.588866047103,0.00038151919756569306,291910.9876196043
high,central,baseline,single,transition,Q12,157.69108139303694,32.30656983437042,0.0,63278.58863501156,20282.850535459926,0.0005558609681826007,423782.13769715774
high,central,baseline,single,transition,Q13,204.8044807172711,45.325464198955174,0.0,87234.22033997353,27466.12137232292,0.0007589939707980626,576439.0643399202
high,central,baseline,single,transition,Q14,256.6496302313813,60.669572193724505,0.0,115094.80211809656,35572.25936602731,0.0009915482765909664,750046.0289660336
high,central,baseline,single,transition,Q15,318.6474994930701,79.80723974861789,0.0,147378.00547282933,44688.97617616682,0.0012568597076382604,946765.2358620332
high,central,baseline,single,transition,Q16,392.0214368827701,103.39149930085074,0.0,184857.2700749273,54950.62229085309,0.00156002667904193,1169967.1570330372
high,central,baseline,single,transition,Q17,593.6493095127378,132.2912255716372,0.0,235122.37535004038,68480.96405797357,0.001962098197238567,1464370.5600967738
high,central,baseline,single,transition,Q18,709.256473153479,165.23346349006334,0.0,300120.7963571669,85119.55567122878,0.0024705970394242895,1833099.3868428152
high,central,baseline,single,transition,Q19,842.5253194242407,202.55182324579042,0.0,375208.0624846377,103686.86951381498,0.0030482164190096476,2248604.8528936314
high,central,baseline,single,transition,Q20,1004.3612201778703,248.7632487954212,0.0,462356.5210071347,124494.58946381373,0.0037074232219059546,2718885.2406439143
high,central,baseline,single,transition,Q21,1176.6840560305573,305.09840366620915,0.0,562770.9450578635,147569.79423746708,0.00445362659924232,3246514.7160086893
high,central,baseline,single,transition,Q22,1404.0716458230224,371.75983273462964,0.0,678985.6946325401,173321.97612608114,0.005302661103544984,3841564.590181282
high,central,baseline,single,transition,Q23,1633.2811398829895,452.43765029972633,0.0,812971.2903883628,201782.94531115532,0.006263427623947701,4508324.5029703695
high,central,baseline,single,transition,Q24,1922.3339552212085,549.4518848178644,0.0,966615.2179087065,233138.34356315955,0.007345686315242053,5252081.482547374
high,central,baseline,two,steady,Q01,0.0,0.0,0.0,0.0,0.0,0.0,0.0
high,central,baseline,two,steady,Q02,0.0,0.0,0.0,0.0,0.0,0.0,0.0
high,central,baseline,two,steady,Q03,0.0,0.0,0.0,0.0,0.0,0.0,0.0
high,central,baseline,two,steady,Q04,0.0,0.0,0.0,0.0,0.0,0.0,0.0
high,central,baseline,two,steady,Q05,0.0,0.0,0.0,0.0,0.0,0.0,0.0
high,central,baseline,two,steady,Q06,0.0,0.0,0.0,0.0,0.0,0.0,0.0
high,central,baseline,two,steady,Q07,0.0,0.0,0.0,0.0,0.0,0.0,0.0
high,central,baseline,two,steady,Q08,0.0,0.0,0.0,0.0,0.0,0.0,0.0
high,central,baseline,two,steady,Q09,55.224257943696585,6.408148274640826,0.0,5437.685912907697,2345.5532502001493,5.612970909150747e-05,45206.27615363228
high,central,baseline,two,steady,Q10,87.98046953797484,13.720947420586828,0.0,12868.997800727262,5421.83123947027,0.00013153520630472068,105694.30359761175
high,central,baseline,two,steady,Q11,118.76370273236566,21.937053539907698,0.0,21518.632719670906,8980.196986220391,0.00021907829408177867,175876.50074088754
high,central,baseline,two,steady,Q12,164.10881544286542,32.306569834370414,0.0,31639.294317505817,13172.274100706703,0.00032180080618585973,258279.9182770903
high,central,baseline,two,steady,Q13,213.56362930117012,45.32546419895516,0.0,43617.110169986816,18121.529054047453,0.0004432578925418876,355683.7312204218
high,central,baseline,two,steady,Q14,268.10520130629686,60.669572193724484,0.0,57547.401059048345,23868.77820668352,0.0005844272102125782,468877.3863030286
high,central,baseline,two,steady,Q15,333.2168818305189,79.80723974861786,0.0,73689.00273641475,30535.10716986892,0.0007480836424152923,600107.0826443483
high,central,baseline,two,steady,Q16,410.1896876434454,103.39149930085071,0.0,92428.63503746375,38279.56670239147,0.0009381429134934536,752510.2071737698
high,central,baseline,two,steady,Q17,617.1715730687753,132.29122557163717,0.0,117561.18767502034,48975.20820839318,0.001196111392325841,959996.8327840132
high,central,baseline,two,steady,Q18,738.936229809213,165.23346349006331,0.0,150060.39817858362,62364.89305847863,0.0015252505706324635,1223890.5232991208
high,central,baseline,two,steady,Q19,879.2957543544776,202.5518232457904,0.0,187604.0312423191,77831.4136274254,0.0019054574624025118,1528730.2612435305
high,central,baseline,two,steady,Q20,1049.3501724131993,248.76324879542116,0.0,231178.26050356764,95805.9271552632,0.0023469945589400035,1882772.3135669027
high,central,baseline,two,steady,Q21,1231.0117947948875,305.09840366620915,0.0,281385.4725289321,116476.04819870713,0.00285536155518816,2290302.3721028
high,central,baseline,two,steady,Q22,1469.3111510107396,371.75983273462964,0.0,339492.84731627046,140483.89225409133,0.0034445842051840456,2762810.3118059956
high,central,baseline,two,steady,Q23,1710.863114703825,452.43765029972633,0.0,406485.6451941819,168066.17565950897,0.004122968910137429,3306604.337371818
high,central,baseline,two,steady,Q24,2014.125920868432,549.4518848178644,0.0,483307.60895435384,199777.51025796018,0.004901741645441859,3931005.5383970174
high,central,baseline,two,transition,Q01,0.0,0.0,0.0,0.0,0.0,0.0,0.0
high,central,baseline,two,transition,Q02,0.0,0.0,0.0,0.0,0.0,0.0,0.0
high,central,baseline,two,transition,Q03,0.0,0.0,0.0,0.0,0.0,0.0,0.0
high,central,baseline,two,transition,Q04,0.0,0.0,0.0,0.0,0.0,0.0,0.0
high,central,baseline,two,transition,Q05,0.0,0.0,0.0,0.0,0.0,0.0,0.0
high,central,baseline,two,transition,Q06,0.0,0.0,0.0,0.0,0.0,0.0,0.0
high,central,baseline,two,transition,Q07,0.0,0.0,0.0,0.0,0.0,0.0,0.0
high,central,baseline,two,transition,Q08,0.0,0.0,0.0,0.0,0.0,0.0,0.0
high,central,baseline,two,transition,Q09,55.224257943696585,6.408148274640826,0.0,5437.685912907697,1967.279447563092,5.0455602051951625e-05,39153.895311439366
high,central,baseline,two,transition,Q10,87.98046953797484,13.720947420586828,0.0,12868.997800727262,4461.976506482116,0.00011713738530989837,90336.62786980129
high,central,baseline,two,transition,Q11,118.76370273236566,21.937053539907698,0.0,21518.632719670906,7268.200086367572,0.00019339834058398637,148484.55034324244
high,central,baseline,two,transition,Q12,164.10881544286542,32.306569834370414,0.0,31639.294317505817,10492.213917582718,0.00028159990343899993,215398.95534710656
high,central,baseline,two,transition,Q13,213.56362930117012,45.32546419895516,0.0,43617.110169986816,14191.60982544719,0.0003843091041128836,292805.0235628176
high,central,baseline,two,transition,Q14,268.10520130629686,60.669572193724484,0.0,57547.401059048345,18364.130442798043,0.000501857493754296,380803.0220808609
high,central,baseline,two,transition,Q15,333.2168818305189,79.80723974861786,0.0,73689.00273641475,23065.394853956226,0.0006360379576766019,480591.68558974506
high,central,baseline,two,transition,Q16,410.1896876434454,103.39149930085071,0.0,92428.63503746375,28365.554521124563,0.0007894327307744499,593886.0122734992
high,central,baseline,two,transition,Q17,617.1715730687753,132.29122557163717,0.0,117561.18767502034,35564.49305146623,0.0009949506649719368,745425.3902731818
high,central,baseline,two,transition,Q18,738.936229809213,165.23346349006331,0.0,150060.39817858362,44149.946783633626,0.0012520263765097885,932451.3829016007
high,central,baseline,two,transition,Q19,879.2957543544776,202.5518232457904,0.0,187604.0312423191,53740.072612169635,0.0015440873471736754,1143268.804999438
high,central,baseline,two,transition,Q20,1049.3501724131993,248.76324879542116,0.0,231178.26050356764,64515.365653366374,0.001877636136411551,1382123.3295365532
high,central,baseline,two,transition,Q21,1231.0117947948875,305.09840366620915,0.0,281385.4725289321,76453.79764892084,0.0022550277969413655,1649946.3633062188
high,central,baseline,two,transition,Q22,1469.3111510107396,371.75983273462964,0.0,339492.84731627046,89850.72978661719,0.002685086768171933,1952679.7123264084
high,central,baseline,two,transition,Q23,1710.863114703825,452.43765029972633,0.0,406485.6451941819,104616.99968495613,0.0031712312705191354,2291417.521778971
high,central,baseline,two,transition,Q24,2014.125920868432,549.4518848178644,0.0,483307.60895435384,120963.94153137294,0.003719538114543049,2669988.4387716204
high,central,improved_pue,single,steady,Q01,0.0,0.0,0.0,0.0,0.0,0.0,0.0
high,central,improved_pue,single,steady,Q02,0.0,0.0,0.0,0.0,0.0,0.0,0.0
high,central,improved_pue,single,steady,Q03,0.0,0.0,0.0,0.0,0.0,0.0,0.0
high,central,improved_pue,single,steady,Q04,0.0,0.0,0.0,0.0,0.0,0.0,0.0
high,central,improved_pue,single,steady,Q05,0.0,0.0,0.0,0.0,0.0,0.0,0.0
high,central,improved_pue,single,steady,Q06,0.0,0.0,0.0,0.0,0.0,0.0,0.0
high,central,improved_pue,single,steady,Q07,0.0,0.0,0.0,0.0,0.0,0.0,0.0
high,central,improved_pue,single,steady,Q08,0.0,0.0,0.0,0.0,0.0,0.0,0.0
high,central,improved_pue,single,steady,Q09,53.97890664838003,6.408148274640826,0.0,9929.687319222745,4083.0368151231787,0.00010044053280794145,80549.11742812276
high,central,improved_pue,single,steady,Q10,85.25378022331724,13.720947420586828,0.0,23338.35876898412,9512.711541750577,0.00023522587276851342,188480.55049344222
high,central,improved_pue,single,steady,Q11,114.35398162303754,21.9370535399077,0.0,38757.27318970972,15742.58576589992,0.00039007918206495707,312454.95041783806
high,central,improved_pue,single,steady,Q12,157.69108139303694,32.30656983437042,0.0,56578.43817720161,22962.91071858391,0.0005692612690982206,455942.8598946455
high,central,improved_pue,single,steady,Q13,204.8044807172711,45.325464198955174,0.0,77409.42226847287,31396.040600923177,0.0007786435669410638,623598.0950831233
high,central,improved_pue,single,steady,Q14,256.6496302313813,60.669572193724505,0.0,101333.18270838287,41076.90712991278,0.0010190715154103937,816101.8021326594
high,central,improved_pue,single,steady,Q15,318.6474994930701,79.80723974861789,0.0,128703.7246830476,52158.6884920795,0.0012942082692178236,1036401.7836529855
high,central,improved_pue,single,steady,Q16,392.0214368827701,103.39149930085074,0.0,160072.23962176006,64864.63447211999,0.0016095967399482644,1288935.3032082403
high,central,improved_pue,single,steady,Q17,593.6493095127378,132.2912255716372,0.0,201595.58745772304,81891.67921490052,0.0020291517730232013,1625299.1419798974
high,central,improved_pue,single,steady,Q18,709.256473153479,165.23346349006334,0.0,254583.43067005445,103334.50194607378,0.0025616717707985146,2051678.7421409558
high,central,improved_pue,single,steady,Q19,842.5253194242407,202.55182324579042,0.0,314979.7099464984,127778.21052907074,0.0031686731240859263,2537700.945076701
high,central,improved_pue,single,steady,Q20,1004.3612201778703,248.7632487954212,0.0,384130.1172523927,155785.15096571055,0.0038638760294154384,3094371.978666676
high,central,improved_pue,single,steady,Q21,1176.6840560305573,305.09840366620915,0.0,462715.31868339784,187592.04478725337,0.004653737851991252,3726781.722606125
high,central,improved_pue,single,steady,Q22,1404.0716458230224,371.75983273462964,0.0,552402.7884638547,223955.13859355528,0.005555826915882354,4449162.539790971
high,central,improved_pue,single,steady,Q23,1633.2811398829895,452.43765029972633,0.0,654348.3504519807,265232.12128570816,0.006580673503820464,5269714.6146650035
high,central,improved_pue,single,steady,Q24,1922.3339552212085,549.4518848178644,0.0,769581.2960922385,311951.91228974675,0.0077397541588749875,6197844.307266421
high,central,improved_pue,single,transition,Q01,0.0,0.0,0.0,0.0,0.0,0.0,0.0
high,central,improved_pue,single,transition,Q02,0.0,0.0,0.0,0.0,0.0,0.0,0.0
high,central,improved_pue,single,transition,Q03,0.0,0.0,0.0,0.0,0.0,0.0,0.0
high,central,improved_pue,single,transition,Q04,0.0,0.0,0.0,0.0,0.0,0.0,0.0
high,central,improved_pue,single,transition,Q05,0.0,0.0,0.0,0.0,0.0,0.0,0.0
high,central,improved_pue,single,transition,Q06,0.0,0.0,0.0,0.0,0.0,0.0,0.0
high,central,improved_pue,single,transition,Q07,0.0,0.0,0.0,0.0,0.0,0.0,0.0
high,central,improved_pue,single,transition,Q08,0.0,0.0,0.0,0.0,0.0,0.0,0.0
high,central,improved_pue,single,transition,Q09,53.97890664838003,6.408148274640826,0.0,9929.687319222745,3392.2759581337705,9.007911995310034e-05,69496.94371629223
high,central,improved_pue,single,transition,Q10,85.25378022331724,13.720947420586828,0.0,23338.35876898412,7772.576397388539,0.00020912384560308286,160638.38818364963
high,central,improved_pue,single,transition,Q11,114.35398162303754,21.9370535399077,0.0,38757.27318970972,12661.675454518263,0.00034386552739423224,263160.38543573156
high,central,improved_pue,single,transition,Q12,157.69108139303694,32.30656983437042,0.0,56578.43817720161,18177.367234485635,0.0004974781168367465,379374.1641490732
high,central,improved_pue,single,transition,Q13,204.8044807172711,45.325464198955174,0.0,77409.42226847287,24436.829211648772,0.0006742553961019477,512250.71285473276
high,central,improved_pue,single,transition,Q14,256.6496302313813,60.669572193724505,0.0,101333.18270838287,31413.270647431164,0.0008741169681731693,661483.6184129533
high,central,improved_pue,single,transition,Q15,318.6474994930701,79.80723974861789,0.0,128703.7246830476,39162.98603007348,0.0010992727322877334,828470.5442608891
high,central,improved_pue,single,transition,Q16,392.0214368827701,103.39149930085074,0.0,160072.23962176006,47777.386583325395,0.0013532880216163454,1015539.3369875265
high,central,improved_pue,single,transition,Q17,593.6493095127378,132.2912255716372,0.0,201595.58745772304,59027.269888058894,0.0016861856331205772,1259468.5927504313
high,central,improved_pue,single,transition,Q18,709.256473153479,165.23346349006334,0.0,254583.43067005445,72637.10710088752,0.002101210848120721,1560520.4246179753
high,central,improved_pue,single,transition,Q19,842.5253194242407,202.55182324579042,0.0,314979.7099464984,87627.48501452804,0.002566412241367786,1895289.3368440175
high,central,improved_pue,single,transition,Q20,1004.3612201778703,248.7632487954212,0.0,384130.1172523927,104209.57554845486,0.0030902423981566036,2269162.771990585
high,central,improved_pue,single,transition,Q21,1176.6840560305573,305.09840366620915,0.0,462715.31868339784,122349.4778167794,0.003675099347434142,2682900.6510785413
high,central,improved_pue,single,transition,Q22,1404.0716458230224,371.75983273462964,0.0,552402.7884638547,142334.8597501283,0.00433152273323095,3143238.07829614
high,central,improved_pue,single,transition,Q23,1633.2811398829895,452.43765029972633,0.0,654348.3504519807,164109.2131923788,0.005063829882420524,3651748.085171735
high,central,improved_pue,single,transition,Q24,1922.3339552212085,549.4518848178644,0.0,769581.2960922385,187782.41506836587,0.0058772117005542746,4211132.351724327
high,central,improved_pue,two,steady,Q01,0.0,0.0,0.0,0.0,0.0,0.0,0.0
high,central,improved_pue,two,steady,Q02,0.0,0.0,0.0,0.0,0.0,0.0,0.0
high,central,improved_pue,two,steady,Q03,0.0,0.0,0.0,0.0,0.0,0.0,0.0
high,central,improved_pue,two,steady,Q04,0.0,0.0,0.0,0.0,0.0,0.0,0.0
high,central,improved_pue,two,steady,Q05,0.0,0.0,0.0,0.0,0.0,0.0,0.0
high,central,improved_pue,two,steady,Q06,0.0,0.0,0.0,0.0,0.0,0.0,0.0
high,central,improved_pue,two,steady,Q07,0.0,0.0,0.0,0.0,0.0,0.0,0.0
high,central,improved_pue,two,steady,Q08,0.0,0.0,0.0,0.0,0.0,0.0,0.0
high,central,improved_pue,two,steady,Q09,55.224257943696585,6.408148274640826,0.0,4964.843659611378,2156.4163488816216,5.1401286558544286e-05,41423.53812726173
high,central,improved_pue,two,steady,Q10,87.98046953797484,13.720947420586828,0.0,11669.179384492065,4941.9038729761905,0.0001195370221423687,96095.75626773018
high,central,improved_pue,two,steady,Q11,118.76370273236566,21.937053539907698,0.0,19378.636594854877,8124.198536293978,0.00019767833283361835,158756.53174235928
high,central,improved_pue,two,steady,Q12,164.10881544286542,32.306569834370414,0.0,28289.219088600836,11832.244009144708,0.0002883000538968099,231479.31644585042
high,central,improved_pue,two,steady,Q13,213.56362930117012,45.32546419895516,0.0,38704.711134236495,16156.569439747323,0.00039413390218438434,316384.5389344192
high,central,improved_pue,two,steady,Q14,268.10520130629686,60.669572193724484,0.0,50666.59135419149,21116.454324740782,0.0005156191131640097,413830.9086641738
high,central,improved_pue,two,steady,Q15,333.2168818305189,79.80723974861786,0.0,64351.862341523876,26800.251011912573,0.0006547122384663836,525409.9594852212
high,central,improved_pue,two,steady,Q16,410.1896876434454,103.39149930085071,0.0,80036.11981088012,33322.560611758025,0.0008142177612276173,653370.0853611007
high,central,improved_pue,two,steady,Q17,617.1715730687753,132.29122557163717,0.0,100797.79372886167,42269.85062992972,0.0010284774528642544,825889.6812147439
high,central,improved_pue,two,steady,Q18,738.936229809213,165.23346349006331,0.0,127291.71533502737,53257.41992105614,0.001297563742196901,1041741.060550671
high,central,improved_pue,two,steady,Q19,879.2957543544776,202.5518232457904,0.0,157489.85497324937,65785.74311979754,0.0016043156997118148,1287816.851090973
high,central,improved_pue,two,steady,Q20,1049.3501724131993,248.76324879542116,0.0,192065.0586261966,80160.64640431483,0.0019558625401662933,1569866.6985479349
high,central,improved_pue,two,steady,Q21,1231.0117947948875,305.09840366620915,0.0,231357.65934169915,96464.92292381401,0.002355083423315831,1890079.8666049368
high,central,improved_pue,two,steady,Q22,1469.3111510107396,371.75983273462964,0.0,276201.3942319277,115167.31102035429,0.002811669674340618,2256478.6871312535
high,central,improved_pue,two,steady,Q23,1710.863114703825,452.43765029972633,0.0,327174.17522599077,136341.5876722326,0.0033298542104555177,2672112.577626289
high,central,improved_pue,two,steady,Q24,2014.125920868432,549.4518848178644,0.0,384790.6480461198,160370.72589466663,0.003916572036359518,3142869.8511311454
high,central,improved_pue,two,transition,Q01,0.0,0.0,0.0,0.0,0.0,0.0,0.0
high,central,improved_pue,two,transition,Q02,0.0,0.0,0.0,0.0,0.0,0.0,0.0
high,central,improved_pue,two,transition,Q03,0.0,0.0,0.0,0.0,0.0,0.0,0.0
high,central,improved_pue,two,transition,Q04,0.0,0.0,0.0,0.0,0.0,0.0,0.0
high,central,improved_pue,two,transition,Q05,0.0,0.0,0.0,0.0,0.0,0.0,0.0
high,central,improved_pue,two,transition,Q06,0.0,0.0,0.0,0.0,0.0,0.0,0.0
high,central,improved_pue,two,transition,Q07,0.0,0.0,0.0,0.0,0.0,0.0,0.0
high,central,improved_pue,two,transition,Q08,0.0,0.0,0.0,0.0,0.0,0.0,0.0
high,central,improved_pue,two,transition,Q09,55.224257943696585,6.408148274640826,0.0,4964.843659611378,1811.035920386917,4.6220580131123724e-05,35897.45127134646
high,central,improved_pue,two,transition,Q10,87.98046953797484,13.720947420586828,0.0,11669.179384492065,4071.8363007951716,0.00010648600855965342,82174.67511283387
high,central,improved_pue,two,transition,Q11,118.76370273236566,21.937053539907698,0.0,19378.636594854877,6583.7433806031495,0.00017457150549825593,134109.24925130603
high,central,improved_pue,two,transition,Q12,164.10881544286542,32.306569834370414,0.0,28289.219088600836,9439.47226709557,0.00025240847776607277,193194.96857306422
high,central,improved_pue,two,transition,Q13,213.56362930117012,45.32546419895516,0.0,38704.711134236495,12676.963745110119,0.0003419398167648262,260710.84782022392
high,central,improved_pue,two,transition,Q14,268.10520130629686,60.669572193724484,0.0,50666.59135419149,16284.636083499969,0.0004431418395453974,336521.8168043208
high,central,improved_pue,two,transition,Q15,333.2168818305189,79.80723974861786,0.0,64351.862341523876,20302.399780909556,0.0005572444700013382,421444.339789173
high,central,improved_pue,two,transition,Q16,410.1896876434454,103.39149930085071,0.0,80036.11981088012,24778.936667360715,0.0006860634020616576,516672.1022507438
high,central,improved_pue,two,transition,Q17,617.1715730687753,132.29122557163717,0.0,100797.79372886167,30837.64596650889,0.000856994382912942,642974.4066000107
high,central,improved_pue,two,transition,Q18,738.936229809213,165.23346349006331,0.0,127291.71533502737,37908.72249846299,0.001067333280858004,796161.9017891806
high,central,improved_pue,two,transition,Q19,879.2957543544776,202.5518232457904,0.0,157489.85497324937,45710.38036252615,0.0013031852583527445,966611.0469746309
high,central,improved_pue,two,transition,Q20,1049.3501724131993,248.76324879542116,0.0,192065.0586261966,54372.85869568693,0.0015690457245368756,1157262.0952098886
high,central,improved_pue,two,transition,Q21,1231.0117947948875,305.09840366620915,0.0,231357.65934169915,63843.639438576974,0.0018657641710372766,1368139.3308411443
high,central,improved_pue,two,transition,Q22,1469.3111510107396,371.75983273462964,0.0,276201.3942319277,74357.17159864074,0.002199517583014916,1603516.456383837
high,central,improved_pue,two,transition,Q23,1710.863114703825,452.43765029972633,0.0,327174.17522599077,85780.13362556785,0.002571432399755548,1863129.3128796532
high,central,improved_pue,two,transition,Q24,2014.125920868432,549.4518848178644,0.0,384790.6480461198,98285.97728397608,0.0029853008071991614,2149513.873360097
high,central,advanced_coolant,single,steady,Q01,0.0,0.0,0.0,0.0,0.0,0.0,0.0
high,central,advanced_coolant,single,steady,Q02,0.0,0.0,0.0,0.0,0.0,0.0,0.0
high,central,advanced_coolant,single,steady,Q03,0.0,0.0,0.0,0.0,0.0,0.0,0.0
high,central,advanced_coolant,single,steady,Q04,0.0,0.0,0.0,0.0,0.0,0.0,0.0
high,central,advanced_coolant,single,steady,Q05,0.0,0.0,0.0,0.0,0.0,0.0,0.0
high,central,advanced_coolant,single,steady,Q06,0.0,0.0,0.0,0.0,0.0,0.0,0.0
high,central,advanced_coolant,single,steady,Q07,0.0,0.0,0.0,0.0,0.0,0.0,0.0
high,central,advanced_coolant,single,steady,Q08,0.0,0.0,0.0,0.0,0.0,0.0,0.0
high,central,advanced_coolant,single,steady,Q09,47.44509487592888,6.282746534240737,0.0,10875.37182581538,4448.18029334513,0.00010976544762101479,87983.29023671283
high,central,advanced_coolant,single,steady,Q10,74.4846848620287,13.3707573100809,0.0,25737.995601454495,10450.852988960894,0.00025900335728488636,207460.51229542695
high,central,advanced_coolant,single,steady,Q11,99.21729000443747,21.23945193412083,0.0,43037.26543934176,17423.96048171264,0.00043256939471284764,346388.6665744935
high,central,advanced_coolant,single,steady,Q12,135.37463676716175,30.958301924831236,0.0,63278.58863501156,25597.663878501364,0.0006358029621047073,509090.99332506
high,central,advanced_coolant,single,steady,Q13,173.97536101305917,42.92700260621709,0.0,87234.22033997353,35263.10235931864,0.0008762509806460588,701567.9049530806
high,central,advanced_coolant,single,steady,Q14,215.67420157803969,56.72878897867895,0.0,115094.80211809656,46497.633644884045,0.0011558287931023132,925355.5449212268
high,central,advanced_coolant,single,steady,Q15,264.5941979950681,73.70141365065896,0.0,147378.00547282933,59517.241291947204,0.0014798089528247013,1184684.4348107895
high,central,advanced_coolant,single,steady,Q16,321.3714333859879,94.32487640068669,0.0,184857.2700749273,74632.81333494325,0.0018559433781809996,1485757.2136491418
high,central,advanced_coolant,single,steady,Q17,474.08082437309827,119.26630727681685,0.0,235122.37535004038,95056.74494240076,0.002361898033060634,1891056.9508241694
high,central,advanced_coolant,single,steady,Q18,559.9970759621676,147.26457459508285,0.0,300120.7963571669,121241.94498208864,0.003013880550836863,2412902.635249554
high,central,advanced_coolant,single,steady,Q19,657.0273715326971,178.4433372207666,0.0,375208.0624846377,151486.50140553087,0.003767005605649239,3015697.2639938598
high,central,advanced_coolant,single,steady,Q20,772.3923440069827,216.15388552016185,0.0,462356.5210071347,186595.47003362793,0.004641174595806688,3715380.784364818
high,central,advanced_coolant,single,steady,Q21,892.6518300173075,261.17799132702976,0.0,562770.9450578635,227024.27067884355,0.005648174267092252,4521326.487019889
high,central,advanced_coolant,single,steady,Q22,1047.8259807004952,313.30706563759395,0.0,678985.6946325401,273846.58334723586,0.006813946536595787,5454408.612002519
high,central,advanced_coolant,single,steady,Q23,1200.8285056891048,375.2758583315276,0.0,812971.2903883628,327777.81109588913,0.008157482232580726,6529663.272512343
high,central,advanced_coolant,single,steady,Q24,1389.3193539084443,448.56836313514566,0.0,966615.2179087065,389649.0100528671,0.009698424249796587,7762950.9721634975
high,central,advanced_coolant,single,transition,Q01,0.0,0.0,0.0,0.0,0.0,0.0,0.0
high,central,advanced_coolant,single,transition,Q02,0.0,0.0,0.0,0.0,0.0,0.0,0.0
high,central,advanced_coolant,single,transition,Q03,0.0,0.0,0.0,0.0,0.0,0.0,0.0
high,central,advanced_coolant,single,transition,Q04,0.0,0.0,0.0,0.0,0.0,0.0,0.0
high,central,advanced_coolant,single,transition,Q05,0.0,0.0,0.0,0.0,0.0,0.0,0.0
high,central,advanced_coolant,single,transition,Q06,0.0,0.0,0.0,0.0,0.0,0.0,0.0
high,central,advanced_coolant,single,transition,Q07,0.0,0.0,0.0,0.0,0.0,0.0,0.0
high,central,advanced_coolant,single,transition,Q08,0.0,0.0,0.0,0.0,0.0,0.0,0.0
high,central,advanced_coolant,single,transition,Q09,47.44509487592888,6.282746534240737,0.0,10875.37182581538,3691.632688071017,9.841723354190309e-05,75878.52855232701
high,central,advanced_coolant,single,transition,Q10,74.4846848620287,13.3707573100809,0.0,25737.995601454495,8531.143522984592,0.00023020771529524178,176745.16083980608
high,central,advanced_coolant,single,transition,Q11,99.21729000443747,21.23945193412083,0.0,43037.26543934176,13999.966682007009,0.00038120948771726314,291604.7657792034
high,central,advanced_coolant,single,transition,Q12,135.37463676716175,30.958301924831236,0.0,63278.58863501156,20237.543512253404,0.0005554011566109878,423329.0674650926
high,central,advanced_coolant,single,transition,Q13,173.97536101305917,42.92700260621709,0.0,87234.22033997353,27403.263902118124,0.000758353403788051,575810.4896378723
high,central,advanced_coolant,single,transition,Q14,215.67420157803969,56.72878897867895,0.0,115094.80211809656,35488.338117113104,0.0009906893601857492,749206.8164768916
high,central,advanced_coolant,single,transition,Q15,264.5941979950681,73.70141365065896,0.0,147378.00547282933,44577.81666012184,0.001255717583347321,945653.6407015835
high,central,advanced_coolant,single,transition,Q16,321.3714333859879,94.32487640068669,0.0,184857.2700749273,54804.78897240946,0.0015585230127429929,1168508.823848601
high,central,advanced_coolant,single,transition,Q17,474.08082437309827,119.26630727681685,0.0,235122.37535004038,68235.3146285469,0.001959576578352826,1461914.0658025073
high,central,advanced_coolant,single,transition,Q18,559.9970759621676,147.26457459508285,0.0,300120.7963571669,84812.05243239869,0.0024674321625915135,1830024.3544545146
high,central,advanced_coolant,single,transition,Q19,657.0273715326971,178.4433372207666,0.0,375208.0624846377,103303.8193750194,0.0030442653751915666,2244774.351505676
high,central,advanced_coolant,single,transition,Q20,772.3923440069827,216.15388552016185,0.0,462356.5210071347,124014.34702983435,0.0037024577507497845,2714082.8163041202
high,central,advanced_coolant,single,transition,Q21,892.6518300173075,261.17799132702976,0.0,562770.9450578635,146979.76957927103,0.0044475067505986635,3240614.469426729
high,central,advanced_coolant,single,transition,Q22,1047.8259807004952,313.30706563759395,0.0,678985.6946325401,172580.2584122876,0.005294951662571563,3834147.4130433467
high,central,advanced_coolant,single,transition,Q23,1200.8285056891048,375.2758583315276,0.0,812971.2903883628,200879.45914678348,0.006254006953344141,4499289.641326652
high,central,advanced_coolant,single,transition,Q24,1389.3193539084443,448.56836313514566,0.0,966615.2179087065,232021.87259969272,0.00733401718799897,5240916.772912706
high,central,advanced_coolant,two,steady,Q01,0.0,0.0,0.0,0.0,0.0,0.0,0.0
high,central,advanced_coolant,two,steady,Q02,0.0,0.0,0.0,0.0,0.0,0.0,0.0
high,central,advanced_coolant,two,steady,Q03,0.0,0.0,0.0,0.0,0.0,0.0,0.0
high,central,advanced_coolant,two,steady,Q04,0.0,0.0,0.0,0.0,0.0,0.0,0.0
high,central,advanced_coolant,two,steady,Q05,0.0,0.0,0.0,0.0,0.0,0.0,0.0
high,central,advanced_coolant,two,steady,Q06,0.0,0.0,0.0,0.0,0.0,0.0,0.0
high,central,advanced_coolant,two,steady,Q07,0.0,0.0,0.0,0.0,0.0,0.0,0.0
high,central,advanced_coolant,two,steady,Q08,0.0,0.0,0.0,0.0,0.0,0.0,0.0
high,central,advanced_coolant,two,steady,Q09,48.57756349162958,6.282746534240737,0.0,5437.685912907697,2325.519115538648,5.592842723183946e-05,45005.934807017264
high,central,advanced_coolant,two,steady,Q10,76.945151662625,13.370757310080899,0.0,12868.997800727262,5388.46264326134,0.00013119889391680257,105360.61763552245
high,central,advanced_coolant,two,steady,Q11,103.16729777941063,21.239451934120826,0.0,21518.632719670906,8932.884570157184,0.00021859993790910318,175403.37658025546
high,central,advanced_coolant,two,steady,Q12,141.07340008825844,30.958301924831233,0.0,31639.294317505817,13102.156653710726,0.00032108951970657843,257578.74380713052
high,central,advanced_coolant,two,steady,Q13,181.68149596228386,42.92700260621708,0.0,43617.110169986816,18024.08380783624,0.00044226545161782995,354709.27875830967
high,central,advanced_coolant,two,steady,Q14,225.656844050125,56.728788978678935,0.0,57547.401059048345,23738.477547503724,0.0005830946477466674,467574.37971123063
high,central,advanced_coolant,two,steady,Q15,277.1617834411805,73.70141365065895,0.0,73689.00273641475,30362.362505127436,0.0007463104020721429,598379.6359969333
high,central,advanced_coolant,two,steady,Q16,336.8729204922993,94.32487640068668,0.0,92428.63503746375,38052.81643376291,0.0009358074111354169,750242.7044874842
high,central,advanced_coolant,two,steady,Q17,493.8117710900729,119.26630727681683,0.0,117561.18767502034,48595.360113735966,0.0011922152244920577,956198.351837441
high,central,advanced_coolant,two,steady,Q18,584.5156220119623,147.26457459508282,0.0,150060.39817858362,61888.15456841565,0.0015203484190651213,1219123.1383984908
high,central,advanced_coolant,two,steady,Q19,686.9683232372336,178.44333722076658,0.0,187604.0312423191,77236.34996955491,0.0018993260121786192,1522779.6246648254
high,central,advanced_coolant,two,steady,Q20,808.5065316127115,216.15388552016182,0.0,231178.26050356764,95058.93921040531,0.00233928010926686,1875302.4341183235
high,central,advanced_coolant,two,steady,Q21,935.6574494965722,261.1779913270297,0.0,281385.4725289321,115557.04485355782,0.002845842118644123,2281112.3386513065
high,central,advanced_coolant,two,steady,Q22,1098.7224161536765,313.3070656375939,0.0,339492.84731627046,139328.2864741974,0.0034325897516318785,2751254.254007056
high,central,advanced_coolant,two,steady,Q23,1260.4805293516808,375.27585833152756,0.0,406485.6451941819,166657.15655947643,0.0041083000056973415,3292514.1463714917
high,central,advanced_coolant,two,steady,Q24,1458.8336506007238,448.5683631351456,0.0,483307.60895435384,198035.97080589505,0.004883569624508586,3913590.1438763654
high,central,advanced_coolant,two,transition,Q01,0.0,0.0,0.0,0.0,0.0,0.0,0.0
high,central,advanced_coolant,two,transition,Q02,0.0,0.0,0.0,0.0,0.0,0.0,0.0
high,central,advanced_coolant,two,transition,Q03,0.0,0.0,0.0,0.0,0.0,0.0,0.0
high,central,advanced_coolant,two,transition,Q04,0.0,0.0,0.0,0.0,0.0,0.0,0.0
high,central,advanced_coolant,two,transition,Q05,0.0,0.0,0.0,0.0,0.0,0.0,0.0
high,central,advanced_coolant,two,transition,Q06,0.0,0.0,0.0,0.0,0.0,0.0,0.0
high,central,advanced_coolant,two,transition,Q07,0.0,0.0,0.0,0.0,0.0,0.0,0.0
high,central,advanced_coolant,two,transition,Q08,0.0,0.0,0.0,0.0,0.0,0.0,0.0
high,central,advanced_coolant,two,transition,Q09,48.57756349162958,6.282746534240737,0.0,5437.685912907697,1947.245312901591,5.0254320192283613e-05,38953.55396482435
high,central,advanced_coolant,two,transition,Q10,76.945151662625,13.370757310080899,0.0,12868.997800727262,4428.607910273187,0.00011680107292198028,90002.941907712
high,central,advanced_coolant,two,transition,Q11,103.16729777941063,21.239451934120826,0.0,21518.632719670906,7220.887670304368,0.00019291998441131093,148011.4261826104
high,central,advanced_coolant,two,transition,Q12,141.07340008825844,30.958301924831233,0.0,31639.294317505817,10422.096470586745,0.00028088861695971864,214697.7808771468
high,central,advanced_coolant,two,transition,Q13,181.68149596228386,42.92700260621708,0.0,43617.110169986816,14094.164579235981,0.000383316663188826,291830.5711007055
high,central,advanced_coolant,two,transition,Q14,225.656844050125,56.728788978678935,0.0,57547.401059048345,18233.829783618246,0.0005005249312883852,379500.01548906293
high,central,advanced_coolant,two,transition,Q15,277.1617834411805,73.70141365065895,0.0,73689.00273641475,22892.650189214746,0.0006342647173334523,478864.23894233024
high,central,advanced_coolant,two,transition,Q16,336.8729204922993,94.32487640068668,0.0,92428.63503746375,28138.804252496007,0.0007870972284164131,591618.5095872135
high,central,advanced_coolant,two,transition,Q17,493.8117710900729,119.26630727681683,0.0,117561.18767502034,35184.64495680901,0.0009910544971381535,741626.9093266096
high,central,advanced_coolant,two,transition,Q18,584.5156220119623,147.26457459508282,0.0,150060.39817858362,43673.20829357064,0.0012471242249424462,927683.9980009708
high,central,advanced_coolant,two,transition,Q19,686.9683232372336,178.44333722076658,0.0,187604.0312423191,53145.00895429913,0.0015379558969497828,1137318.168420733
high,central,advanced_coolant,two,transition,Q20,808.5065316127115,216.15388552016182,0.0,231178.26050356764,63768.377708508466,0.0018699216867384075,1374653.450087974
high,central,advanced_coolant,two,transition,Q21,935.6574494965722,261.1779913270297,0.0,281385.4725289321,75534.7943037715,0.0022455083603973285,1640756.3298547254
high,central,advanced_coolant,two,transition,Q22,1098.7224161536765,313.3070656375939,0.0,339492.84731627046,88695.12400672321,0.0026730923146197657,1941123.6545274686
high,central,advanced_coolant,two,transition,Q23,1260.4805293516808,375.27585833152756,0.0,406485.6451941819,103207.98058492354,0.0031565623660790485,2277327.3307786454
high,central,advanced_coolant,two,transition,Q24,1458.8336506007238,448.5683631351456,0.0,483307.60895435384,119222.40207930777,0.0037013660936097777,2652573.044250969
high,central,coolant_recovery,single,steady,Q01,0.0,0.0,0.0,0.0,0.0,0.0,0.0
high,central,coolant_recovery,single,steady,Q02,0.0,0.0,0.0,0.0,0.0,0.0,0.0
high,central,coolant_recovery,single,steady,Q03,0.0,0.0,0.0,0.0,0.0,0.0,0.0
high,central,coolant_recovery,single,steady,Q04,0.0,0.0,0.0,0.0,0.0,0.0,0.0
high,central,coolant_recovery,single,steady,Q05,0.0,0.0,0.0,0.0,0.0,0.0,0.0
high,central,coolant_recovery,single,steady,Q06,0.0,0.0,0.0,0.0,0.0,0.0,0.0
high,central,coolant_recovery,single,steady,Q07,0.0,0.0,0.0,0.0,0.0,0.0,0.0
high,central,coolant_recovery,single,steady,Q08,0.0,0.0,0.0,0.0,0.0,0.0,0.0
high,central,coolant_recovery,single,steady,Q09,50.16605842496874,2.595300051229535,3.812848223411291,10875.37182581538,4452.675637960154,0.00010980542094612672,88032.72938665531
high,central,coolant_recovery,single,steady,Q10,77.08981650806807,5.556983705337667,8.16396371524916,25737.995601454495,10454.077298089485,0.00025902534549773174,207502.36004990723
high,central,coolant_recovery,single,steady,Q11,101.30143476679245,8.884506683662622,13.052546856245078,43037.26543934176,17425.022486107708,0.0004325643078429798,346414.6425559221
high,central,coolant_recovery,single,steady,Q12,138.46867234158654,13.084160782920023,19.222409051450395,63278.58863501156,25599.43779885607,0.000635799174399197,509131.347127491
high,central,coolant_recovery,single,steady,Q13,177.83582951889278,18.356813000576846,26.96865119837832,87234.22033997353,35264.88376651534,0.0008762411272448153,701617.4468499868
high,central,coolant_recovery,single,steady,Q14,220.55123477611522,24.571176738458426,36.09839545526607,115094.80211809656,46499.802645267206,0.0011558171011465507,925419.7036255939
high,central,coolant_recovery,single,steady,Q15,271.1621918426424,32.321932098190246,47.48530765042763,147378.00547282933,59520.860552430924,0.0014798058432252486,1184776.4924834506
high,central,coolant_recovery,single,steady,Q16,330.5034947987639,41.873557216844546,61.51794208400617,184857.2700749273,74639.32660807899,0.00185596337646497,1485894.7204300098
high,central,coolant_recovery,single,steady,Q17,514.9360302976137,53.57794635651307,78.71327921512412,235122.37535004038,95124.13194536968,0.0023625212728594224,1891823.4247117585
high,central,coolant_recovery,single,steady,Q18,610.9425623768913,66.91955271347567,98.31391077658768,300120.7963571669,121326.7961288659,0.0030146743274685572,2413866.8101417697
high,central,coolant_recovery,single,steady,Q19,722.0069845929954,82.03348841454513,120.51833483124528,375208.0624846377,151596.61296250278,0.0037680500308037435,3016940.165839851
high,central,coolant_recovery,single,steady,Q20,856.3470871445948,100.74911576214559,148.01413303327558,462356.5210071347,186740.50398985553,0.004642570314342645,3717005.258201251
high,central,coolant_recovery,single,steady,Q21,995.1505058491629,123.56485348481473,181.53355018139442,562770.9450578635,227203.17523809941,0.005649915953643298,4523329.1014950145
high,central,coolant_recovery,single,steady,Q22,1182.874545345918,150.56273225752506,221.1971004771046,678985.6946325401,274087.3546864195,0.006816321223969466,5457076.55727727
high,central,coolant_recovery,single,steady,Q23,1364.0807379546527,183.23724837138923,269.20040192833716,812971.2903883628,328071.63752648205,0.008160410422902484,6532918.243173482
high,central,coolant_recovery,single,steady,Q24,1595.4100837545795,222.5280133512352,326.92387146662935,966615.2179087065,390025.0946015419,0.009702208742492531,7767096.433969617
high,central,coolant_recovery,single,transition,Q01,0.0,0.0,0.0,0.0,0.0,0.0,0.0
high,central,coolant_recovery,single,transition,Q02,0.0,0.0,0.0,0.0,0.0,0.0,0.0
high,central,coolant_recovery,single,transition,Q03,0.0,0.0,0.0,0.0,0.0,0.0,0.0
high,central,coolant_recovery,single,transition,Q04,0.0,0.0,0.0,0.0,0.0,0.0,0.0
high,central,coolant_recovery,single,transition,Q05,0.0,0.0,0.0,0.0,0.0,0.0,0.0
high,central,coolant_recovery,single,transition,Q06,0.0,0.0,0.0,0.0,0.0,0.0,0.0
high,central,coolant_recovery,single,transition,Q07,0.0,0.0,0.0,0.0,0.0,0.0,0.0
high,central,coolant_recovery,single,transition,Q08,0.0,0.0,0.0,0.0,0.0,0.0,0.0
high,central,coolant_recovery,single,transition,Q09,50.16605842496874,2.595300051229535,3.812848223411291,10875.37182581538,3696.128032686041,9.845720686701502e-05,75927.9677022695
high,central,coolant_recovery,single,transition,Q10,77.08981650806807,5.556983705337667,8.16396371524916,25737.995601454495,8534.367832113181,0.00023022970350808716,176787.00859428634
high,central,coolant_recovery,single,transition,Q11,101.30143476679245,8.884506683662622,13.052546856245078,43037.26543934176,14001.028686402078,0.0003812044008473953,291630.7417606319
high,central,coolant_recovery,single,transition,Q12,138.46867234158654,13.084160782920023,19.222409051450395,63278.58863501156,20239.317432608113,0.0005553973689054775,423369.4212675236
high,central,coolant_recovery,single,transition,Q13,177.83582951889278,18.356813000576846,26.96865119837832,87234.22033997353,27405.045309314828,0.0007583435503868076,575860.0315347785
high,central,coolant_recovery,single,transition,Q14,220.55123477611522,24.571176738458426,36.09839545526607,115094.80211809656,35490.507117496265,0.0009906776682299865,749270.9751812587
high,central,coolant_recovery,single,transition,Q15,271.1621918426424,32.321932098190246,47.48530765042763,147378.00547282933,44581.43592060555,0.0012557144737478678,945745.6983742446
high,central,coolant_recovery,single,transition,Q16,330.5034947987639,41.873557216844546,61.51794208400617,184857.2700749273,54811.302245545194,0.0015585430110269629,1168646.330629469
high,central,coolant_recovery,single,transition,Q17,514.9360302976137,53.57794635651307,78.71327921512412,235122.37535004038,68302.7016315158,0.001960199818151614,1462680.5396900964
high,central,coolant_recovery,single,transition,Q18,610.9425623768913,66.91955271347567,98.31391077658768,300120.7963571669,84896.90357917592,0.002468225939223207,1830988.52934673
high,central,coolant_recovery,single,transition,Q19,722.0069845929954,82.03348841454513,120.51833483124528,375208.0624846377,103413.93093199129,0.0030453098003460706,2246017.253351667
high,central,coolant_recovery,single,transition,Q20,856.3470871445948,100.74911576214559,148.01413303327558,462356.5210071347,124159.38098606191,0.0037038534692857405,2715707.2901405534
high,central,coolant_recovery,single,transition,Q21,995.1505058491629,123.56485348481473,181.53355018139442,562770.9450578635,147158.6741385269,0.00444924843714971,3242617.083901854
high,central,coolant_recovery,single,transition,Q22,1182.874545345918,150.56273225752506,221.1971004771046,678985.6946325401,172821.02975147124,0.005297326349945242,3836815.358318098
high,central,coolant_recovery,single,transition,Q23,1364.0807379546527,183.23724837138923,269.20040192833716,812971.2903883628,201173.28557737646,0.006256935143665899,4502544.611987792
high,central,coolant_recovery,single,transition,Q24,1595.4100837545795,222.5280133512352,326.92387146662935,966615.2179087065,232397.9571483675,0.007337801680694915,5245062.2347188275
high,central,coolant_recovery,two,steady,Q01,0.0,0.0,0.0,0.0,0.0,0.0,0.0
high,central,coolant_recovery,two,steady,Q02,0.0,0.0,0.0,0.0,0.0,0.0,0.0
high,central,coolant_recovery,two,steady,Q03,0.0,0.0,0.0,0.0,0.0,0.0,0.0
high,central,coolant_recovery,two,steady,Q04,0.0,0.0,0.0,0.0,0.0,0.0,0.0
high,central,coolant_recovery,two,steady,Q05,0.0,0.0,0.0,0.0,0.0,0.0,0.0
high,central,coolant_recovery,two,steady,Q06,0.0,0.0,0.0,0.0,0.0,0.0,0.0
high,central,coolant_recovery,two,steady,Q07,0.0,0.0,0.0,0.0,0.0,0.0,0.0
high,central,coolant_recovery,two,steady,Q08,0.0,0.0,0.0,0.0,0.0,0.0,0.0
high,central,coolant_recovery,two,steady,Q09,51.41140972028529,2.595300051229535,3.812848223411291,5437.685912907697,2332.6007805000313,5.599177369989583e-05,45083.48001231947
high,central,coolant_recovery,two,steady,Q10,79.81650582272567,5.556983705337667,8.16396371524916,12868.997800727262,5394.097774496408,0.00013123986291149254,105431.37594266474
high,central,coolant_recovery,two,steady,Q11,105.71115587612057,8.88450668366262,13.052546856245076,21518.632719670906,8935.856716752853,0.00021860609900433214,175456.13195242904
high,central,coolant_recovery,two,steady,Q12,144.886406391415,13.084160782920021,19.22240905145039,31639.294317505817,13106.974446428982,0.0003211054072701749,257660.84363263915
high,central,coolant_recovery,two,steady,Q13,186.5949781027918,18.356813000576846,26.968651198378314,43617.110169986816,18029.914959535316,0.0004422822619250051,354815.18201270927
high,central,coolant_recovery,two,steady,Q14,232.0068058510308,24.571176738458423,36.098395455266065,57547.401059048345,23746.149833886957,0.0005831212976711083,467714.8056258663
high,central,coolant_recovery,two,steady,Q15,285.7315741800913,32.32193209819024,47.48530765042762,73689.00273641475,30373.796786527026,0.0007463657915797033,598577.7764126653
high,central,coolant_recovery,two,steady,Q16,348.6717455594392,41.87355721684454,61.517942084006165,92428.63503746375,38070.58663442963,0.0009359174114710029,750528.9675684172
high,central,coolant_recovery,two,steady,Q17,538.4582938536512,53.57794635651305,78.71327921512412,117561.18767502034,48707.81456870651,0.0011932638236954118,957461.8021739966
high,central,coolant_recovery,two,steady,Q18,640.6223190326253,66.91955271347564,98.31391077658768,150060.39817858362,62030.914920399344,0.0015216939203308401,1220724.2370549925
high,central,coolant_recovery,two,steady,Q19,758.7774195232323,82.0334884145451,120.51833483124528,187604.0312423191,77422.00575468986,0.0019010975344071466,1524848.861930583
high,central,coolant_recovery,two,steady,Q20,901.3360393799237,100.74911576214556,148.01413303327558,231178.26050356764,95303.11443863547,0.0023416399300096825,1878005.3878118603
high,central,coolant_recovery,two,steady,Q21,1049.4782446134932,123.5648534848147,181.53355018139442,281385.4725289321,115859.36805029682,0.002848794312049246,2284455.923942546
high,central,coolant_recovery,two,steady,Q22,1248.1140505336352,150.562732257525,221.1971004771046,339492.84731627046,139732.4726921765,0.0034365820747844335,2755686.464011218
high,central,coolant_recovery,two,steady,Q23,1441.6627127754882,183.23724837138917,269.20040192833716,406485.6451941819,167151.68605884069,0.004113230189714728,3297934.5008979486
high,central,coolant_recovery,two,steady,Q24,1687.2020494018032,222.52801335123513,326.92387146662935,483307.60895435384,198666.9306357721,0.004889914693621155,3920476.6666541947
high,central,coolant_recovery,two,transition,Q01,0.0,0.0,0.0,0.0,0.0,0.0,0.0
high,central,coolant_recovery,two,transition,Q02,0.0,0.0,0.0,0.0,0.0,0.0,0.0
high,central,coolant_recovery,two,transition,Q03,0.0,0.0,0.0,0.0,0.0,0.0,0.0
high,central,coolant_recovery,two,transition,Q04,0.0,0.0,0.0,0.0,0.0,0.0,0.0
high,central,coolant_recovery,two,transition,Q05,0.0,0.0,0.0,0.0,0.0,0.0,0.0
high,central,coolant_recovery,two,transition,Q06,0.0,0.0,0.0,0.0,0.0,0.0,0.0
high,central,coolant_recovery,two,transition,Q07,0.0,0.0,0.0,0.0,0.0,0.0,0.0
high,central,coolant_recovery,two,transition,Q08,0.0,0.0,0.0,0.0,0.0,0.0,0.0
high,central,coolant_recovery,two,transition,Q09,51.41140972028529,2.595300051229535,3.812848223411291,5437.685912907697,1954.3269778629742,5.031766666033998e-05,39031.09917012656
high,central,coolant_recovery,two,transition,Q10,79.81650582272567,5.556983705337667,8.16396371524916,12868.997800727262,4434.2430415082545,0.00011684204191667024,90073.7002148543
high,central,coolant_recovery,two,transition,Q11,105.71115587612057,8.88450668366262,13.052546856245076,21518.632719670906,7223.859816900033,0.00019292614550653987,148064.18155478395
high,central,coolant_recovery,two,transition,Q12,144.886406391415,13.084160782920021,19.22240905145039,31639.294317505817,10426.914263304996,0.0002809045045233151,214779.8807026554
high,central,coolant_recovery,two,transition,Q13,186.5949781027918,18.356813000576846,26.968651198378314,43617.110169986816,14099.995730935052,0.0003833334734960011,291936.4743551051
high,central,coolant_recovery,two,transition,Q14,232.0068058510308,24.571176738458423,36.098395455266065,57547.401059048345,18241.50207000148,0.0005005515812128261,379640.44140369864
high,central,coolant_recovery,two,transition,Q15,285.7315741800913,32.32193209819024,47.48530765042762,73689.00273641475,22904.084470614333,0.0006343201068410129,479062.3793580622
high,central,coolant_recovery,two,transition,Q16,348.6717455594392,41.87355721684454,61.517942084006165,92428.63503746375,28156.57445316272,0.0007872072287519992,591904.7726681466
high,central,coolant_recovery,two,transition,Q17,538.4582938536512,53.57794635651305,78.71327921512412,117561.18767502034,35297.099411779556,0.0009921030963415073,742890.3596631654
high,central,coolant_recovery,two,transition,Q18,640.6223190326253,66.91955271347564,98.31391077658768,150060.39817858362,43815.968645554334,0.0012484697262081649,929285.0966574724
high,central,coolant_recovery,two,transition,Q19,758.7774195232323,82.0334884145451,120.51833483124528,187604.0312423191,53330.664739434076,0.00153972741917831,1139387.4056864907
high,central,coolant_recovery,two,transition,Q20,901.3360393799237,100.74911576214556,148.01413303327558,231178.26050356764,64012.552936738626,0.0018722815074812297,1377356.4037815111
high,central,coolant_recovery,two,transition,Q21,1049.4782446134932,123.5648534848147,181.53355018139442,281385.4725289321,75837.1175005105,0.002248460553802451,1644099.9151459653
high,central,coolant_recovery,two,transition,Q22,1248.1140505336352,150.562732257525,221.1971004771046,339492.84731627046,89099.3102247023,0.0026770846377723208,1945555.8645316313
high,central,coolant_recovery,two,transition,Q23,1441.6627127754882,183.23724837138917,269.20040192833716,406485.6451941819,103702.51008428779,0.0031614925500964347,2282747.685305103
high,central,coolant_recovery,two,transition,Q24,1687.2020494018032,222.52801335123513,326.92387146662935,483307.60895435384,119853.36190918481,0.0037077111627223454,2659459.567028799
high,central,combined_strategy,single,steady,Q01,0.0,0.0,0.0,0.0,0.0,0.0,0.0
high,central,combined_strategy,single,steady,Q02,0.0,0.0,0.0,0.0,0.0,0.0,0.0
high,central,combined_strategy,single,steady,Q03,0.0,0.0,0.0,0.0,0.0,0.0,0.0
high,central,combined_strategy,single,steady,Q04,0.0,0.0,0.0,0.0,0.0,0.0,0.0
high,central,combined_strategy,single,steady,Q05,0.0,0.0,0.0,0.0,0.0,0.0,0.0
high,central,combined_strategy,single,steady,Q06,0.0,0.0,0.0,0.0,0.0,0.0,0.0
high,central,combined_strategy,single,steady,Q07,0.0,0.0,0.0,0.0,0.0,0.0,0.0
high,central,combined_strategy,single,steady,Q08,0.0,0.0,0.0,0.0,0.0,0.0,0.0
high,central,combined_strategy,single,steady,Q09,43.70686068805564,2.5445123463674992,3.738234187873238,9929.687319222745,4061.4404897531867,0.00010021844514232207,80337.55209699682
high,central,combined_strategy,single,steady,Q10,66.52908426253056,5.415156710582766,7.955600599498135,23338.35876898412,9472.981160497413,0.0002348151185927829,188092.60621102765
high,central,combined_strategy,single,steady,Q11,86.57981610363558,8.601978033318936,12.637473900801892,38757.27318970972,15683.343420378598,0.00038946468608127253,311877.3945789787
high,central,combined_strategy,single,steady,Q12,116.95444712188717,12.538112279556652,18.420189645274583,56578.43817720161,22875.887383533678,0.0005683572058939863,455094.2973554906
high,central,combined_strategy,single,steady,Q13,148.43379446236,17.38543605551792,25.541566550699162,77409.42226847287,31275.338994706504,0.0007773869974436529,622421.1279227809
high,central,combined_strategy,single,steady,Q14,181.9205721357257,22.975159536364977,33.753629442313965,101333.18270838287,40916.54383784981,0.0010173985408833324,814537.8793643147
high,central,combined_strategy,single,steady,Q15,220.741856872926,29.849072528516885,43.85234112214208,128703.7246830476,51948.21632114026,0.0012920085296409972,1034348.6529331486
high,central,combined_strategy,single,steady,Q16,265.2481319275793,38.201574942278114,56.12330145840858,160072.23962176006,64591.69838272643,0.0016067395116729772,1286271.969727785
high,central,combined_strategy,single,steady,Q17,403.1173715433922,48.30285444711083,70.96345282970601,201595.58745772304,81485.31843641833,0.002024918682628038,1621319.0206101693
high,central,combined_strategy,single,steady,Q18,472.3746540780934,59.64215271100856,87.62242188407429,254583.43067005445,102828.5596929768,0.002556393647320299,2046722.4048122026
high,central,combined_strategy,single,steady,Q19,550.853585886341,72.26955157441049,106.17378564635612,314979.7099464984,127154.70799337018,0.003162161418378727,2531590.83005575
high,central,combined_strategy,single,steady,Q20,643.7807821224865,87.54232363566555,128.6115618844963,384130.1172523927,155013.64117099272,0.0038558087500020536,3086808.188439362
high,central,combined_strategy,single,steady,Q21,737.2509251777249,105.77708648744705,155.4009048395827,462715.31868339784,186650.0827857441,0.004643870099172051,3717544.9271849613
high,central,combined_strategy,single,steady,Q22,861.4082766461268,126.88936158322555,186.4177040543684,552402.7884638547,222791.23960881506,0.0055436215185170334,4437742.864889516
high,central,combined_strategy,single,steady,Q23,977.5393699818459,151.98672262426868,223.28913570725894,654348.3504519807,263822.9509022346,0.006565867624649847,5255885.6039311
high,central,combined_strategy,single,steady,Q24,1122.4211778430326,181.670187069734,266.8981760654117,769581.2960922385,310230.9954569553,0.007721648075620915,6180949.136792701
high,central,combined_strategy,single,transition,Q01,0.0,0.0,0.0,0.0,0.0,0.0,0.0
high,central,combined_strategy,single,transition,Q02,0.0,0.0,0.0,0.0,0.0,0.0,0.0
high,central,combined_strategy,single,transition,Q03,0.0,0.0,0.0,0.0,0.0,0.0,0.0
high,central,combined_strategy,single,transition,Q04,0.0,0.0,0.0,0.0,0.0,0.0,0.0
high,central,combined_strategy,single,transition,Q05,0.0,0.0,0.0,0.0,0.0,0.0,0.0
high,central,combined_strategy,single,transition,Q06,0.0,0.0,0.0,0.0,0.0,0.0,0.0
high,central,combined_strategy,single,transition,Q07,0.0,0.0,0.0,0.0,0.0,0.0,0.0
high,central,combined_strategy,single,transition,Q08,0.0,0.0,0.0,0.0,0.0,0.0,0.0
high,central,combined_strategy,single,transition,Q09,43.70686068805564,2.5445123463674992,3.738234187873238,9929.687319222745,3370.6796327637785,8.985703228748096e-05,69285.37838516629
high,central,combined_strategy,single,transition,Q10,66.52908426253056,5.415156710582766,7.955600599498135,23338.35876898412,7732.846016135374,0.00020871309142735236,160250.44390123506
high,central,combined_strategy,single,transition,Q11,86.57981610363558,8.601978033318936,12.637473900801892,38757.27318970972,12602.433108996942,0.0003432510314105477,262582.82959687227
high,central,combined_strategy,single,transition,Q12,116.95444712188717,12.538112279556652,18.420189645274583,56578.43817720161,18090.343899435407,0.0004965740536325123,378525.6016099183
high,central,combined_strategy,single,transition,Q13,148.43379446236,17.38543605551792,25.541566550699162,77409.42226847287,24316.127605432102,0.0006729988266045369,511073.74569439044
high,central,combined_strategy,single,transition,Q14,181.9205721357257,22.975159536364977,33.753629442313965,101333.18270838287,31252.90735536819,0.0008724439936461081,659919.6956446087
high,central,combined_strategy,single,transition,Q15,220.741856872926,29.849072528516885,43.85234112214208,128703.7246830476,38952.51385913423,0.001097072992710907,826417.413541052
high,central,combined_strategy,single,transition,Q16,265.2481319275793,38.201574942278114,56.12330145840858,160072.23962176006,47504.45049393182,0.0013504307933410583,1012876.0035070712
high,central,combined_strategy,single,transition,Q17,403.1173715433922,48.30285444711083,70.96345282970601,201595.58745772304,58620.90910957669,0.0016819525427254139,1255488.471380703
high,central,combined_strategy,single,transition,Q18,472.3746540780934,59.64215271100856,87.62242188407429,254583.43067005445,72131.16484779053,0.0020959327246425053,1555564.0872892218
high,central,combined_strategy,single,transition,Q19,550.853585886341,72.26955157441049,106.17378564635612,314979.7099464984,87003.98247882746,0.002559900535660587,1889179.221823066
high,central,combined_strategy,single,transition,Q20,643.7807821224865,87.54232363566555,128.6115618844963,384130.1172523927,103438.06575373704,0.0030821751187432187,2261598.9817632707
high,central,combined_strategy,single,transition,Q21,737.2509251777249,105.77708648744705,155.4009048395827,462715.31868339784,121407.51581527013,0.003665231594614942,2673663.8556573773
high,central,combined_strategy,single,transition,Q22,861.4082766461268,126.88936158322555,186.4177040543684,552402.7884638547,141170.96076538807,0.004319317335865629,3131818.4033946837
high,central,combined_strategy,single,transition,Q23,977.5393699818459,151.98672262426868,223.28913570725894,654348.3504519807,162700.04280890521,0.005049024003249907,3637919.0744378306
high,central,combined_strategy,single,transition,Q24,1122.4211778430326,181.670187069734,266.8981760654117,769581.2960922385,186061.49823557437,0.005859105617300202,4194237.181250606
high,central,combined_strategy,two,steady,Q01,0.0,0.0,0.0,0.0,0.0,0.0,0.0
high,central,combined_strategy,two,steady,Q02,0.0,0.0,0.0,0.0,0.0,0.0,0.0
high,central,combined_strategy,two,steady,Q03,0.0,0.0,0.0,0.0,0.0,0.0,0.0
high,central,combined_strategy,two,steady,Q04,0.0,0.0,0.0,0.0,0.0,0.0,0.0
high,central,combined_strategy,two,steady,Q05,0.0,0.0,0.0,0.0,0.0,0.0,0.0
high,central,combined_strategy,two,steady,Q06,0.0,0.0,0.0,0.0,0.0,0.0,0.0
high,central,combined_strategy,two,steady,Q07,0.0,0.0,0.0,0.0,0.0,0.0,0.0
high,central,combined_strategy,two,steady,Q08,0.0,0.0,0.0,0.0,0.0,0.0,0.0
high,central,combined_strategy,two,steady,Q09,44.839329303756344,2.5445123463674992,3.738234187873238,4964.843659611378,2123.6832127877865,5.106476857972674e-05,41102.80365018433
high,central,combined_strategy,two,steady,Q10,68.98955106312687,5.415156710582765,7.955600599498134,11669.179384492065,4881.509633554261,0.00011891290420335113,95505.85316868644
high,central,combined_strategy,two,steady,Q11,90.52982387860875,8.601978033318936,12.63747390080189,19378.636594854877,8033.955878008932,0.00019674279745806092,157876.40658403962
high,central,combined_strategy,two,steady,Q12,122.65321044298388,12.538112279556652,18.420189645274583,28289.219088600836,11699.552094383169,0.0002869223899685966,230184.90351525607
high,central,combined_strategy,two,steady,Q13,156.13992941158472,17.38543605551792,25.54156655069916,38704.711134236495,15972.357989518296,0.00039221745752922787,314587.49778486544
high,central,combined_strategy,two,steady,Q14,191.90321460781104,22.975159536364977,33.753629442313965,50666.59135419149,20871.490600837828,0.0005130654635153328,411440.8366535718
high,central,combined_strategy,two,steady,Q15,233.30944231903842,29.849072528516885,43.85234112214208,64351.862341523876,26478.537364829695,0.0006513525751944036,522270.2094987256
high,central,combined_strategy,two,steady,Q16,280.7496190338907,38.201574942278114,56.12330145840858,80036.11981088012,32905.156186704575,0.0008098519159050557,649295.0822307869
high,central,combined_strategy,two,steady,Q17,422.8483182603669,48.30285444711083,70.96345282970601,100797.79372886167,41648.93551168923,0.0010220140777663375,819805.7596549797
high,central,combined_strategy,two,steady,Q18,496.893200127888,59.64215271100856,87.62242188407427,127291.71533502737,52483.02290959284,0.0012894917206613997,1034151.7182393628
high,central,combined_strategy,two,steady,Q19,580.7945375908774,72.26955157441049,106.1737856463561,157489.85497324937,64830.00086656956,0.0015943432566542454,1278446.794062775
high,central,combined_strategy,two,steady,Q20,679.8949697282151,87.54232363566555,128.61156188449627,192065.0586261966,78976.75741834928,0.0019434953781073286,1558254.7702680756
high,central,combined_strategy,two,steady,Q21,780.2565446569894,105.77708648744705,155.40090483958267,231357.65934169915,95018.01356369491,0.00233994213050848,1875885.0098946393
high,central,combined_strategy,two,steady,Q22,912.304712099308,126.88936158322555,186.41770405436836,276201.3942319277,113378.43333404034,0.002792931286200602,2238918.8826870336
high,central,combined_strategy,two,steady,Q23,1037.1913936444216,151.98672262426868,223.28913570725888,327174.17522599077,134174.04224354742,0.003307107493164845,2650831.1629906856
high,central,combined_strategy,two,steady,Q24,1191.9354745353119,181.670187069734,266.89817606541163,384790.6480461198,157722.51763861458,0.003888744581409763,3116858.7653519167
high,central,combined_strategy,two,transition,Q01,0.0,0.0,0.0,0.0,0.0,0.0,0.0
high,central,combined_strategy,two,transition,Q02,0.0,0.0,0.0,0.0,0.0,0.0,0.0
high,central,combined_strategy,two,transition,Q03,0.0,0.0,0.0,0.0,0.0,0.0,0.0
high,central,combined_strategy,two,transition,Q04,0.0,0.0,0.0,0.0,0.0,0.0,0.0
high,central,combined_strategy,two,transition,Q05,0.0,0.0,0.0,0.0,0.0,0.0,0.0
high,central,combined_strategy,two,transition,Q06,0.0,0.0,0.0,0.0,0.0,0.0,0.0
high,central,combined_strategy,two,transition,Q07,0.0,0.0,0.0,0.0,0.0,0.0,0.0
high,central,combined_strategy,two,transition,Q08,0.0,0.0,0.0,0.0,0.0,0.0,0.0
high,central,combined_strategy,two,transition,Q09,44.839329303756344,2.5445123463674992,3.738234187873238,4964.843659611378,1778.302784293082,4.588406215230618e-05,35576.71679426906
high,central,combined_strategy,two,transition,Q10,68.98955106312687,5.415156710582765,7.955600599498134,11669.179384492065,4011.442061373242,0.00010586189062063584,81584.77201379015
high,central,combined_strategy,two,transition,Q11,90.52982387860875,8.601978033318936,12.63747390080189,19378.636594854877,6493.500722318103,0.0001736359701226985,133229.1240929864
high,central,combined_strategy,two,transition,Q12,122.65321044298388,12.538112279556652,18.420189645274583,28289.219088600836,9306.78035233403,0.0002510308138378595,191900.5556424699
high,central,combined_strategy,two,transition,Q13,156.13992941158472,17.38543605551792,25.54156655069916,38704.711134236495,12492.75229488109,0.00034002337210966974,258913.80667067016
high,central,combined_strategy,two,transition,Q14,191.90321460781104,22.975159536364977,33.753629442313965,50666.59135419149,16039.672359597012,0.00044058818989672053,334131.7447937188
high,central,combined_strategy,two,transition,Q15,233.30944231903842,29.849072528516885,43.85234112214208,64351.862341523876,19980.686133826675,0.0005538848067293583,418304.58980267734
high,central,combined_strategy,two,transition,Q16,280.7496190338907,38.201574942278114,56.12330145840858,80036.11981088012,24361.532242307265,0.000681697556739096,512597.09912042995
high,central,combined_strategy,two,transition,Q17,422.8483182603669,48.30285444711083,70.96345282970601,100797.79372886167,30216.730848268402,0.0008505310078150252,636890.4850402464
high,central,combined_strategy,two,transition,Q18,496.893200127888,59.64215271100856,87.62242188407427,127291.71533502737,37134.32548699969,0.0010592612593225024,788572.5594778723
high,central,combined_strategy,two,transition,Q19,580.7945375908774,72.26955157441049,106.1737856463561,157489.85497324937,44754.638109298176,0.0012932128152951747,957240.9899464329
high,central,combined_strategy,two,transition,Q20,679.8949697282151,87.54232363566555,128.61156188449627,192065.0586261966,53188.9697097214,0.0015566785624779103,1145650.1669300294
high,central,combined_strategy,two,transition,Q21,780.2565446569894,105.77708648744705,155.40090483958267,231357.65934169915,62396.730078457884,0.0018506228782299247,1353944.4741308468
high,central,combined_strategy,two,transition,Q22,912.304712099308,126.88936158322555,186.41770405436836,276201.3942319277,72568.29391232679,0.002180779194874899,1585956.651939617
high,central,combined_strategy,two,transition,Q23,1037.1913936444216,151.98672262426868,223.28913570725888,327174.17522599077,83612.58819688267,0.002548685682464874,1841847.8982440496
high,central,combined_strategy,two,transition,Q24,1191.9354745353119,181.670187069734,266.89817606541163,384790.6480461198,95637.769027924,0.002957473352249405,2123502.787580868
high,high,baseline,single,steady,Q01,0.0,0.0,0.0,0.0,0.0,0.0,0.0
high,high,baseline,single,steady,Q02,0.0,0.0,0.0,0.0,0.0,0.0,0.0
high,high,baseline,single,steady,Q03,0.0,0.0,0.0,0.0,0.0,0.0,0.0
high,high,baseline,single,steady,Q04,0.0,0.0,0.0,0.0,0.0,0.0,0.0
high,high,baseline,single,steady,Q05,0.0,0.0,0.0,0.0,0.0,0.0,0.0
high,high,baseline,single,steady,Q06,0.0,0.0,0.0,0.0,0.0,0.0,0.0
high,high,baseline,single,steady,Q07,0.0,0.0,0.0,0.0,0.0,0.0,0.0
high,high,baseline,single,steady,Q08,0.0,0.0,0.0,0.0,0.0,0.0,0.0
high,high,baseline,single,steady,Q09,75.14045646980887,8.744839781258431,0.0,15102.357956198684,6195.59651530972,0.0001526138370891956,122365.39697789194
high,high,baseline,single,steady,Q10,118.96040862863265,18.789638565472014,0.0,35788.69957316053,14562.79546580421,0.0003604541002898326,288782.75295068417
high,high,baseline,single,steady,Q11,159.86820247706288,30.129210219097374,0.0,59919.0287444472,24302.412507842553,0.0006026889435962042,482700.2400562143
high,high,baseline,single,steady,Q12,220.77452381707207,44.504905205785846,0.0,88208.90914620925,35747.365158720735,0.0008869496309904918,710309.2881720443
high,high,baseline,single,steady,Q13,287.0908595559913,62.60673094925533,0.0,121748.25546719451,49304.78727146442,0.0012238504391725575,980040.8945834222
high,high,baseline,single,steady,Q14,360.2023283795371,84.03034865182647,0.0,160815.67892300963,65088.691400288844,0.0016162011392842053,1294149.629694927
high,high,baseline,single,steady,Q15,447.65073388070124,110.7647492545582,0.0,206149.25634931953,83410.3863821165,0.002071553225663355,1658700.889218443
high,high,baseline,single,steady,Q16,551.1966736144157,143.74755357536827,0.0,258847.23783596256,104713.16225840154,0.0026009337873676677,2082520.5739278656
high,high,baseline,single,steady,Q17,835.4755615946244,184.20124797379077,0.0,329611.21662009903,133607.53839521576,0.0033146636899126208,2654520.2504325537
high,high,baseline,single,steady,Q18,998.9577346444503,230.38866346250265,0.0,421209.0305871561,170596.7220358826,0.0042343733471990755,3390803.3427074505
high,high,baseline,single,steady,Q19,1187.5616209447176,282.79049790144114,0.0,527129.3708511287,213368.2668312916,0.0052978728459091955,4242200.151717431
high,high,baseline,single,steady,Q20,1416.7144732538284,347.7806796745633,0.0,650176.4125870403,263077.884321161,0.006533576222132225,5231484.493559771
high,high,baseline,single,steady,Q21,1660.9129942529753,427.1077036153282,0.0,792073.5272527186,320364.79074140097,0.007958224609448398,6371942.016424883
high,high,baseline,single,steady,Q22,1983.2487925354721,521.103934972171,0.0,956428.1483343149,386798.3088862829,0.00960915749854358,7693695.682200088
high,high,baseline,single,steady,Q23,2308.4194864838455,634.9497837544177,0.0,1146052.5217227458,463355.32255394314,0.011513043104794679,9217763.312430413
high,high,baseline,single,steady,Q24,2718.5694277269486,771.9410316097219,0.0,1363647.7836988887,551282.2228508141,0.013698568635859523,10967413.363303695
high,high,baseline,single,transition,Q01,0.0,0.0,0.0,0.0,0.0,0.0,0.0
high,high,baseline,single,transition,Q02,0.0,0.0,0.0,0.0,0.0,0.0,0.0
high,high,baseline,single,transition,Q03,0.0,0.0,0.0,0.0,0.0,0.0,0.0
high,high,baseline,single,transition,Q04,0.0,0.0,0.0,0.0,0.0,0.0,0.0
high,high,baseline,single,transition,Q05,0.0,0.0,0.0,0.0,0.0,0.0,0.0
high,high,baseline,single,transition,Q06,0.0,0.0,0.0,0.0,0.0,0.0,0.0
high,high,baseline,single,transition,Q07,0.0,0.0,0.0,0.0,0.0,0.0,0.0
high,high,baseline,single,transition,Q08,0.0,0.0,0.0,0.0,0.0,0.0,0.0
high,high,baseline,single,transition,Q09,75.14045646980887,8.744839781258431,0.0,15102.357956198684,5144.997700965465,0.00013685485487403175,105555.81594838384
high,high,baseline,single,transition,Q10,118.96040862863265,18.789638565472014,0.0,35788.69957316053,11893.265568393377,0.0003204111518286701,246070.27459211083
high,high,baseline,single,transition,Q11,159.86820247706288,30.129210219097374,0.0,59919.0287444472,19534.593117276356,0.0005311716527377113,406415.1298071551
high,high,baseline,single,transition,Q12,220.77452381707207,44.504905205785846,0.0,88208.90914620925,28273.557207985992,0.0007748425117294706,590728.3609602884
high,high,baseline,single,transition,Q13,287.0908595559913,62.60673094925533,0.0,121748.25546719451,38331.2214437573,0.0010592469517569508,804463.8413401083
high,high,baseline,single,transition,Q14,360.2023283795371,84.03034865182647,0.0,160815.67892300963,49698.808138446104,0.0013853528903565644,1047911.497505443
high,high,baseline,single,transition,Q15,447.65073388070124,110.7647492545582,0.0,206149.25634931953,62501.6328248969,0.001757921922305061,1324160.8323029294
high,high,baseline,single,transition,Q16,551.1966736144157,143.74755357536827,0.0,258847.23783596256,76930.7589420546,0.0021841977376224637,1638002.1208663143
high,high,baseline,single,transition,Q17,835.4755615946244,184.20124797379077,0.0,329611.21662009903,95979.71194368461,0.0027502462931396536,2052475.0272080551
high,high,baseline,single,transition,Q18,998.9577346444503,230.38866346250265,0.0,421209.0305871561,119428.34917182998,0.003466847754238286,2572109.376882608
high,high,baseline,single,transition,Q19,1187.5616209447176,282.79049790144114,0.0,527129.3708511287,145621.0580998346,0.00428166471493734,3158244.812014118
high,high,baseline,single,transition,Q20,1416.7144732538284,347.7806796745633,0.0,650176.4125870403,175001.1643463795,0.005212425422510502,3822256.973963266
high,high,baseline,single,transition,Q21,1660.9129942529753,427.1077036153282,0.0,792073.5272527186,207610.3116943276,0.006266907423742297,4567870.351671709
high,high,baseline,single,transition,Q22,1983.2487925354721,521.103934972171,0.0,956428.1483343149,244031.24685909195,0.007467651568135714,5409422.689765032
high,high,baseline,single,transition,Q23,2308.4194864838455,634.9497837544177,0.0,1146052.5217227458,284312.293443748,0.008827397668141751,6353074.846667292
high,high,baseline,single,transition,Q24,2718.5694277269486,771.9410316097219,0.0,1363647.7836988887,328720.14134539047,0.010360137413278167,7406420.059216916
high,high,baseline,two,steady,Q01,0.0,0.0,0.0,0.0,0.0,0.0,0.0
high,high,baseline,two,steady,Q02,0.0,0.0,0.0,0.0,0.0,0.0,0.0
high,high,baseline,two,steady,Q03,0.0,0.0,0.0,0.0,0.0,0.0,0.0
high,high,baseline,two,steady,Q04,0.0,0.0,0.0,0.0,0.0,0.0,0.0
high,high,baseline,two,steady,Q05,0.0,0.0,0.0,0.0,0.0,0.0,0.0
high,high,baseline,two,steady,Q06,0.0,0.0,0.0,0.0,0.0,0.0,0.0
high,high,baseline,two,steady,Q07,0.0,0.0,0.0,0.0,0.0,0.0,0.0
high,high,baseline,two,steady,Q08,0.0,0.0,0.0,0.0,0.0,0.0,0.0
high,high,baseline,two,steady,Q09,76.87158179643322,8.74483978125843,0.0,7551.17897809935,3257.644966464984,7.794910983160538e-05,62781.165577047235
high,high,baseline,two,steady,Q10,122.75553211038607,18.78963856547201,0.0,17894.349786580282,7540.098739887375,0.00018290800840759647,146978.38654519487
high,high,baseline,two,steady,Q11,166.01322207223137,30.12921021909737,0.0,29959.51437222363,12504.442322770468,0.0003050274785376897,244882.4807165992
high,high,baseline,two,steady,Q12,229.72837643730077,44.50490520578584,0.0,44104.45457310467,18364.345637458107,0.00044860397060225254,360061.27466699976
high,high,baseline,two,steady,Q13,299.3253322081691,62.60673094925532,0.0,60874.12773359732,25294.58213827538,0.0006186601382664571,496442.3323171431
high,high,baseline,two,steady,Q14,376.2204869992487,84.03034865182646,0.0,80407.8394615049,33354.82000708858,0.0008166254644548039,655179.5579169055
high,high,baseline,two,steady,Q15,468.04419570213224,110.76474925455818,0.0,103074.62817465988,42717.05741891127,0.001046449078856481,839469.0868877523
high,high,baseline,two,steady,Q16,576.6532519704673,143.74755357536824,0.0,129423.61891798142,53607.2179882855,0.0013136920000425588,1053766.6555547807
high,high,baseline,two,steady,Q17,868.4730118368777,184.20124797379074,0.0,164805.60831004972,68665.81329551086,0.0016768732921752104,1345880.5661953075
high,high,baseline,two,steady,Q18,1040.6366927269885,230.38866346250262,0.0,210604.51529357833,87536.50769320916,0.0021407200836695305,1717783.1381064048
high,high,baseline,two,steady,Q19,1239.2473402901387,282.79049790144114,0.0,263564.68542556465,109355.70906452235,0.0026770661319328723,2147815.832347482
high,high,baseline,two,steady,Q20,1480.0088587284997,347.7806796745633,0.0,325088.2062935205,134736.14460334962,0.0033004990388921787,2647714.271207578
high,high,baseline,two,steady,Q21,1737.4092001674785,427.1077036153282,0.0,396036.7636263597,163947.2638287578,0.0040188965278228515,3223619.6927930163
high,high,baseline,two,steady,Q22,2075.182170340246,521.103934972171,0.0,478214.07416715793,197902.00412911305,0.0048522127658063696,3891876.3379597617
high,high,baseline,two,steady,Q23,2417.826463664689,634.9497837544177,0.0,573026.2608613735,236940.1960733593,0.005812321649279992,4661507.004179087
high,high,baseline,two,steady,Q24,2848.1072252451754,771.9410316097219,0.0,681823.8918494451,281852.83418922086,0.006915261250725952,5545823.909289989
high,high,baseline,two,transition,Q01,0.0,0.0,0.0,0.0,0.0,0.0,0.0
high,high,baseline,two,transition,Q02,0.0,0.0,0.0,0.0,0.0,0.0,0.0
high,high,baseline,two,transition,Q03,0.0,0.0,0.0,0.0,0.0,0.0,0.0
high,high,baseline,two,transition,Q04,0.0,0.0,0.0,0.0,0.0,0.0,0.0
high,high,baseline,two,transition,Q05,0.0,0.0,0.0,0.0,0.0,0.0,0.0
high,high,baseline,two,transition,Q06,0.0,0.0,0.0,0.0,0.0,0.0,0.0
high,high,baseline,two,transition,Q07,0.0,0.0,0.0,0.0,0.0,0.0,0.0
high,high,baseline,two,transition,Q08,0.0,0.0,0.0,0.0,0.0,0.0,0.0
high,high,baseline,two,transition,Q09,76.87158179643322,8.74483978125843,0.0,7551.17897809935,2732.3455592928553,7.006961872402345e-05,54376.37506229318
high,high,baseline,two,transition,Q10,122.75553211038607,18.78963856547201,0.0,17894.349786580282,6205.333791181956,0.0001628865341770152,125622.14736590817
high,high,baseline,two,transition,Q11,166.01322207223137,30.12921021909737,0.0,29959.51437222363,10120.532627487368,0.00026926883310844315,206739.92559206957
high,high,baseline,two,transition,Q12,229.72837643730077,44.50490520578584,0.0,44104.45457310467,14627.441662090736,0.00039255041097174185,300270.81106112176
high,high,baseline,two,transition,Q13,299.3253322081691,62.60673094925532,0.0,60874.12773359732,19807.799224421815,0.0005363583945586537,408653.805695486
high,high,baseline,two,transition,Q14,376.2204869992487,84.03034865182646,0.0,80407.8394615049,25659.878376167202,0.0007012013399909832,532060.4918221633
high,high,baseline,two,transition,Q15,468.04419570213224,110.76474925455818,0.0,103074.62817465988,32262.68064030146,0.000889633427177334,672199.0584299952
high,high,baseline,two,transition,Q16,576.6532519704673,143.74755357536824,0.0,129423.61891798142,39716.01633011201,0.0011053239751699566,831507.4290240048
high,high,baseline,two,transition,Q17,868.4730118368777,184.20124797379074,0.0,164805.60831004972,49851.900069745265,0.0013946645937887264,1044857.9545830579
high,high,baseline,two,transition,Q18,1040.6366927269885,230.38866346250262,0.0,210604.51529357833,61952.32126118282,0.001756957287189135,1308436.1551939833
high,high,baseline,two,transition,Q19,1239.2473402901387,282.79049790144114,0.0,263564.68542556465,75482.1046987938,0.002168962066446944,1605838.1624958252
high,high,baseline,two,transition,Q20,1480.0088587284997,347.7806796745633,0.0,325088.2062935205,90697.7846159588,0.002639923639081316,1943100.5114093248
high,high,baseline,two,transition,Q21,1737.4092001674785,427.1077036153282,0.0,396036.7636263597,107570.02430522103,0.0031732379349697993,2321583.860416428
high,high,baseline,two,transition,Q22,2075.182170340246,521.103934972171,0.0,478214.07416715793,126518.47311551745,0.003781459800602435,2749739.8417422324
high,high,baseline,two,transition,Q23,2417.826463664689,634.9497837544177,0.0,573026.2608613735,147418.68151826158,0.004469498930953526,3229162.7712975233
high,high,baseline,two,transition,Q24,2848.1072252451754,771.9410316097219,0.0,681823.8918494451,170571.79343650883,0.005246045639435271,3765327.2572465963
high,high,improved_pue,single,steady,Q01,0.0,0.0,0.0,0.0,0.0,0.0,0.0
high,high,improved_pue,single,steady,Q02,0.0,0.0,0.0,0.0,0.0,0.0,0.0
high,high,improved_pue,single,steady,Q03,0.0,0.0,0.0,0.0,0.0,0.0,0.0
high,high,improved_pue,single,steady,Q04,0.0,0.0,0.0,0.0,0.0,0.0,0.0
high,high,improved_pue,single,steady,Q05,0.0,0.0,0.0,0.0,0.0,0.0,0.0
high,high,improved_pue,single,steady,Q06,0.0,0.0,0.0,0.0,0.0,0.0,0.0
high,high,improved_pue,single,steady,Q07,0.0,0.0,0.0,0.0,0.0,0.0,0.0
high,high,improved_pue,single,steady,Q08,0.0,0.0,0.0,0.0,0.0,0.0,0.0
high,high,improved_pue,single,steady,Q09,75.14045646980887,8.744839781258431,0.0,13789.109438268371,5670.297108137595,0.00013948135190989248,111859.40883444944
high,high,improved_pue,single,steady,Q10,118.96040862863265,18.789638565472014,0.0,32451.787201396983,13228.030517098796,0.00032708497657219724,262087.45397657587
high,high,improved_pue,single,steady,Q11,159.86820247706288,30.129210219097374,0.0,53959.254506239435,21918.502812559454,0.0005430912012141266,435022.0461505522
high,high,improved_pue,single,steady,Q12,220.77452381707207,44.504905205785846,0.0,78866.6492077908,32010.461183353364,0.0007935270316063074,635571.2086646968
high,high,improved_pue,single,steady,Q13,287.0908595559913,62.60673094925533,0.0,108031.2981825606,43818.00435761085,0.0010866808663262185,870305.2363063508
high,high,improved_pue,single,steady,Q14,360.2023283795371,84.03034865182647,0.0,141578.3248457062,57393.74976936747,0.001423827598511171,1140250.7970764993
high,high,improved_pue,single,steady,Q15,447.65073388070124,110.7647492545582,0.0,180013.31440279502,72956.00960350668,0.0018101938061981099,1449613.3536462467
high,high,improved_pue,single,steady,Q16,551.1966736144157,143.74755357536827,0.0,224119.23369052887,90821.96060022806,0.0022536537459133307,1804696.5407643958
high,high,improved_pue,single,steady,Q17,835.4755615946244,184.20124797379077,0.0,282576.4335556851,114793.62516945018,0.002844315859268481,2278241.985917242
high,high,improved_pue,single,steady,Q18,998.9577346444503,230.38866346250265,0.0,357248.56450709037,145012.53560385632,0.0035947686863984176,2879119.614066924
high,high,improved_pue,single,steady,Q19,1187.5616209447176,282.79049790144114,0.0,442445.3599368074,179494.66246556316,0.004451032736765983,3564728.0644028606
high,high,improved_pue,single,steady,Q20,1416.7144732538284,347.7806796745633,0.0,540080.5126185633,219039.52433377027,0.005432617222447455,4350717.2938119555
high,high,improved_pue,single,steady,Q21,1660.9129942529753,427.1077036153282,0.0,651130.4284438767,263987.55121786427,0.00654879362135998,5244397.225954149
high,high,improved_pue,single,steady,Q22,1983.2487925354721,521.103934972171,0.0,777969.320800326,315414.7778726874,0.007824569223203692,6266025.061928177
high,high,improved_pue,single,steady,Q23,2308.4194864838455,634.9497837544177,0.0,922248.7353350016,373833.8079988455,0.009275005240917239,7427333.021328461
high,high,improved_pue,single,steady,Q24,2718.5694277269486,771.9410316097219,0.0,1085445.1818171088,440001.18209810223,0.010916542617041725,8741792.548249457
high,high,improved_pue,single,transition,Q01,0.0,0.0,0.0,0.0,0.0,0.0,0.0
high,high,improved_pue,single,transition,Q02,0.0,0.0,0.0,0.0,0.0,0.0,0.0
high,high,improved_pue,single,transition,Q03,0.0,0.0,0.0,0.0,0.0,0.0,0.0
high,high,improved_pue,single,transition,Q04,0.0,0.0,0.0,0.0,0.0,0.0,0.0
high,high,improved_pue,single,transition,Q05,0.0,0.0,0.0,0.0,0.0,0.0,0.0
high,high,improved_pue,single,transition,Q06,0.0,0.0,0.0,0.0,0.0,0.0,0.0
high,high,improved_pue,single,transition,Q07,0.0,0.0,0.0,0.0,0.0,0.0,0.0
high,high,improved_pue,single,transition,Q08,0.0,0.0,0.0,0.0,0.0,0.0,0.0
high,high,improved_pue,single,transition,Q09,75.14045646980887,8.744839781258431,0.0,13789.109438268371,4711.05471243197,0.0001250927159743081,96511.53050315943
high,high,improved_pue,single,transition,Q10,118.96040862863265,18.789638565472014,0.0,32451.787201396983,10808.230731235279,0.0002907879797842445,223370.65740275962
high,high,improved_pue,single,transition,Q11,159.86820247706288,30.129210219097374,0.0,53959.254506239435,17628.488478448766,0.00047874098620246633,366381.8168047813
high,high,improved_pue,single,transition,Q12,220.77452381707207,44.504905205785846,0.0,78866.6492077908,25338.000399529068,0.000693440119848943,528811.8361235082
high,high,improved_pue,single,transition,Q13,287.0908595559913,62.60673094925533,0.0,108031.2981825606,34102.27585468014,0.0009409449387822578,714853.5802594596
high,high,improved_pue,single,transition,Q14,360.2023283795371,84.03034865182647,0.0,141578.3248457062,43885.74868712465,0.0012212075822775287,924122.7797606144
high,high,improved_pue,single,transition,Q15,447.65073388070124,110.7647492545582,0.0,180013.31440279502,54768.966314313926,0.0015373881568602182,1158620.6610191627
high,high,improved_pue,single,transition,Q16,551.1966736144157,143.74755357536827,0.0,224119.23369052887,66881.97131698306,0.0018945539066646555,1421656.712232476
high,high,improved_pue,single,transition,Q17,835.4755615946244,184.20124797379077,0.0,282576.4335556851,82720.46025279214,0.0023632183855186104,1765071.3472507135
high,high,improved_pue,single,transition,Q18,998.9577346444503,230.38866346250265,0.0,357248.56450709037,101900.88176394705,0.0029480938787997783,2189333.152628376
high,high,improved_pue,single,transition,Q19,1187.5616209447176,282.79049790144114,0.0,442445.3599368074,123047.85803665468,0.003604330670332356,2661579.1935403254
high,high,improved_pue,single,transition,Q20,1416.7144732538284,347.7806796745633,0.0,540080.5126185633,146461.6946791804,0.004343949777628607,3189472.0193385174
high,high,improved_pue,single,transition,Q21,1660.9129942529753,427.1077036153282,0.0,651130.4284438767,172096.6927240895,0.005170430743953357,3774143.4900537524
high,high,improved_pue,single,transition,Q22,1983.2487925354721,521.103934972171,0.0,777969.320800326,200362.0346877349,0.006098778075429403,4425181.170968938
high,high,improved_pue,single,transition,Q23,2308.4194864838455,634.9497837544177,0.0,922248.7353350016,231179.78551160728,0.007135194903608663,5144868.66153265
high,high,improved_pue,single,transition,Q24,2718.5694277269486,771.9410316097219,0.0,1085445.1818171088,264707.87031444255,0.008287142940286828,5937099.559710902
high,high,improved_pue,two,steady,Q01,0.0,0.0,0.0,0.0,0.0,0.0,0.0
high,high,improved_pue,two,steady,Q02,0.0,0.0,0.0,0.0,0.0,0.0,0.0
high,high,improved_pue,two,steady,Q03,0.0,0.0,0.0,0.0,0.0,0.0,0.0
high,high,improved_pue,two,steady,Q04,0.0,0.0,0.0,0.0,0.0,0.0,0.0
high,high,improved_pue,two,steady,Q05,0.0,0.0,0.0,0.0,0.0,0.0,0.0
high,high,improved_pue,two,steady,Q06,0.0,0.0,0.0,0.0,0.0,0.0,0.0
high,high,improved_pue,two,steady,Q07,0.0,0.0,0.0,0.0,0.0,0.0,0.0
high,high,improved_pue,two,steady,Q08,0.0,0.0,0.0,0.0,0.0,0.0,0.0
high,high,improved_pue,two,steady,Q09,76.87158179643322,8.74483978125843,0.0,6894.554719134194,2994.995262878921,7.138286724195382e-05,57528.17150532598
high,high,improved_pue,two,steady,Q10,122.75553211038607,18.78963856547201,0.0,16225.8936006985,6872.716265534662,0.00016622344654877868,133630.73705814063
high,high,improved_pue,two,steady,Q11,166.01322207223137,30.12921021909737,0.0,26979.62725311974,11312.487475128914,0.0002752286073466508,221043.3837637681
high,high,improved_pue,two,steady,Q12,229.72837643730077,44.50490520578584,0.0,39433.32460389544,16495.893649774418,0.00040189267091016027,322692.2349133259
high,high,improved_pue,two,steady,Q13,299.3253322081691,62.60673094925532,0.0,54015.64909128037,22551.1906813486,0.0005500753518432877,441574.50317860744
high,high,improved_pue,two,steady,Q14,376.2204869992487,84.03034865182646,0.0,70789.16242285317,29507.349191627887,0.0007204386940682867,578230.1416076915
high,high,improved_pue,two,steady,Q15,468.04419570213224,110.76474925455818,0.0,90006.65720139761,37489.86902960636,0.0009157693691238585,734925.319101654
high,high,improved_pue,two,steady,Q16,576.6532519704673,143.74755357536824,0.0,112059.61684526457,46661.61715919875,0.0011400519793153903,914854.6389730457
high,high,improved_pue,two,steady,Q17,868.4730118368777,184.20124797379074,0.0,141288.21677784275,59258.85668262807,0.0014416993768531408,1157741.4339376518
high,high,improved_pue,two,steady,Q18,1040.6366927269885,230.38866346250262,0.0,178624.2822535454,74744.414477196,0.0018209177532692012,1461941.2737861415
high,high,improved_pue,two,steady,Q19,1239.2473402901387,282.79049790144114,0.0,221222.67996840397,92418.90688165808,0.0022536460773612656,1809079.7886901968
high,high,improved_pue,two,steady,Q20,1480.0088587284997,347.7806796745633,0.0,270040.25630928203,112716.96460965424,0.0027500195390497938,2207330.6713336706
high,high,improved_pue,two,steady,Q21,1737.4092001674785,427.1077036153282,0.0,325565.21422193875,135758.64406698942,0.0033141810337786416,2659847.297557649
high,high,improved_pue,two,steady,Q22,2075.182170340246,521.103934972171,0.0,388984.6604001635,162210.23862231526,0.003959918628136425,3178041.0278238063
high,high,improved_pue,two,steady,Q23,2417.826463664689,634.9497837544177,0.0,461124.36766750144,192179.43879581045,0.004693302717341271,3766291.85862811
high,high,improved_pue,two,steady,Q24,2848.1072252451754,771.9410316097219,0.0,542722.5909085552,226212.3138128649,0.005524248241317054,4433013.50176287
high,high,improved_pue,two,transition,Q01,0.0,0.0,0.0,0.0,0.0,0.0,0.0
high,high,improved_pue,two,transition,Q02,0.0,0.0,0.0,0.0,0.0,0.0,0.0
high,high,improved_pue,two,transition,Q03,0.0,0.0,0.0,0.0,0.0,0.0,0.0
high,high,improved_pue,two,transition,Q04,0.0,0.0,0.0,0.0,0.0,0.0,0.0
high,high,improved_pue,two,transition,Q05,0.0,0.0,0.0,0.0,0.0,0.0,0.0
high,high,improved_pue,two,transition,Q06,0.0,0.0,0.0,0.0,0.0,0.0,0.0
high,high,improved_pue,two,transition,Q07,0.0,0.0,0.0,0.0,0.0,0.0,0.0
high,high,improved_pue,two,transition,Q08,0.0,0.0,0.0,0.0,0.0,0.0,0.0
high,high,improved_pue,two,transition,Q09,76.87158179643322,8.74483978125843,0.0,6894.554719134194,2515.374065026108,6.418854927416161e-05,49854.232339680966
high,high,improved_pue,two,transition,Q10,122.75553211038607,18.78963856547201,0.0,16225.8936006985,5662.816372602903,0.00014807494815480228,114272.33877123248
high,high,improved_pue,two,transition,Q11,166.01322207223137,30.12921021909737,0.0,26979.62725311974,9167.48030807357,0.0002430534998408206,186723.26909088256
high,high,improved_pue,two,transition,Q12,229.72837643730077,44.50490520578584,0.0,39433.32460389544,13159.663257862267,0.0003518492150314779,269312.5486427315
high,high,improved_pue,two,transition,Q13,299.3253322081691,62.60673094925532,0.0,54015.64909128037,17693.326429883236,0.0004772073880713072,363848.67515516165
high,high,improved_pue,two,transition,Q14,376.2204869992487,84.03034865182646,0.0,70789.16242285317,22753.34865050647,0.0006191286859514654,470166.13294974883
high,high,improved_pue,two,transition,Q15,468.04419570213224,110.76474925455818,0.0,90006.65720139761,28396.347385009965,0.0007793665444549126,589428.9727881117
high,high,improved_pue,two,transition,Q16,576.6532519704673,143.74755357536824,0.0,112059.61684526457,34691.62251757624,0.0009605020596910525,723334.7247070854
high,high,improved_pue,two,transition,Q17,868.4730118368777,184.20124797379074,0.0,141288.21677784275,43222.27422429903,0.001201150639978205,901156.114604387
high,high,improved_pue,two,transition,Q18,1040.6366927269885,230.38866346250262,0.0,178624.2822535454,53188.58755724134,0.0014975803494698813,1117048.043066867
high,high,improved_pue,two,transition,Q19,1239.2473402901387,282.79049790144114,0.0,221222.67996840397,64195.50466720383,0.0018302950441444518,1357505.3532589285
high,high,improved_pue,two,transition,Q20,1480.0088587284997,347.7806796745633,0.0,270040.25630928203,76428.04978235926,0.0022056858166403692,1626708.0340969507
high,high,improved_pue,two,transition,Q21,1737.4092001674785,427.1077036153282,0.0,325565.21422193875,89813.21482010197,0.00262499959507533,1924720.4296074498
high,high,improved_pue,two,transition,Q22,2075.182170340246,521.103934972171,0.0,388984.6604001635,104683.86702983893,0.00309702305424928,2257619.082344185
high,high,improved_pue,two,transition,Q23,2417.826463664689,634.9497837544177,0.0,461124.36766750144,120852.42755219122,0.0036233975486869826,2625059.6787302024
high,high,improved_pue,two,transition,Q24,2848.1072252451754,771.9410316097219,0.0,542722.5909085552,138565.6579210349,0.004209548402939603,3030667.00749359
high,high,advanced_coolant,single,steady,Q01,0.0,0.0,0.0,0.0,0.0,0.0,0.0
high,high,advanced_coolant,single,steady,Q02,0.0,0.0,0.0,0.0,0.0,0.0,0.0
high,high,advanced_coolant,single,steady,Q03,0.0,0.0,0.0,0.0,0.0,0.0,0.0
high,high,advanced_coolant,single,steady,Q04,0.0,0.0,0.0,0.0,0.0,0.0,0.0
high,high,advanced_coolant,single,steady,Q05,0.0,0.0,0.0,0.0,0.0,0.0,0.0
high,high,advanced_coolant,single,steady,Q06,0.0,0.0,0.0,0.0,0.0,0.0,0.0
high,high,advanced_coolant,single,steady,Q07,0.0,0.0,0.0,0.0,0.0,0.0,0.0
high,high,advanced_coolant,single,steady,Q08,0.0,0.0,0.0,0.0,0.0,0.0,0.0
high,high,advanced_coolant,single,steady,Q09,66.04470899496579,8.568740826427614,0.0,15102.357956198684,6177.316970882619,0.00015243016115015044,122182.60153362092
high,high,advanced_coolant,single,steady,Q10,103.92978118033298,18.298595530183807,0.0,35788.69957316053,14532.488689389967,0.00036014857731051376,288479.68518654176
high,high,advanced_coolant,single,steady,Q11,138.69687861103296,29.152293932904428,0.0,59919.0287444472,24259.581401967396,0.0006022557479560217,482271.92899746273
high,high,advanced_coolant,single,steady,Q12,189.51186704327637,42.61918430529434,0.0,88208.90914620925,35683.896984722895,0.0008863055206460109,709674.606432066
high,high,advanced_coolant,single,steady,Q13,243.84486805405444,59.25503858727673,0.0,121748.25546719451,49216.61944227955,0.001222952002418899,979159.2162915736
high,high,advanced_coolant,single,steady,Q14,302.6468142860089,78.52425634287272,0.0,160815.67892300963,64970.827325947306,0.0016149949680792453,1292970.9889515117
high,high,advanced_coolant,single,steady,Q15,371.6474450860241,102.23217733899673,0.0,206149.25634931953,83254.11351856936,0.0020699478341683055,1657138.1605829718
high,high,advanced_coolant,single,steady,Q16,451.7706108915717,131.07001294814458,0.0,258847.23783596256,104507.97136264225,0.0025988184907069383,2080468.6649702727
high,high,advanced_coolant,single,steady,Q17,667.0774697901567,165.97683724717072,0.0,329611.21662009903,133261.63000624353,0.003311113483969265,2651061.1665428313
high,high,advanced_coolant,single,steady,Q18,788.5715722725794,205.22520573380248,0.0,421209.0305871561,170163.36798227453,0.004229913989374351,3386469.8021713695
high,high,advanced_coolant,single,steady,Q19,925.8883686377309,248.99815875760578,0.0,527129.3708511287,212828.02415710577,0.005292301457471617,4236797.724975572
high,high,advanced_coolant,single,steady,Q20,1089.238404978986,302.0245040306163,0.0,650176.4125870403,262400.05409678945,0.006526569139010288,5224706.191316055
high,high,advanced_coolant,single,steady,Q21,1259.655770574078,365.4155296876295,0.0,792073.5272527186,319531.4302070794,0.007949582543235542,6363608.411081668
high,high,advanced_coolant,single,steady,Q22,1479.6222326665331,438.9147098309412,0.0,956428.1483343149,385749.9611539745,0.009598263075094787,7683212.204877004
high,high,advanced_coolant,single,steady,Q23,1696.6782244299002,526.3536718523393,0.0,1146052.5217227458,462077.54197388433,0.011499722318434578,9204985.506629825
high,high,advanced_coolant,single,steady,Q24,1964.1335552667872,629.840192406626,0.0,1363647.7836988887,549702.3006862924,0.013682058910018287,10951614.141658477
high,high,advanced_coolant,single,transition,Q01,0.0,0.0,0.0,0.0,0.0,0.0,0.0
high,high,advanced_coolant,single,transition,Q02,0.0,0.0,0.0,0.0,0.0,0.0,0.0
high,high,advanced_coolant,single,transition,Q03,0.0,0.0,0.0,0.0,0.0,0.0,0.0
high,high,advanced_coolant,single,transition,Q04,0.0,0.0,0.0,0.0,0.0,0.0,0.0
high,high,advanced_coolant,single,transition,Q05,0.0,0.0,0.0,0.0,0.0,0.0,0.0
high,high,advanced_coolant,single,transition,Q06,0.0,0.0,0.0,0.0,0.0,0.0,0.0
high,high,advanced_coolant,single,transition,Q07,0.0,0.0,0.0,0.0,0.0,0.0,0.0
high,high,advanced_coolant,single,transition,Q08,0.0,0.0,0.0,0.0,0.0,0.0,0.0
high,high,advanced_coolant,single,transition,Q09,66.04470899496579,8.568740826427614,0.0,15102.357956198684,5126.7181565383635,0.00013667117893498659,105373.02050411282
high,high,advanced_coolant,single,transition,Q10,103.92978118033298,18.298595530183807,0.0,35788.69957316053,11862.958791979134,0.0003201056288493512,245767.20682796842
high,high,advanced_coolant,single,transition,Q11,138.69687861103296,29.152293932904428,0.0,59919.0287444472,19491.7620114012,0.0005307384570975287,405986.8187484036
high,high,advanced_coolant,single,transition,Q12,189.51186704327637,42.61918430529434,0.0,88208.90914620925,28210.089033988155,0.0007741984013849897,590093.6792203101
high,high,advanced_coolant,single,transition,Q13,243.84486805405444,59.25503858727673,0.0,121748.25546719451,38243.05361457243,0.0010583485150032922,803582.1630482597
high,high,advanced_coolant,single,transition,Q14,302.6468142860089,78.52425634287272,0.0,160815.67892300963,49580.944064104566,0.001384146719151604,1046732.8567620278
high,high,advanced_coolant,single,transition,Q15,371.6474450860241,102.23217733899673,0.0,206149.25634931953,62345.35996134976,0.0017563165308100118,1322598.103667458
high,high,advanced_coolant,single,transition,Q16,451.7706108915717,131.07001294814458,0.0,258847.23783596256,76725.56804629529,0.0021820824409617343,1635950.2119087214
high,high,advanced_coolant,single,transition,Q17,667.0774697901567,165.97683724717072,0.0,329611.21662009903,95633.80355471236,0.002746696087196298,2049015.9433183328
high,high,advanced_coolant,single,transition,Q18,788.5715722725794,205.22520573380248,0.0,421209.0305871561,118994.99511822188,0.003462388396413561,2567775.836346527
high,high,advanced_coolant,single,transition,Q19,925.8883686377309,248.99815875760578,0.0,527129.3708511287,145080.8154256487,0.004276093326499762,3152842.385272259
high,high,advanced_coolant,single,transition,Q20,1089.238404978986,302.0245040306163,0.0,650176.4125870403,174323.33412200783,0.005205418339388566,3815478.671719549
high,high,advanced_coolant,single,transition,Q21,1259.655770574078,365.4155296876295,0.0,792073.5272527186,206776.95116000593,0.006258265357529442,4559536.746328492
high,high,advanced_coolant,single,transition,Q22,1479.6222326665331,438.9147098309412,0.0,956428.1483343149,242982.89912678342,0.0074567571446869235,5398939.212441946
high,high,advanced_coolant,single,transition,Q23,1696.6782244299002,526.3536718523393,0.0,1146052.5217227458,283034.51286368904,0.008814076881781652,6340297.040866701
high,high,advanced_coolant,single,transition,Q24,1964.1335552667872,629.840192406626,0.0,1363647.7836988887,327140.21918086853,0.010343627687436933,7390620.837571695
high,high,advanced_coolant,two,steady,Q01,0.0,0.0,0.0,0.0,0.0,0.0,0.0
high,high,advanced_coolant,two,steady,Q02,0.0,0.0,0.0,0.0,0.0,0.0,0.0
high,high,advanced_coolant,two,steady,Q03,0.0,0.0,0.0,0.0,0.0,0.0,0.0
high,high,advanced_coolant,two,steady,Q04,0.0,0.0,0.0,0.0,0.0,0.0,0.0
high,high,advanced_coolant,two,steady,Q05,0.0,0.0,0.0,0.0,0.0,0.0,0.0
high,high,advanced_coolant,two,steady,Q06,0.0,0.0,0.0,0.0,0.0,0.0,0.0
high,high,advanced_coolant,two,steady,Q07,0.0,0.0,0.0,0.0,0.0,0.0,0.0
high,high,advanced_coolant,two,steady,Q08,0.0,0.0,0.0,0.0,0.0,0.0,0.0
high,high,advanced_coolant,two,steady,Q09,67.6185195262136,8.568740826427613,0.0,7551.17897809935,3229.753705438202,7.766887647917634e-05,62502.252966779415
high,high,advanced_coolant,two,steady,Q10,107.35357343835332,18.298595530183803,0.0,17894.349786580282,7493.524581594811,0.00018243858400190618,146512.64496226923
high,high,advanced_coolant,two,steady,Q11,144.2000570530446,29.152293932904424,0.0,29959.51437222363,12438.270140498265,0.0003043584298428212,244220.75889387715
high,high,advanced_coolant,two,steady,Q12,197.46085801703515,42.61918430529434,0.0,44104.45457310467,18266.128791521944,0.00044760765923613713,359079.1062076381
high,high,advanced_coolant,two,steady,Q13,254.60603465093268,59.25503858727672,0.0,60874.12773359732,25157.910476332185,0.0006172682839543104,495075.6156977111
high,high,advanced_coolant,two,steady,Q14,316.601873423547,78.52425634287272,0.0,80407.8394615049,33171.83459712976,0.0008147543146628986,653349.7038173171
high,high,advanced_coolant,two,steady,Q15,389.2340121025166,102.23217733899673,0.0,103074.62817465988,42474.22743917575,0.0010439567847697593,837040.787090397
high,high,advanced_coolant,two,steady,Q16,473.4840503199078,131.07001294814458,0.0,129423.61891798142,53288.2022278634,0.0013104067608836337,1050576.4979505597
high,high,advanced_coolant,two,steady,Q17,694.7471819006748,165.97683724717072,0.0,164805.60831004972,68130.96749765729,0.001671388151116225,1340532.1082167719
high,high,advanced_coolant,two,steady,Q18,822.9906364022868,205.22520573380248,0.0,210604.51529357833,86864.69693093853,0.002133813250113859,1711065.0304836987
high,high,advanced_coolant,two,steady,Q19,967.9590621994049,248.99815875760575,0.0,263564.68542556465,108516.49997589228,0.0026684205985029927,2139423.7414611815
high,high,advanced_coolant,two,steady,Q20,1140.0279555309437,302.0245040306163,0.0,325088.2062935205,133681.88476202398,0.0032896132691615926,2637171.672794322
high,high,advanced_coolant,two,steady,Q21,1320.186482425922,365.4155296876295,0.0,396036.7636263597,162649.32654508736,0.004005454463681689,3210640.3199563124
high,high,advanced_coolant,two,steady,Q22,1551.3151661148877,438.9147098309412,0.0,478214.07416715793,196268.76119758104,0.00483526391730249,3875543.9086444424
high,high,advanced_coolant,two,steady,Q23,1780.7654063576103,526.3536718523393,0.0,573026.2608613735,234947.56581751147,0.005791580875882248,4641580.701620609
high,high,advanced_coolant,two,steady,Q24,2062.190882143035,629.840192406626,0.0,681823.8918494451,279388.5095305121,0.00688955224784484,5521180.662702901
high,high,advanced_coolant,two,transition,Q01,0.0,0.0,0.0,0.0,0.0,0.0,0.0
high,high,advanced_coolant,two,transition,Q02,0.0,0.0,0.0,0.0,0.0,0.0,0.0
high,high,advanced_coolant,two,transition,Q03,0.0,0.0,0.0,0.0,0.0,0.0,0.0
high,high,advanced_coolant,two,transition,Q04,0.0,0.0,0.0,0.0,0.0,0.0,0.0
high,high,advanced_coolant,two,transition,Q05,0.0,0.0,0.0,0.0,0.0,0.0,0.0
high,high,advanced_coolant,two,transition,Q06,0.0,0.0,0.0,0.0,0.0,0.0,0.0
high,high,advanced_coolant,two,transition,Q07,0.0,0.0,0.0,0.0,0.0,0.0,0.0
high,high,advanced_coolant,two,transition,Q08,0.0,0.0,0.0,0.0,0.0,0.0,0.0
high,high,advanced_coolant,two,transition,Q09,67.6185195262136,8.568740826427613,0.0,7551.17897809935,2704.4542982660732,6.978938537159441e-05,54097.46245202536
high,high,advanced_coolant,two,transition,Q10,107.35357343835332,18.298595530183803,0.0,17894.349786580282,6158.759632889392,0.00016241710977132488,125156.40578298252
high,high,advanced_coolant,two,transition,Q11,144.2000570530446,29.152293932904424,0.0,29959.51437222363,10054.360445215163,0.0002685997844135747,206078.2037693475
high,high,advanced_coolant,two,transition,Q12,197.46085801703515,42.61918430529434,0.0,44104.45457310467,14529.224816154569,0.0003915540996056265,299288.6426017601
high,high,advanced_coolant,two,transition,Q13,254.60603465093268,59.25503858727672,0.0,60874.12773359732,19671.12756247862,0.0005349665402465068,407287.08907605405
high,high,advanced_coolant,two,transition,Q14,316.601873423547,78.52425634287272,0.0,80407.8394615049,25476.892966208383,0.0006993301901990778,530230.6377225751
high,high,advanced_coolant,two,transition,Q15,389.2340121025166,102.23217733899673,0.0,103074.62817465988,32019.850660565942,0.000887141133090612,669770.75863264
high,high,advanced_coolant,two,transition,Q16,473.4840503199078,131.07001294814458,0.0,129423.61891798142,39397.00056968992,0.0011020387360110313,828317.2714197838
high,high,advanced_coolant,two,transition,Q17,694.7471819006748,165.97683724717072,0.0,164805.60831004972,49317.05427189169,0.0013891794527297408,1039509.4966045221
high,high,advanced_coolant,two,transition,Q18,822.9906364022868,205.22520573380248,0.0,210604.51529357833,61280.51049891219,0.0017500504536334632,1301718.047571277
high,high,advanced_coolant,two,transition,Q19,967.9590621994049,248.99815875760575,0.0,263564.68542556465,74642.89561016372,0.0021603165330170643,1597446.0716095245
high,high,advanced_coolant,two,transition,Q20,1140.0279555309437,302.0245040306163,0.0,325088.2062935205,89643.52477463316,0.00262903786935073,1932557.9129960686
high,high,advanced_coolant,two,transition,Q21,1320.186482425922,365.4155296876295,0.0,396036.7636263597,106272.08702155059,0.0031597958708286375,2308604.487579724
high,high,advanced_coolant,two,transition,Q22,1551.3151661148877,438.9147098309412,0.0,478214.07416715793,124885.23018398546,0.0037645109520985567,2733407.4124269127
high,high,advanced_coolant,two,transition,Q23,1780.7654063576103,526.3536718523393,0.0,573026.2608613735,145426.0512624138,0.004448758157555783,3209236.4687390453
high,high,advanced_coolant,two,transition,Q24,2062.190882143035,629.840192406626,0.0,681823.8918494451,168107.4687778001,0.005220336636554161,3740684.0106595084
high,high,coolant_recovery,single,steady,Q01,0.0,0.0,0.0,0.0,0.0,0.0,0.0
high,high,coolant_recovery,single,steady,Q02,0.0,0.0,0.0,0.0,0.0,0.0,0.0
high,high,coolant_recovery,single,steady,Q03,0.0,0.0,0.0,0.0,0.0,0.0,0.0
high,high,coolant_recovery,single,steady,Q04,0.0,0.0,0.0,0.0,0.0,0.0,0.0
high,high,coolant_recovery,single,steady,Q05,0.0,0.0,0.0,0.0,0.0,0.0,0.0
high,high,coolant_recovery,single,steady,Q06,0.0,0.0,0.0,0.0,0.0,0.0,0.0
high,high,coolant_recovery,single,steady,Q07,0.0,0.0,0.0,0.0,0.0,0.0,0.0
high,high,coolant_recovery,single,steady,Q08,0.0,0.0,0.0,0.0,0.0,0.0,0.0
high,high,coolant_recovery,single,steady,Q09,69.9372767999601,3.541660111409665,5.203179669848766,15102.357956198684,6183.812843704475,0.00015248834863833456,122253.68164968636
high,high,coolant_recovery,single,steady,Q10,107.78057368217681,7.609803619016167,11.179834946455848,35788.69957316053,14537.476427837239,0.0003601844689764181,288542.7153180103
high,high,coolant_recovery,single,steady,Q11,141.94132239669997,12.202330138734439,17.926880080362935,59919.0287444472,24261.81339707232,0.0006022565894295601,482315.33939566533
high,high,coolant_recovery,single,steady,Q12,194.29410521962953,18.024486608343274,26.480418597442572,88208.90914620925,35687.39479895594,0.0008863109856007887,709740.7380080404
high,high,coolant_recovery,single,steady,Q13,249.83985464118444,25.355726034448416,37.25100491480691,121748.25546719451,49220.424701510296,0.0012229520325834358,979241.0935955455
high,high,coolant_recovery,single,steady,Q14,310.2042709317004,34.03229120398973,49.99805744783674,160815.67892300963,64975.46050548051,0.0016149953037810517,1293076.1419909
high,high,coolant_recovery,single,steady,Q15,381.7457080742392,44.85972344809608,65.90502580646212,206149.25634931953,83261.13088249599,0.002069963751511552,1657285.869546716
high,high,coolant_recovery,single,steady,Q16,465.66687923707167,58.217759198024154,85.5297943773441,258847.23783596256,104519.46242995874,0.002598871009973861,2080684.1989309404
high,high,coolant_recovery,single,steady,Q17,725.875819050219,74.60150542938527,109.59974254440549,329611.21662009903,133359.3272135711,0.003312020402004197,2652167.079489689
high,high,coolant_recovery,single,steady,Q18,861.8764798842612,93.30740870231358,137.08125476018904,421209.0305871561,170286.27331186688,0.0042310672698783885,3387860.1275317175
high,high,coolant_recovery,single,steady,Q19,1019.30127469336,114.53015165008368,168.26034625135745,527129.3708511287,212987.20663536945,0.00529381480226431,4238587.50310674
high,high,coolant_recovery,single,steady,Q20,1209.7849688474632,140.85117526819818,206.92950440636514,650176.4125870403,262609.2498552996,0.006528585569378895,5227041.595376929
high,high,coolant_recovery,single,steady,Q21,1406.783910601855,172.97861996420795,254.12908365112023,792073.5272527186,319789.26311077934,0.007952095613901517,6366485.715511198
high,high,coolant_recovery,single,steady,Q22,1673.1919512270306,211.0470936637293,310.0568413084417,956428.1483343149,386096.12133390794,0.009601679657076728,7687038.5794308195
high,high,coolant_recovery,single,steady,Q23,1930.624365149967,257.15466242053924,377.79512133387846,1146052.5217227458,462499.7277203341,0.0115039315753978,9209651.828942953
high,high,coolant_recovery,single,steady,Q24,2259.2645139191636,312.6361178019375,459.30491380778443,1363647.7836988887,550242.0323107201,0.013687491282055922,10957551.816624884
high,high,coolant_recovery,single,transition,Q01,0.0,0.0,0.0,0.0,0.0,0.0,0.0
high,high,coolant_recovery,single,transition,Q02,0.0,0.0,0.0,0.0,0.0,0.0,0.0
high,high,coolant_recovery,single,transition,Q03,0.0,0.0,0.0,0.0,0.0,0.0,0.0
high,high,coolant_recovery,single,transition,Q04,0.0,0.0,0.0,0.0,0.0,0.0,0.0
high,high,coolant_recovery,single,transition,Q05,0.0,0.0,0.0,0.0,0.0,0.0,0.0
high,high,coolant_recovery,single,transition,Q06,0.0,0.0,0.0,0.0,0.0,0.0,0.0
high,high,coolant_recovery,single,transition,Q07,0.0,0.0,0.0,0.0,0.0,0.0,0.0
high,high,coolant_recovery,single,transition,Q08,0.0,0.0,0.0,0.0,0.0,0.0,0.0
high,high,coolant_recovery,single,transition,Q09,69.9372767999601,3.541660111409665,5.203179669848766,15102.357956198684,5133.21402936022,0.0001367293664231707,105444.10062017826
high,high,coolant_recovery,single,transition,Q10,107.78057368217681,7.609803619016167,11.179834946455848,35788.69957316053,11867.946530426405,0.0003201415205152556,245830.23695943697
high,high,coolant_recovery,single,transition,Q11,141.94132239669997,12.202330138734439,17.926880080362935,59919.0287444472,19493.994006506124,0.0005307392985710672,406030.2291466062
high,high,coolant_recovery,single,transition,Q12,194.29410521962953,18.024486608343274,26.480418597442572,88208.90914620925,28213.5868482212,0.0007742038663397676,590159.8107962846
high,high,coolant_recovery,single,transition,Q13,249.83985464118444,25.355726034448416,37.25100491480691,121748.25546719451,38246.85887380318,0.001058348545167829,803664.0403522316
high,high,coolant_recovery,single,transition,Q14,310.2042709317004,34.03229120398973,49.99805744783674,160815.67892300963,49585.577243637774,0.0013841470548534105,1046838.009801416
high,high,coolant_recovery,single,transition,Q15,381.7457080742392,44.85972344809608,65.90502580646212,206149.25634931953,62352.377325276386,0.001756332448153258,1322745.8126312024
high,high,coolant_recovery,single,transition,Q16,465.66687923707167,58.217759198024154,85.5297943773441,258847.23783596256,76737.05911361179,0.0021821349602286566,1636165.745869389
high,high,coolant_recovery,single,transition,Q17,725.875819050219,74.60150542938527,109.59974254440549,329611.21662009903,95731.50076203993,0.0027476030052312294,2050121.85626519
high,high,coolant_recovery,single,transition,Q18,861.8764798842612,93.30740870231358,137.08125476018904,421209.0305871561,119117.90044781425,0.0034635416769175985,2569166.1617068746
high,high,coolant_recovery,single,transition,Q19,1019.30127469336,114.53015165008368,168.26034625135745,527129.3708511287,145239.99790391242,0.004277606671292454,3154632.163403427
high,high,coolant_recovery,single,transition,Q20,1209.7849688474632,140.85117526819818,206.92950440636514,650176.4125870403,174532.52988051804,0.005207434769757171,3817814.0757804234
high,high,coolant_recovery,single,transition,Q21,1406.783910601855,172.97861996420795,254.12908365112023,792073.5272527186,207034.78406370594,0.006260778428195415,4562414.050758023
high,high,coolant_recovery,single,transition,Q22,1673.1919512270306,211.0470936637293,310.0568413084417,956428.1483343149,243329.05930671695,0.007460173726668862,5402765.586995763
high,high,coolant_recovery,single,transition,Q23,1930.624365149967,257.15466242053924,377.79512133387846,1146052.5217227458,283456.6986101389,0.008818286138744873,6344963.363179829
high,high,coolant_recovery,single,transition,Q24,2259.2645139191636,312.6361178019375,459.30491380778443,1363647.7836988887,327679.9508052963,0.010349060059474564,7396558.5125381015
high,high,coolant_recovery,two,steady,Q01,0.0,0.0,0.0,0.0,0.0,0.0,0.0
high,high,coolant_recovery,two,steady,Q02,0.0,0.0,0.0,0.0,0.0,0.0,0.0
high,high,coolant_recovery,two,steady,Q03,0.0,0.0,0.0,0.0,0.0,0.0,0.0
high,high,coolant_recovery,two,steady,Q04,0.0,0.0,0.0,0.0,0.0,0.0,0.0
high,high,coolant_recovery,two,steady,Q05,0.0,0.0,0.0,0.0,0.0,0.0,0.0
high,high,coolant_recovery,two,steady,Q06,0.0,0.0,0.0,0.0,0.0,0.0,0.0
high,high,coolant_recovery,two,steady,Q07,0.0,0.0,0.0,0.0,0.0,0.0,0.0
high,high,coolant_recovery,two,steady,Q08,0.0,0.0,0.0,0.0,0.0,0.0,0.0
high,high,coolant_recovery,two,steady,Q09,71.66840212658445,3.541660111409665,5.2031796698487645,7551.17897809935,3239.9694590571153,7.77608771553138e-05,62613.59258473887
high,high,coolant_recovery,two,steady,Q10,111.57569716393022,7.609803619016166,11.179834946455845,17894.349786580282,7502.120182936915,0.0001825035614374747,146618.330096184
high,high,coolant_recovery,two,steady,Q11,148.0863419918684,12.202330138734437,17.926880080362935,29959.51437222363,12443.543656615118,0.00030437894728772364,244305.12972577574
high,high,coolant_recovery,two,steady,Q12,203.24795783985817,18.024486608343267,26.480418597442572,44104.45457310467,18274.390097810916,0.00044764600251769797,359208.44942099386
high,high,coolant_recovery,two,steady,Q13,262.07432729336216,25.355726034448406,37.25100491480691,60874.12773359732,25168.038283344198,0.0006173125283827745,495242.6308353279
high,high,coolant_recovery,two,steady,Q14,326.222429551412,34.032291203989715,49.99805744783674,80407.8394615049,33184.97366487607,0.0008148167112000734,653569.3263608647
high,high,coolant_recovery,two,steady,Q15,402.13916989567014,44.85972344809606,65.90502580646212,103074.62817465988,42493.174169480495,0.001044064867628777,837346.5573801616
high,high,coolant_recovery,two,steady,Q16,491.12345759312325,58.21775919802414,85.5297943773441,129423.61891798142,53316.66824562129,0.0013105978339518491,1051012.0930593926
high,high,coolant_recovery,two,steady,Q17,758.8732692924723,74.60150542938526,109.59974254440549,164805.60831004972,68293.49652304384,0.0016729083603125746,1342350.8097810098
high,high,coolant_recovery,two,steady,Q18,903.5554379667994,93.30740870231357,137.08125476018904,210604.51529357833,87070.83460718559,0.0021357609676885,1713368.3153428049
high,high,coolant_recovery,two,steady,Q19,1070.9869940387812,114.53015165008367,168.26034625135745,263564.68542556465,108784.11877063908,0.002670979066465544,2142396.859431446
high,high,coolant_recovery,two,steady,Q20,1273.0793543221343,140.85117526819815,206.92950440636514,325088.2062935205,134033.19290455742,0.003293013059762184,2641049.9239333146
high,high,coolant_recovery,two,steady,Q21,1483.280116516358,172.97861996420792,254.12908365112023,396036.7636263597,163083.97238282533,0.004009703034502532,3215435.2414224884
high,high,coolant_recovery,two,steady,Q22,1765.125329031804,211.04709366372924,310.0568413084417,478214.07416715793,196848.72280055055,0.004840996003606094,3881890.6838058583
high,high,coolant_recovery,two,steady,Q23,2040.03134233081,257.1546624205392,377.79512133387846,573026.2608613735,235656.80382294566,0.005798654355184679,4649339.778947893
high,high,coolant_recovery,two,steady,Q24,2388.80231143739,312.6361178019374,459.30491380778443,681823.8918494451,280292.5483790797,0.006898645220020553,5531031.589271767
high,high,coolant_recovery,two,transition,Q01,0.0,0.0,0.0,0.0,0.0,0.0,0.0
high,high,coolant_recovery,two,transition,Q02,0.0,0.0,0.0,0.0,0.0,0.0,0.0
high,high,coolant_recovery,two,transition,Q03,0.0,0.0,0.0,0.0,0.0,0.0,0.0
high,high,coolant_recovery,two,transition,Q04,0.0,0.0,0.0,0.0,0.0,0.0,0.0
high,high,coolant_recovery,two,transition,Q05,0.0,0.0,0.0,0.0,0.0,0.0,0.0
high,high,coolant_recovery,two,transition,Q06,0.0,0.0,0.0,0.0,0.0,0.0,0.0
high,high,coolant_recovery,two,transition,Q07,0.0,0.0,0.0,0.0,0.0,0.0,0.0
high,high,coolant_recovery,two,transition,Q08,0.0,0.0,0.0,0.0,0.0,0.0,0.0
high,high,coolant_recovery,two,transition,Q09,71.66840212658445,3.541660111409665,5.2031796698487645,7551.17897809935,2714.6700518849866,6.988138604773187e-05,54208.80206998481
high,high,coolant_recovery,two,transition,Q10,111.57569716393022,7.609803619016166,11.179834946455845,17894.349786580282,6167.355234231496,0.00016248208720689343,125262.09091689732
high,high,coolant_recovery,two,transition,Q11,148.0863419918684,12.202330138734437,17.926880080362935,29959.51437222363,10059.633961332018,0.00026862030185847714,206162.57460124613
high,high,coolant_recovery,two,transition,Q12,203.24795783985817,18.024486608343267,26.480418597442572,44104.45457310467,14537.48612244354,0.00039159244288718733,299417.9858151159
high,high,coolant_recovery,two,transition,Q13,262.07432729336216,25.355726034448406,37.25100491480691,60874.12773359732,19681.25536949063,0.0005350107846749709,407454.10421367094
high,high,coolant_recovery,two,transition,Q14,326.222429551412,34.032291203989715,49.99805744783674,80407.8394615049,25490.032033954696,0.0006993925867362526,530450.2602661228
high,high,coolant_recovery,two,transition,Q15,402.13916989567014,44.85972344809606,65.90502580646212,103074.62817465988,32038.79739087068,0.0008872492159496296,670076.5289224047
high,high,coolant_recovery,two,transition,Q16,491.12345759312325,58.21775919802414,85.5297943773441,129423.61891798142,39425.466587447794,0.0011022298090792467,828752.8665286168
high,high,coolant_recovery,two,transition,Q17,758.8732692924723,74.60150542938526,109.59974254440549,164805.60831004972,49479.58329727824,0.0013906996619260906,1041328.19816876
high,high,coolant_recovery,two,transition,Q18,903.5554379667994,93.30740870231357,137.08125476018904,210604.51529357833,61486.64817515924,0.0017519981712081048,1304021.332430383
high,high,coolant_recovery,two,transition,Q19,1070.9869940387812,114.53015165008367,168.26034625135745,263564.68542556465,74910.51440491051,0.0021628750009796156,1600419.1895797886
high,high,coolant_recovery,two,transition,Q20,1273.0793543221343,140.85117526819815,206.92950440636514,325088.2062935205,89994.83291716658,0.002632437659951321,1936436.1641350607
high,high,coolant_recovery,two,transition,Q21,1483.280116516358,172.97861996420792,254.12908365112023,396036.7636263597,106706.73285928855,0.0031640444416494795,2313399.4090458993
high,high,coolant_recovery,two,transition,Q22,1765.125329031804,211.04709366372924,310.0568413084417,478214.07416715793,125465.19178695495,0.0037702430384021594,2739754.187588328
high,high,coolant_recovery,two,transition,Q23,2040.03134233081,257.1546624205392,377.79512133387846,573026.2608613735,146135.28926784795,0.004455831636858212,3216995.546066329
high,high,coolant_recovery,two,transition,Q24,2388.80231143739,312.6361178019374,459.30491380778443,681823.8918494451,169011.50762636767,0.005229429608729872,3750534.937228374
high,high,combined_strategy,single,steady,Q01,0.0,0.0,0.0,0.0,0.0,0.0,0.0
high,high,combined_strategy,single,steady,Q02,0.0,0.0,0.0,0.0,0.0,0.0,0.0
high,high,combined_strategy,single,steady,Q03,0.0,0.0,0.0,0.0,0.0,0.0,0.0
high,high,combined_strategy,single,steady,Q04,0.0,0.0,0.0,0.0,0.0,0.0,0.0
high,high,combined_strategy,single,steady,Q05,0.0,0.0,0.0,0.0,0.0,0.0,0.0
high,high,combined_strategy,single,steady,Q06,0.0,0.0,0.0,0.0,0.0,0.0,0.0
high,high,combined_strategy,single,steady,Q07,0.0,0.0,0.0,0.0,0.0,0.0,0.0
high,high,combined_strategy,single,steady,Q08,0.0,0.0,0.0,0.0,0.0,0.0,0.0
high,high,combined_strategy,single,steady,Q09,60.94630820324136,3.4703400347031836,5.098400791724431,13789.109438268371,5640.471185446883,0.00013917471453998807,111567.1477261208
high,high,combined_strategy,single,steady,Q10,93.04211683987361,7.410931189724442,10.887664340459365,32451.787201396983,13173.06638320763,0.0003265168687470202,261550.62165453535
high,high,combined_strategy,single,steady,Q11,121.3512637209548,11.806679042826294,17.345614890078135,53959.254506239435,21836.388990609707,0.0005422396701560069,434221.3145368078
high,high,combined_strategy,single,steady,Q12,164.15345238162624,17.26076964364421,25.358414661650134,78866.6492077908,31889.563658504143,0.0007922713359670456,634392.0668452183
high,high,combined_strategy,single,steady,Q13,208.5881200946248,23.998290627847076,35.25674795942965,108031.2981825606,43649.99036392964,0.0010849321197688325,868666.5748965497
high,high,combined_strategy,single,steady,Q14,255.92488176199964,31.802323818863456,46.72193252400927,141578.3248457062,57170.07425960392,0.0014214946042276908,1138069.0089583038
high,high,combined_strategy,single,steady,Q15,310.81929956932106,41.40403182229368,60.82814551670305,180013.31440279502,72661.97888099526,0.0018071213829582461,1446744.6089452698
high,high,combined_strategy,single,steady,Q16,373.7839531874257,53.08335524399856,77.98665770414601,224119.23369052887,90440.15286202115,0.002249657594566796,1800970.2123913905
high,high,combined_strategy,single,steady,Q17,568.3212516280901,67.22061908510415,98.75621816206657,282576.4335556851,114224.06299228738,0.002838383885710629,2272662.547931687
high,high,combined_strategy,single,steady,Q18,666.4625748609668,83.11620832219002,122.10899741161248,357248.56450709037,144302.6405855219,0.0035873643468714135,2872164.3215275942
high,high,combined_strategy,single,steady,Q19,777.7344641769554,100.84425429683034,148.15390446077544,442445.3599368074,178618.89477245137,0.004441888224750234,3556144.6861828733
high,high,combined_strategy,single,steady,Q20,909.5338250807691,122.31992413239962,179.7045798982167,540080.5126185633,217954.71609021735,0.00542127608769268,4340080.628529248
high,high,combined_strategy,single,steady,Q21,1042.2335304099383,147.99328952348998,217.42224016413957,651130.4284438767,262661.7932572886,0.006534907842296108,5231395.437219174
high,high,combined_strategy,single,steady,Q22,1218.467980317123,177.76045748153123,261.15425234941006,777969.320800326,313774.9925688817,0.007807376373668826,6249934.449187003
high,high,combined_strategy,single,steady,Q23,1383.4977896777582,213.17323710019744,313.1804347521419,922248.7353350016,371846.7658459656,0.009254131279366057,7407831.04736996
high,high,combined_strategy,single,steady,Q24,1589.3786407848447,255.08527792468357,374.7549144819425,1085445.1818171088,437572.55027431244,0.010890994684439454,8717947.118146244
high,high,combined_strategy,single,transition,Q01,0.0,0.0,0.0,0.0,0.0,0.0,0.0
high,high,combined_strategy,single,transition,Q02,0.0,0.0,0.0,0.0,0.0,0.0,0.0
high,high,combined_strategy,single,transition,Q03,0.0,0.0,0.0,0.0,0.0,0.0,0.0
high,high,combined_strategy,single,transition,Q04,0.0,0.0,0.0,0.0,0.0,0.0,0.0
high,high,combined_strategy,single,transition,Q05,0.0,0.0,0.0,0.0,0.0,0.0,0.0
high,high,combined_strategy,single,transition,Q06,0.0,0.0,0.0,0.0,0.0,0.0,0.0
high,high,combined_strategy,single,transition,Q07,0.0,0.0,0.0,0.0,0.0,0.0,0.0
high,high,combined_strategy,single,transition,Q08,0.0,0.0,0.0,0.0,0.0,0.0,0.0
high,high,combined_strategy,single,transition,Q09,60.94630820324136,3.4703400347031836,5.098400791724431,13789.109438268371,4681.228789741258,0.0001247860786044037,96219.2693948308
high,high,combined_strategy,single,transition,Q10,93.04211683987361,7.410931189724442,10.887664340459365,32451.787201396983,10753.266597344114,0.00029021987195906743,222833.82508071908
high,high,combined_strategy,single,transition,Q11,121.3512637209548,11.806679042826294,17.345614890078135,53959.254506239435,17546.37465649902,0.0004778894551443466,365581.08519103687
high,high,combined_strategy,single,transition,Q12,164.15345238162624,17.26076964364421,25.358414661650134,78866.6492077908,25217.102874679847,0.000692184424209681,527632.6943040297
high,high,combined_strategy,single,transition,Q13,208.5881200946248,23.998290627847076,35.25674795942965,108031.2981825606,33934.26186099893,0.0009391961922248717,713214.9188496585
high,high,combined_strategy,single,transition,Q14,255.92488176199964,31.802323818863456,46.72193252400927,141578.3248457062,43662.073177361104,0.0012188745879940482,921940.9916424188
high,high,combined_strategy,single,transition,Q15,310.81929956932106,41.40403182229368,60.82814551670305,180013.31440279502,54474.9355918025,0.0015343157336203542,1155751.9163181856
high,high,combined_strategy,single,transition,Q16,373.7839531874257,53.08335524399856,77.98665770414601,224119.23369052887,66500.16357877615,0.0018905577553181203,1417930.3838594705
high,high,combined_strategy,single,transition,Q17,568.3212516280901,67.22061908510415,98.75621816206657,282576.4335556851,82150.89807562935,0.0023572864119607577,1759491.9092651585
high,high,combined_strategy,single,transition,Q18,666.4625748609668,83.11620832219002,122.10899741161248,357248.56450709037,101190.98674561267,0.002940689539272774,2182377.860089046
high,high,combined_strategy,single,transition,Q19,777.7344641769554,100.84425429683034,148.15390446077544,442445.3599368074,122172.09034354294,0.003595186158316606,2652995.815320338
high,high,combined_strategy,single,transition,Q20,909.5338250807691,122.31992413239962,179.7045798982167,540080.5126185633,145376.8864356275,0.004332608642873831,3178835.35405581
high,high,combined_strategy,single,transition,Q21,1042.2335304099383,147.99328952348998,217.42224016413957,651130.4284438767,170770.9347635138,0.005156544964889485,3761141.7013187762
high,high,combined_strategy,single,transition,Q22,1218.467980317123,177.76045748153123,261.15425234941006,777969.320800326,198722.24938392927,0.006081585225894538,4409090.558227763
high,high,combined_strategy,single,transition,Q23,1383.4977896777582,213.17323710019744,313.1804347521419,922248.7353350016,229192.74335872737,0.007114320942057483,5125366.687574146
high,high,combined_strategy,single,transition,Q24,1589.3786407848447,255.08527792468357,374.7549144819425,1085445.1818171088,262279.2384906528,0.00826159500768456,5913254.129607689
high,high,combined_strategy,two,steady,Q01,0.0,0.0,0.0,0.0,0.0,0.0,0.0
high,high,combined_strategy,two,steady,Q02,0.0,0.0,0.0,0.0,0.0,0.0,0.0
high,high,combined_strategy,two,steady,Q03,0.0,0.0,0.0,0.0,0.0,0.0,0.0
high,high,combined_strategy,two,steady,Q04,0.0,0.0,0.0,0.0,0.0,0.0,0.0
high,high,combined_strategy,two,steady,Q05,0.0,0.0,0.0,0.0,0.0,0.0,0.0
high,high,combined_strategy,two,steady,Q06,0.0,0.0,0.0,0.0,0.0,0.0,0.0
high,high,combined_strategy,two,steady,Q07,0.0,0.0,0.0,0.0,0.0,0.0,0.0
high,high,combined_strategy,two,steady,Q08,0.0,0.0,0.0,0.0,0.0,0.0,0.0
high,high,combined_strategy,two,steady,Q09,62.520118734489174,3.4703400347031836,5.098400791724429,6894.554719134194,2949.784434456722,7.091819174323591e-05,57085.06039897175
high,high,combined_strategy,two,steady,Q10,96.46590909789396,7.410931189724442,10.887664340459363,16225.8936006985,6789.156071026713,0.00016536014487430117,132814.34863836784
high,high,combined_strategy,two,steady,Q11,126.85444216296645,11.806679042826294,17.34561489007813,26979.62725311974,11187.391218744824,0.0002739320555248766,219823.03110855678
high,high,combined_strategy,two,steady,Q12,172.10244335538502,17.26076964364421,25.35841466165013,39433.32460389544,16311.532777561177,0.00039997898160187346,320893.3763347141
high,high,combined_strategy,two,steady,Q13,219.34928669150304,23.998290627847076,35.256747959429646,54015.64909128037,22294.74977266087,0.0005474080328255497,439072.31188224687
high,high,combined_strategy,two,steady,Q14,269.8799408995377,31.802323818863456,46.72193252400926,70789.16242285317,29165.646628536033,0.0007168773096586008,574895.5664459331
high,high,combined_strategy,two,steady,Q15,328.40586658581356,41.40403182229368,60.828145516703046,90006.65720139761,37040.402261424395,0.0009110765274199145,730537.9952060403
high,high,combined_strategy,two,steady,Q16,395.4973926157618,53.08335524399856,77.98665770414601,112059.61684526457,46077.67613510523,0.0011339454581277561,909152.852245706
high,high,combined_strategy,two,steady,Q17,595.9909637386082,67.22061908510415,98.75621816206656,141288.21677784275,58388.53020248866,0.00143264158437241,1149212.4448153672
high,high,combined_strategy,two,steady,Q18,700.8816389906743,83.11620832219002,122.10899741161246,178624.2822535454,73657.79226783593,0.0018095934471601095,1451290.5381585613
high,high,combined_strategy,two,steady,Q19,819.8051577386295,100.84425429683034,148.1539044607754,221222.67996840397,91076.41026463921,0.0022396408585641284,1795916.2705867034
high,high,combined_strategy,two,steady,Q20,960.3233756327271,122.31992413239962,179.70457989821668,270040.25630928203,111052.23773955675,0.002732632691869949,2191000.5283619277
high,high,combined_strategy,two,steady,Q21,1102.7642422617823,147.99328952348998,217.42224016413954,325565.21422193875,133722.1106439379,0.003292873400360953,2639865.6496333056
high,high,combined_strategy,two,steady,Q22,1290.1609137654777,177.76045748153123,261.15425234941,388984.6604001635,159689.8393335375,0.0039335221405034345,3153297.895381351
high,high,combined_strategy,two,steady,Q23,1467.5849716054686,213.17323710019744,313.1804347521418,461124.36766750144,189122.91618073115,0.004661232181156906,3736279.303832762
high,high,combined_strategy,two,steady,Q24,1687.4359676610925,255.08527792468357,374.7549144819424,542722.5909085552,222474.9246652543,0.00548498192829439,4396300.9424887905
high,high,combined_strategy,two,transition,Q01,0.0,0.0,0.0,0.0,0.0,0.0,0.0
high,high,combined_strategy,two,transition,Q02,0.0,0.0,0.0,0.0,0.0,0.0,0.0
high,high,combined_strategy,two,transition,Q03,0.0,0.0,0.0,0.0,0.0,0.0,0.0
high,high,combined_strategy,two,transition,Q04,0.0,0.0,0.0,0.0,0.0,0.0,0.0
high,high,combined_strategy,two,transition,Q05,0.0,0.0,0.0,0.0,0.0,0.0,0.0
high,high,combined_strategy,two,transition,Q06,0.0,0.0,0.0,0.0,0.0,0.0,0.0
high,high,combined_strategy,two,transition,Q07,0.0,0.0,0.0,0.0,0.0,0.0,0.0
high,high,combined_strategy,two,transition,Q08,0.0,0.0,0.0,0.0,0.0,0.0,0.0
high,high,combined_strategy,two,transition,Q09,62.520118734489174,3.4703400347031836,5.098400791724429,6894.554719134194,2470.1632366039094,6.372387377544371e-05,49411.12123332673
high,high,combined_strategy,two,transition,Q10,96.46590909789396,7.410931189724442,10.887664340459363,16225.8936006985,5579.256178094955,0.0001472116464803248,113455.9503514597
high,high,combined_strategy,two,transition,Q11,126.85444216296645,11.806679042826294,17.34561489007813,26979.62725311974,9042.384051689482,0.00024175694801904638,185502.91643567127
high,high,combined_strategy,two,transition,Q12,172.10244335538502,17.26076964364421,25.35841466165013,39433.32460389544,12975.302385649025,0.00034993552572319117,267513.6900641197
high,high,combined_strategy,two,transition,Q13,219.34928669150304,23.998290627847076,35.256747959429646,54015.64909128037,17436.88552119551,0.0004745400690535693,361346.4838588011
high,high,combined_strategy,two,transition,Q14,269.8799408995377,31.802323818863456,46.72193252400926,70789.16242285317,22411.646087414614,0.0006155673015417796,466831.5577879904
high,high,combined_strategy,two,transition,Q15,328.40586658581356,41.40403182229368,60.828145516703046,90006.65720139761,27946.880616828,0.0007746737027509687,585041.648892498
high,high,combined_strategy,two,transition,Q16,395.4973926157618,53.08335524399856,77.98665770414601,112059.61684526457,34107.6814934827,0.0009543955385034184,717632.9379797457
high,high,combined_strategy,two,transition,Q17,595.9909637386082,67.22061908510415,98.75621816206656,141288.21677784275,42351.94774415961,0.0011920928474974742,892627.1254821024
high,high,combined_strategy,two,transition,Q18,700.8816389906743,83.11620832219002,122.10899741161246,178624.2822535454,52101.96534788127,0.0014862560433607896,1106397.3074392867
high,high,combined_strategy,two,transition,Q19,819.8051577386295,100.84425429683034,148.1539044607754,221222.67996840397,62853.008050184944,0.0018162898253473146,1344341.8351554351
high,high,combined_strategy,two,transition,Q20,960.3233756327271,122.31992413239962,179.70457989821668,270040.25630928203,74763.32291226175,0.002188298969460524,1610377.8911252078
high,high,combined_strategy,two,transition,Q21,1102.7642422617823,147.99328952348998,217.42224016413954,325565.21422193875,87776.68139705042,0.002603691961657641,1904738.7816831062
high,high,combined_strategy,two,transition,Q22,1290.1609137654777,177.76045748153123,261.15425234941,388984.6604001635,102163.46774106115,0.0030706265666162894,2232875.94990173
high,high,combined_strategy,two,transition,Q23,1467.5849716054686,213.17323710019744,313.1804347521418,461124.36766750144,117795.90493711187,0.003591327012502617,2595047.123934854
high,high,combined_strategy,two,transition,Q24,1687.4359676610925,255.08527792468357,374.7549144819424,542722.5909085552,134828.26877342426,0.004170282089916939,2993954.4482195103
