growth,cooling,strategy,phase,background,period,training_it_kwh,inference_it_kwh,total_it_kwh,liquid_it_kwh,cooling_kwh,pue
low,low,baseline,single,steady,Q01,17409.600000000002,2302.56,19712.160000000003,1971.2160000000001,394.24319999999994,1.2
low,low,baseline,single,steady,Q02,34990.12857599999,4639.305715200001,39629.43429119999,4178.3294044926715,835.6658808985342,1.2
low,low,baseline,single,steady,Q03,38860.61216678485,4673.4914304,43534.10359718485,5083.317383546633,1016.6634767093265,1.2
low,low,baseline,single,steady,Q04,42262.27540200453,4640.416864868572,46902.692266873106,5961.694196185532,1192.3388392371062,1.2
low,low,baseline,single,steady,Q05,44865.93257570447,4470.891855634286,49336.824431338755,6825.686398299951,1365.1372796599899,1.2
low,low,baseline,single,steady,Q06,50398.88517457193,4161.978336137144,54560.863510709074,8136.734737375429,1627.3469474750855,1.2
low,low,baseline,single,steady,Q07,54930.156746071254,3710.746102217143,58640.902848288395,9378.522583253412,1875.704516650682,1.2
low,low,baseline,single,steady,Q08,58331.0490990713,5978.785228110061,64309.834327181365,10995.074041065725,2199.0148082131445,1.2
low,low,baseline,single,steady,Q09,77849.26516698969,8139.073531541367,85988.33869853105,15704.26299326313,3140.852598652625,1.2
low,low,baseline,single,steady,Q10,101425.17192287606,7424.085593159753,108849.25751603581,20967.677085484924,4193.535417096984,1.2
low,low,baseline,single,steady,Q11,112347.76736103206,6756.132499802451,119103.89986083451,24235.913889180985,4847.182777836196,1.2
low,low,baseline,single,steady,Q12,123206.73597042676,6052.24520488913,129258.98117531589,27703.513052814928,5540.702610562984,1.2
low,low,baseline,single,steady,Q13,138165.93552100228,8604.564988035809,146770.50050903807,33089.85513368171,6617.971026736341,1.2
low,low,baseline,single,steady,Q14,152652.05204813168,11236.903740024469,163888.95578815613,38678.80767105455,7735.761534210908,1.2
low,low,baseline,single,steady,Q15,166252.672783982,10540.0034306761,176792.6762146581,43665.03480119563,8733.006960239125,1.2
low,low,baseline,single,steady,Q16,182796.8968420861,13124.029954644977,195920.92679673107,50526.73738451989,10105.347476903975,1.2
low,low,baseline,single,steady,Q17,234233.9826721173,15548.364346615883,249782.34701873318,67292.64714625156,13458.52942925031,1.2
low,low,baseline,single,steady,Q18,295219.4053403221,18119.673900125195,313339.0792404473,87637.0917005304,17527.418340106076,1.2
low,low,baseline,single,steady,Q19,329426.10356501973,20600.305961642825,350026.40952666255,101668.2946560593,20333.658931211856,1.2
low,low,baseline,single,steady,Q20,362314.90628944844,23020.47760161673,385335.38389106514,116117.68440566827,23223.53688113365,1.2
low,low,baseline,single,steady,Q21,398215.08652405965,25220.726127803842,423435.8126518635,132192.28068522635,26438.456137045265,1.2
low,low,baseline,single,steady,Q22,443318.6585714404,27335.031114536145,470653.68968597654,152086.15292911188,30417.23058582237,1.2
low,low,baseline,single,steady,Q23,497317.78313041513,33342.91897230021,530660.7021027154,177245.94370840033,35449.18874168006,1.2
low,low,baseline,single,steady,Q24,552858.1156778606,39101.091639881146,591959.2073177417,204120.80964592853,40824.1619291857,1.2
low,low,baseline,single,transition,Q01,17409.600000000002,2302.56,19712.160000000003,1971.2160000000001,394.24319999999994,1.2
low,low,baseline,single,transition,Q02,34990.12857599999,4639.305715200001,39629.43429119999,4178.3294044926715,835.6658808985342,1.2
low,low,baseline,single,transition,Q03,38860.61216678485,4673.4914304,43534.10359718485,5083.317383546633,1016.6634767093265,1.2
low,low,baseline,single,transition,Q04,42262.27540200453,4640.416864868572,46902.692266873106,5961.694196185532,1192.3388392371062,1.2
low,low,baseline,single,transition,Q05,44865.93257570447,4470.891855634286,49336.824431338755,6825.686398299951,1365.1372796599899,1.2
low,low,baseline,single,transition,Q06,50398.88517457193,4161.978336137144,54560.863510709074,8136.734737375429,1627.3469474750855,1.2
low,low,baseline,single,transition,Q07,54930.156746071254,3710.746102217143,58640.902848288395,9378.522583253412,1875.704516650682,1.2
low,low,baseline,single,transition,Q08,58331.0490990713,5978.785228110061,64309.834327181365,10995.074041065725,2199.0148082131445,1.2
low,low,baseline,single,transition,Q09,77849.26516698969,8139.073531541367,85988.33869853105,15704.26299326313,3140.852598652625,1.2
low,low,baseline,single,transition,Q10,101425.17192287606,7424.085593159753,108849.25751603581,20967.677085484924,4193.535417096984,1.2
low,low,baseline,single,transition,Q11,112347.76736103206,6756.132499802451,119103.89986083451,24235.913889180985,4847.182777836196,1.2
low,low,baseline,single,transition,Q12,123206.73597042676,6052.24520488913,129258.98117531589,27703.513052814928,5540.702610562984,1.2
low,low,baseline,single,transition,Q13,138165.93552100228,8604.564988035809,146770.50050903807,33089.85513368171,6617.971026736341,1.2
low,low,baseline,single,transition,Q14,152652.05204813168,11236.903740024469,163888.95578815613,38678.80767105455,7735.761534210908,1.2
low,low,baseline,single,transition,Q15,166252.672783982,10540.0034306761,176792.6762146581,43665.03480119563,8733.006960239125,1.2
low,low,baseline,single,transition,Q16,182796.8968420861,13124.029954644977,195920.92679673107,50526.73738451989,10105.347476903975,1.2
low,low,baseline,single,transition,Q17,234233.9826721173,15548.364346615883,249782.34701873318,67292.64714625156,13458.52942925031,1.2
low,low,baseline,single,transition,Q18,295219.4053403221,18119.673900125195,313339.0792404473,87637.0917005304,17527.418340106076,1.2
low,low,baseline,single,transition,Q19,329426.10356501973,20600.305961642825,350026.40952666255,101668.2946560593,20333.658931211856,1.2
low,low,baseline,single,transition,Q20,362314.90628944844,23020.47760161673,385335.38389106514,116117.68440566827,23223.53688113365,1.2
low,low,baseline,single,transition,Q21,398215.08652405965,25220.726127803842,423435.8126518635,132192.28068522635,26438.456137045265,1.2
low,low,baseline,single,transition,Q22,443318.6585714404,27335.031114536145,470653.68968597654,152086.15292911188,30417.23058582237,1.2
low,low,baseline,single,transition,Q23,497317.78313041513,33342.91897230021,530660.7021027154,177245.94370840033,35449.18874168006,1.2
low,low,baseline,single,transition,Q24,552858.1156778606,39101.091639881146,591959.2073177417,204120.80964592853,40824.1619291857,1.2
low,low,baseline,two,steady,Q01,17409.600000000002,2302.56,19712.160000000003,1971.2160000000001,197.1216000000002,1.1
low,low,baseline,two,steady,Q02,34990.12857599999,4639.305715200001,39629.43429119999,4178.3294044926715,417.83294044926754,1.1
low,low,baseline,two,steady,Q03,38860.61216678485,4673.4914304,43534.10359718485,5083.317383546633,508.3317383546638,1.1
low,low,baseline,two,steady,Q04,42262.27540200453,4640.416864868572,46902.692266873106,5961.694196185532,596.1694196185537,1.1
low,low,baseline,two,steady,Q05,44865.93257570447,4470.891855634286,49336.824431338755,6825.686398299951,682.5686398299957,1.1
low,low,baseline,two,steady,Q06,50398.88517457193,4161.978336137144,54560.863510709074,8136.734737375429,813.6734737375436,1.1
low,low,baseline,two,steady,Q07,54930.156746071254,3710.746102217143,58640.902848288395,9378.522583253412,937.8522583253421,1.1
low,low,baseline,two,steady,Q08,58331.0490990713,5978.785228110061,64309.834327181365,10995.074041065725,1099.5074041065734,1.1
low,low,baseline,two,steady,Q09,77849.26516698969,8139.073531541367,85988.33869853105,15704.26299326313,1570.4262993263144,1.1
low,low,baseline,two,steady,Q10,101425.17192287606,7424.085593159753,108849.25751603581,20967.677085484924,2096.7677085484943,1.1
low,low,baseline,two,steady,Q11,112347.76736103206,6756.132499802451,119103.89986083451,24235.913889180985,2423.5913889181006,1.1
low,low,baseline,two,steady,Q12,123206.73597042676,6052.24520488913,129258.98117531589,27703.513052814928,2770.351305281495,1.1
low,low,baseline,two,steady,Q13,138165.93552100228,8604.564988035809,146770.50050903807,33089.85513368171,3308.985513368174,1.1
low,low,baseline,two,steady,Q14,152652.05204813168,11236.903740024469,163888.95578815613,38678.80767105455,3867.8807671054583,1.1
low,low,baseline,two,steady,Q15,166252.672783982,10540.0034306761,176792.6762146581,43665.03480119563,4366.503480119567,1.1
low,low,baseline,two,steady,Q16,182796.8968420861,13124.029954644977,195920.92679673107,50526.73738451989,5052.673738451994,1.1
low,low,baseline,two,steady,Q17,234233.9826721173,15548.364346615883,249782.34701873318,67292.64714625156,6729.264714625162,1.1
low,low,baseline,two,steady,Q18,295219.4053403221,18119.673900125195,313339.0792404473,87637.0917005304,8763.70917005305,1.1
low,low,baseline,two,steady,Q19,329426.10356501973,20600.305961642825,350026.40952666255,101668.2946560593,10166.829465605939,1.1
low,low,baseline,two,steady,Q20,362314.90628944844,23020.47760161673,385335.38389106514,116117.68440566827,11611.768440566837,1.1
low,low,baseline,two,steady,Q21,398215.08652405965,25220.726127803842,423435.8126518635,132192.28068522635,13219.228068522647,1.1
low,low,baseline,two,steady,Q22,443318.6585714404,27335.031114536145,470653.68968597654,152086.15292911188,15208.615292911201,1.1
low,low,baseline,two,steady,Q23,497317.78313041513,33342.91897230021,530660.7021027154,177245.94370840033,17724.59437084005,1.1
low,low,baseline,two,steady,Q24,552858.1156778606,39101.091639881146,591959.2073177417,204120.80964592853,20412.08096459287,1.1
low,low,baseline,two,transition,Q01,17409.600000000002,2302.56,19712.160000000003,1971.2160000000001,197.1216000000002,1.1
low,low,baseline,two,transition,Q02,34990.12857599999,4639.305715200001,39629.43429119999,4178.3294044926715,417.83294044926754,1.1
low,low,baseline,two,transition,Q03,38860.61216678485,4673.4914304,43534.10359718485,5083.317383546633,508.3317383546638,1.1
low,low,baseline,two,transition,Q04,42262.27540200453,4640.416864868572,46902.692266873106,5961.694196185532,596.1694196185537,1.1
low,low,baseline,two,transition,Q05,44865.93257570447,4470.891855634286,49336.824431338755,6825.686398299951,682.5686398299957,1.1
low,low,baseline,two,transition,Q06,50398.88517457193,4161.978336137144,54560.863510709074,8136.734737375429,813.6734737375436,1.1
low,low,baseline,two,transition,Q07,54930.156746071254,3710.746102217143,58640.902848288395,9378.522583253412,937.8522583253421,1.1
low,low,baseline,two,transition,Q08,58331.0490990713,5978.785228110061,64309.834327181365,10995.074041065725,1099.5074041065734,1.1
low,low,baseline,two,transition,Q09,77849.26516698969,8139.073531541367,85988.33869853105,15704.26299326313,1570.4262993263144,1.1
low,low,baseline,two,transition,Q10,101425.17192287606,7424.085593159753,108849.25751603581,20967.677085484924,2096.7677085484943,1.1
low,low,baseline,two,transition,Q11,112347.76736103206,6756.132499802451,119103.89986083451,24235.913889180985,2423.5913889181006,1.1
low,low,baseline,two,transition,Q12,123206.73597042676,6052.24520488913,129258.98117531589,27703.513052814928,2770.351305281495,1.1
low,low,baseline,two,transition,Q13,138165.93552100228,8604.564988035809,146770.50050903807,33089.85513368171,3308.985513368174,1.1
low,low,baseline,two,transition,Q14,152652.05204813168,11236.903740024469,163888.95578815613,38678.80767105455,3867.8807671054583,1.1
low,low,baseline,two,transition,Q15,166252.672783982,10540.0034306761,176792.6762146581,43665.03480119563,4366.503480119567,1.1
low,low,baseline,two,transition,Q16,182796.8968420861,13124.029954644977,195920.92679673107,50526.73738451989,5052.673738451994,1.1
low,low,baseline,two,transition,Q17,234233.9826721173,15548.364346615883,249782.34701873318,67292.64714625156,6729.264714625162,1.1
low,low,baseline,two,transition,Q18,295219.4053403221,18119.673900125195,313339.0792404473,87637.0917005304,8763.70917005305,1.1
low,low,baseline,two,transition,Q19,329426.10356501973,20600.305961642825,350026.40952666255,101668.2946560593,10166.829465605939,1.1
low,low,baseline,two,transition,Q20,362314.90628944844,23020.47760161673,385335.38389106514,116117.68440566827,11611.768440566837,1.1
low,low,baseline,two,transition,Q21,398215.08652405965,25220.726127803842,423435.8126518635,132192.28068522635,13219.228068522647,1.1
low,low,baseline,two,transition,Q22,443318.6585714404,27335.031114536145,470653.68968597654,152086.15292911188,15208.615292911201,1.1
low,low,baseline,two,transition,Q23,497317.78313041513,33342.91897230021,530660.7021027154,177245.94370840033,17724.59437084005,1.1
low,low,baseline,two,transition,Q24,552858.1156778606,39101.091639881146,591959.2073177417,204120.80964592853,20412.08096459287,1.1
low,low,improved_pue,single,steady,Q01,17409.600000000002,2302.56,19712.160000000003,1971.2160000000001,394.24319999999994,1.2
low,low,improved_pue,single,steady,Q02,34990.12857599999,4639.305715200001,39629.43429119999,4178.3294044926715,826.5825561061583,1.1978260869565216
low,low,improved_pue,single,steady,Q03,38860.61216678485,4673.4914304,43534.10359718485,5083.317383546633,994.5620967808629,1.1956521739130435
low,low,improved_pue,single,steady,Q04,42262.27540200453,4640.416864868572,46902.692266873106,5961.694196185532,1153.4582249141565,1.193478260869565
low,low,improved_pue,single,steady,Q05,44865.93257570447,4470.891855634286,49336.824431338755,6825.686398299951,1305.7834848921646,1.191304347826087
low,low,improved_pue,single,steady,Q06,50398.88517457193,4161.978336137144,54560.863510709074,8136.734737375429,1538.9041785905695,1.1891304347826086
low,low,improved_pue,single,steady,Q07,54930.156746071254,3710.746102217143,58640.902848288395,9378.522583253412,1753.3759612169426,1.1869565217391305
low,low,improved_pue,single,steady,Q08,58331.0490990713,5978.785228110061,64309.834327181365,10995.074041065725,2031.6984641099702,1.184782608695652
low,low,improved_pue,single,steady,Q09,77849.26516698969,8139.073531541367,85988.33869853105,15704.26299326313,2867.7349813784854,1.182608695652174
low,low,improved_pue,single,steady,Q10,101425.17192287606,7424.085593159753,108849.25751603581,20967.677085484924,3783.2982567288004,1.1804347826086956
low,low,improved_pue,single,steady,Q11,112347.76736103206,6756.132499802451,119103.89986083451,24235.913889180985,4320.315084593129,1.1782608695652173
low,low,improved_pue,single,steady,Q12,123206.73597042676,6052.24520488913,129258.98117531589,27703.513052814928,4878.2272984304545,1.1760869565217391
low,low,improved_pue,single,steady,Q13,138165.93552100228,8604.564988035809,146770.50050903807,33089.85513368171,5754.757414553337,1.1739130434782608
low,low,improved_pue,single,steady,Q14,152652.05204813168,11236.903740024469,163888.95578815613,38678.80767105455,6642.6647956811075,1.1717391304347826
low,low,improved_pue,single,steady,Q15,166252.672783982,10540.0034306761,176792.6762146581,43665.03480119563,7404.071118463603,1.1695652173913043
low,low,improved_pue,single,steady,Q16,182796.8968420861,13124.029954644977,195920.92679673107,50526.73738451989,8457.736475234853,1.1673913043478261
low,low,improved_pue,single,steady,Q17,234233.9826721173,15548.364346615883,249782.34701873318,67292.64714625156,11117.915615467646,1.1652173913043478
low,low,improved_pue,single,steady,Q18,295219.4053403221,18119.673900125195,313339.0792404473,87637.0917005304,14288.656255521268,1.1630434782608696
low,low,improved_pue,single,steady,Q19,329426.10356501973,20600.305961642825,350026.40952666255,101668.2946560593,16355.334357713882,1.1608695652173913
low,low,improved_pue,single,steady,Q20,362314.90628944844,23020.47760161673,385335.38389106514,116117.68440566827,18427.371655682124,1.158695652173913
low,low,improved_pue,single,steady,Q21,398215.08652405965,25220.726127803842,423435.8126518635,132192.28068522635,20690.965672470207,1.1565217391304348
low,low,improved_pue,single,steady,Q22,443318.6585714404,27335.031114536145,470653.68968597654,152086.15292911188,23474.167082536816,1.1543478260869564
low,low,improved_pue,single,steady,Q23,497317.78313041513,33342.91897230021,530660.7021027154,177245.94370840033,26972.208825191356,1.1521739130434783
low,low,improved_pue,single,steady,Q24,552858.1156778606,39101.091639881146,591959.2073177417,204120.80964592853,30618.12144688926,1.15
low,low,improved_pue,single,transition,Q01,17409.600000000002,2302.56,19712.160000000003,1971.2160000000001,394.24319999999994,1.2
low,low,improved_pue,single,transition,Q02,34990.12857599999,4639.305715200001,39629.43429119999,4178.3294044926715,826.5825561061583,1.1978260869565216
low,low,improved_pue,single,transition,Q03,38860.61216678485,4673.4914304,43534.10359718485,5083.317383546633,994.5620967808629,1.1956521739130435
low,low,improved_pue,single,transition,Q04,42262.27540200453,4640.416864868572,46902.692266873106,5961.694196185532,1153.4582249141565,1.193478260869565
low,low,improved_pue,single,transition,Q05,44865.93257570447,4470.891855634286,49336.824431338755,6825.686398299951,1305.7834848921646,1.191304347826087
low,low,improved_pue,single,transition,Q06,50398.88517457193,4161.978336137144,54560.863510709074,8136.734737375429,1538.9041785905695,1.1891304347826086
low,low,improved_pue,single,transition,Q07,54930.156746071254,3710.746102217143,58640.902848288395,9378.522583253412,1753.3759612169426,1.1869565217391305
low,low,improved_pue,single,transition,Q08,58331.0490990713,5978.785228110061,64309.834327181365,10995.074041065725,2031.6984641099702,1.184782608695652
low,low,improved_pue,single,transition,Q09,77849.26516698969,8139.073531541367,85988.33869853105,15704.26299326313,2867.7349813784854,1.182608695652174
low,low,improved_pue,single,transition,Q10,101425.17192287606,7424.085593159753,108849.25751603581,20967.677085484924,3783.2982567288004,1.1804347826086956
low,low,improved_pue,single,transition,Q11,112347.76736103206,6756.132499802451,119103.89986083451,24235.913889180985,4320.315084593129,1.1782608695652173
low,low,improved_pue,single,transition,Q12,123206.73597042676,6052.24520488913,129258.98117531589,27703.513052814928,4878.2272984304545,1.1760869565217391
low,low,improved_pue,single,transition,Q13,138165.93552100228,8604.564988035809,146770.50050903807,33089.85513368171,5754.757414553337,1.1739130434782608
low,low,improved_pue,single,transition,Q14,152652.05204813168,11236.903740024469,163888.95578815613,38678.80767105455,6642.6647956811075,1.1717391304347826
low,low,improved_pue,single,transition,Q15,166252.672783982,10540.0034306761,176792.6762146581,43665.03480119563,7404.071118463603,1.1695652173913043
low,low,improved_pue,single,transition,Q16,182796.8968420861,13124.029954644977,195920.92679673107,50526.73738451989,8457.736475234853,1.1673913043478261
low,low,improved_pue,single,transition,Q17,234233.9826721173,15548.364346615883,249782.34701873318,67292.64714625156,11117.915615467646,1.1652173913043478
low,low,improved_pue,single,transition,Q18,295219.4053403221,18119.673900125195,313339.0792404473,87637.0917005304,14288.656255521268,1.1630434782608696
low,low,improved_pue,single,transition,Q19,329426.10356501973,20600.305961642825,350026.40952666255,101668.2946560593,16355.334357713882,1.1608695652173913
low,low,improved_pue,single,transition,Q20,362314.90628944844,23020.47760161673,385335.38389106514,116117.68440566827,18427.371655682124,1.158695652173913
low,low,improved_pue,single,transition,Q21,398215.08652405965,25220.726127803842,423435.8126518635,132192.28068522635,20690.965672470207,1.1565217391304348
low,low,improved_pue,single,transition,Q22,443318.6585714404,27335.031114536145,470653.68968597654,152086.15292911188,23474.167082536816,1.1543478260869564
low,low,improved_pue,single,transition,Q23,497317.78313041513,33342.91897230021,530660.7021027154,177245.94370840033,26972.208825191356,1.1521739130434783
low,low,improved_pue,single,transition,Q24,552858.1156778606,39101.091639881146,591959.2073177417,204120.80964592853,30618.12144688926,1.15
low,low,improved_pue,two,steady,Q01,17409.600000000002,2302.56,19712.160000000003,1971.2160000000001,197.1216000000002,1.1
low,low,improved_pue,two,steady,Q02,34990.12857599999,4639.305715200001,39629.43429119999,4178.3294044926715,413.2912780530801,1.098913043478261
low,low,improved_pue,two,steady,Q03,38860.61216678485,4673.4914304,43534.10359718485,5083.317383546633,497.28104839043147,1.0978260869565217
low,low,improved_pue,two,steady,Q04,42262.27540200453,4640.416864868572,46902.692266873106,5961.694196185532,576.7291124570789,1.0967391304347827
low,low,improved_pue,two,steady,Q05,44865.93257570447,4470.891855634286,49336.824431338755,6825.686398299951,652.8917424460831,1.0956521739130436
low,low,improved_pue,two,steady,Q06,50398.88517457193,4161.978336137144,54560.863510709074,8136.734737375429,769.4520892952866,1.0945652173913045
low,low,improved_pue,two,steady,Q07,54930.156746071254,3710.746102217143,58640.902848288395,9378.522583253412,876.6879806084713,1.0934782608695652
low,low,improved_pue,two,steady,Q08,58331.0490990713,5978.785228110061,64309.834327181365,10995.074041065725,1015.8492320549864,1.0923913043478262
low,low,improved_pue,two,steady,Q09,77849.26516698969,8139.073531541367,85988.33869853105,15704.26299326313,1433.8674906892445,1.091304347826087
low,low,improved_pue,two,steady,Q10,101425.17192287606,7424.085593159753,108849.25751603581,20967.677085484924,1891.6491283644002,1.0902173913043478
low,low,improved_pue,two,steady,Q11,112347.76736103206,6756.132499802451,119103.89986083451,24235.913889180985,2160.157542296567,1.0891304347826087
low,low,improved_pue,two,steady,Q12,123206.73597042676,6052.24520488913,129258.98117531589,27703.513052814928,2439.11364921523,1.0880434782608697
low,low,improved_pue,two,steady,Q13,138165.93552100228,8604.564988035809,146770.50050903807,33089.85513368171,2877.378707276676,1.0869565217391306
low,low,improved_pue,two,steady,Q14,152652.05204813168,11236.903740024469,163888.95578815613,38678.80767105455,3321.3323978405538,1.0858695652173913
low,low,improved_pue,two,steady,Q15,166252.672783982,10540.0034306761,176792.6762146581,43665.03480119563,3702.0355592318065,1.0847826086956522
low,low,improved_pue,two,steady,Q16,182796.8968420861,13124.029954644977,195920.92679673107,50526.73738451989,4228.868237617432,1.0836956521739132
low,low,improved_pue,two,steady,Q17,234233.9826721173,15548.364346615883,249782.34701873318,67292.64714625156,5558.957807733837,1.082608695652174
low,low,improved_pue,two,steady,Q18,295219.4053403221,18119.673900125195,313339.0792404473,87637.0917005304,7144.328127760634,1.0815217391304348
low,low,improved_pue,two,steady,Q19,329426.10356501973,20600.305961642825,350026.40952666255,101668.2946560593,8177.667178856953,1.0804347826086957
low,low,improved_pue,two,steady,Q20,362314.90628944844,23020.47760161673,385335.38389106514,116117.68440566827,9213.685827841087,1.0793478260869567
low,low,improved_pue,two,steady,Q21,398215.08652405965,25220.726127803842,423435.8126518635,132192.28068522635,10345.482836235104,1.0782608695652174
low,low,improved_pue,two,steady,Q22,443318.6585714404,27335.031114536145,470653.68968597654,152086.15292911188,11737.083541268425,1.0771739130434783
low,low,improved_pue,two,steady,Q23,497317.78313041513,33342.91897230021,530660.7021027154,177245.94370840033,13486.104412595698,1.0760869565217392
low,low,improved_pue,two,steady,Q24,552858.1156778606,39101.091639881146,591959.2073177417,204120.80964592853,15309.060723444676,1.0750000000000002
low,low,improved_pue,two,transition,Q01,17409.600000000002,2302.56,19712.160000000003,1971.2160000000001,197.1216000000002,1.1
low,low,improved_pue,two,transition,Q02,34990.12857599999,4639.305715200001,39629.43429119999,4178.3294044926715,413.2912780530801,1.098913043478261
low,low,improved_pue,two,transition,Q03,38860.61216678485,4673.4914304,43534.10359718485,5083.317383546633,497.28104839043147,1.0978260869565217
low,low,improved_pue,two,transition,Q04,42262.27540200453,4640.416864868572,46902.692266873106,5961.694196185532,576.7291124570789,1.0967391304347827
low,low,improved_pue,two,transition,Q05,44865.93257570447,4470.891855634286,49336.824431338755,6825.686398299951,652.8917424460831,1.0956521739130436
low,low,improved_pue,two,transition,Q06,50398.88517457193,4161.978336137144,54560.863510709074,8136.734737375429,769.4520892952866,1.0945652173913045
low,low,improved_pue,two,transition,Q07,54930.156746071254,3710.746102217143,58640.902848288395,9378.522583253412,876.6879806084713,1.0934782608695652
low,low,improved_pue,two,transition,Q08,58331.0490990713,5978.785228110061,64309.834327181365,10995.074041065725,1015.8492320549864,1.0923913043478262
low,low,improved_pue,two,transition,Q09,77849.26516698969,8139.073531541367,85988.33869853105,15704.26299326313,1433.8674906892445,1.091304347826087
low,low,improved_pue,two,transition,Q10,101425.17192287606,7424.085593159753,108849.25751603581,20967.677085484924,1891.6491283644002,1.0902173913043478
low,low,improved_pue,two,transition,Q11,112347.76736103206,6756.132499802451,119103.89986083451,24235.913889180985,2160.157542296567,1.0891304347826087
low,low,improved_pue,two,transition,Q12,123206.73597042676,6052.24520488913,129258.98117531589,27703.513052814928,2439.11364921523,1.0880434782608697
low,low,improved_pue,two,transition,Q13,138165.93552100228,8604.564988035809,146770.50050903807,33089.85513368171,2877.378707276676,1.0869565217391306
low,low,improved_pue,two,transition,Q14,152652.05204813168,11236.903740024469,163888.95578815613,38678.80767105455,3321.3323978405538,1.0858695652173913
low,low,improved_pue,two,transition,Q15,166252.672783982,10540.0034306761,176792.6762146581,43665.03480119563,3702.0355592318065,1.0847826086956522
low,low,improved_pue,two,transition,Q16,182796.8968420861,13124.029954644977,195920.92679673107,50526.73738451989,4228.868237617432,1.0836956521739132
low,low,improved_pue,two,transition,Q17,234233.9826721173,15548.364346615883,249782.34701873318,67292.64714625156,5558.957807733837,1.082608695652174
low,low,improved_pue,two,transition,Q18,295219.4053403221,18119.673900125195,313339.0792404473,87637.0917005304,7144.328127760634,1.0815217391304348
low,low,improved_pue,two,transition,Q19,329426.10356501973,20600.305961642825,350026.40952666255,101668.2946560593,8177.667178856953,1.0804347826086957
low,low,improved_pue,two,transition,Q20,362314.90628944844,23020.47760161673,385335.38389106514,116117.68440566827,9213.685827841087,1.0793478260869567
low,low,improved_pue,two,transition,Q21,398215.08652405965,25220.726127803842,423435.8126518635,132192.28068522635,10345.482836235104,1.0782608695652174
low,low,improved_pue,two,transition,Q22,443318.6585714404,27335.031114536145,470653.68968597654,152086.15292911188,11737.083541268425,1.0771739130434783
low,low,improved_pue,two,transition,Q23,497317.78313041513,33342.91897230021,530660.7021027154,177245.94370840033,13486.104412595698,1.0760869565217392
low,low,improved_pue,two,transition,Q24,552858.1156778606,39101.091639881146,591959.2073177417,204120.80964592853,15309.060723444676,1.0750000000000002
low,low,advanced_coolant,single,steady,Q01,17409.600000000002,2302.56,19712.160000000003,1971.2160000000001,394.24319999999994,1.2
low,low,advanced_coolant,single,steady,Q02,34990.12857599999,4639.305715200001,39629.43429119999,4178.3294044926715,835.6658808985342,1.2
low,low,advanced_coolant,single,steady,Q03,38860.61216678485,4673.4914304,43534.10359718485,5083.317383546633,1016.6634767093265,1.2
low,low,advanced_coolant,single,steady,Q04,42262.27540200453,4640.416864868572,46902.692266873106,5961.694196185532,1192.3388392371062,1.2
low,low,advanced_coolant,single,steady,Q05,44865.93257570447,4470.891855634286,49336.824431338755,6825.686398299951,1365.1372796599899,1.2
low,low,advanced_coolant,single,steady,Q06,50398.88517457193,4161.978336137144,54560.863510709074,8136.734737375429,1627.3469474750855,1.2
low,low,advanced_coolant,single,steady,Q07,54930.156746071254,3710.746102217143,58640.902848288395,9378.522583253412,1875.704516650682,1.2
low,low,advanced_coolant,single,steady,Q08,58331.0490990713,5978.785228110061,64309.834327181365,10995.074041065725,2199.0148082131445,1.2
low,low,advanced_coolant,single,steady,Q09,77849.26516698969,8139.073531541367,85988.33869853105,15704.26299326313,3140.852598652625,1.2
low,low,advanced_coolant,single,steady,Q10,101425.17192287606,7424.085593159753,108849.25751603581,20967.677085484924,4193.535417096984,1.2
low,low,advanced_coolant,single,steady,Q11,112347.76736103206,6756.132499802451,119103.89986083451,24235.913889180985,4847.182777836196,1.2
low,low,advanced_coolant,single,steady,Q12,123206.73597042676,6052.24520488913,129258.98117531589,27703.513052814928,5540.702610562984,1.2
low,low,advanced_coolant,single,steady,Q13,138165.93552100228,8604.564988035809,146770.50050903807,33089.85513368171,6617.971026736341,1.2
low,low,advanced_coolant,single,steady,Q14,152652.05204813168,11236.903740024469,163888.95578815613,38678.80767105455,7735.761534210908,1.2
low,low,advanced_coolant,single,steady,Q15,166252.672783982,10540.0034306761,176792.6762146581,43665.03480119563,8733.006960239125,1.2
low,low,advanced_coolant,single,steady,Q16,182796.8968420861,13124.029954644977,195920.92679673107,50526.73738451989,10105.347476903975,1.2
low,low,advanced_coolant,single,steady,Q17,234233.9826721173,15548.364346615883,249782.34701873318,67292.64714625156,13458.52942925031,1.2
low,low,advanced_coolant,single,steady,Q18,295219.4053403221,18119.673900125195,313339.0792404473,87637.0917005304,17527.418340106076,1.2
low,low,advanced_coolant,single,steady,Q19,329426.10356501973,20600.305961642825,350026.40952666255,101668.2946560593,20333.658931211856,1.2
low,low,advanced_coolant,single,steady,Q20,362314.90628944844,23020.47760161673,385335.38389106514,116117.68440566827,23223.53688113365,1.2
low,low,advanced_coolant,single,steady,Q21,398215.08652405965,25220.726127803842,423435.8126518635,132192.28068522635,26438.456137045265,1.2
low,low,advanced_coolant,single,steady,Q22,443318.6585714404,27335.031114536145,470653.68968597654,152086.15292911188,30417.23058582237,1.2
low,low,advanced_coolant,single,steady,Q23,497317.78313041513,33342.91897230021,530660.7021027154,177245.94370840033,35449.18874168006,1.2
low,low,advanced_coolant,single,steady,Q24,552858.1156778606,39101.091639881146,591959.2073177417,204120.80964592853,40824.1619291857,1.2
low,low,advanced_coolant,single,transition,Q01,17409.600000000002,2302.56,19712.160000000003,1971.2160000000001,394.24319999999994,1.2
low,low,advanced_coolant,single,transition,Q02,34990.12857599999,4639.305715200001,39629.43429119999,4178.3294044926715,835.6658808985342,1.2
low,low,advanced_coolant,single,transition,Q03,38860.61216678485,4673.4914304,43534.10359718485,5083.317383546633,1016.6634767093265,1.2
low,low,advanced_coolant,single,transition,Q04,42262.27540200453,4640.416864868572,46902.692266873106,5961.694196185532,1192.3388392371062,1.2
low,low,advanced_coolant,single,transition,Q05,44865.93257570447,4470.891855634286,49336.824431338755,6825.686398299951,1365.1372796599899,1.2
low,low,advanced_coolant,single,transition,Q06,50398.88517457193,4161.978336137144,54560.863510709074,8136.734737375429,1627.3469474750855,1.2
low,low,advanced_coolant,single,transition,Q07,54930.156746071254,3710.746102217143,58640.902848288395,9378.522583253412,1875.704516650682,1.2
low,low,advanced_coolant,single,transition,Q08,58331.0490990713,5978.785228110061,64309.834327181365,10995.074041065725,2199.0148082131445,1.2
low,low,advanced_coolant,single,transition,Q09,77849.26516698969,8139.073531541367,85988.33869853105,15704.26299326313,3140.852598652625,1.2
low,low,advanced_coolant,single,transition,Q10,101425.17192287606,7424.085593159753,108849.25751603581,20967.677085484924,4193.535417096984,1.2
low,low,advanced_coolant,single,transition,Q11,112347.76736103206,6756.132499802451,119103.89986083451,24235.913889180985,4847.182777836196,1.2
low,low,advanced_coolant,single,transition,Q12,123206.73597042676,6052.24520488913,129258.98117531589,27703.513052814928,5540.702610562984,1.2
low,low,advanced_coolant,single,transition,Q13,138165.93552100228,8604.564988035809,146770.50050903807,33089.85513368171,6617.971026736341,1.2
low,low,advanced_coolant,single,transition,Q14,152652.05204813168,11236.903740024469,163888.95578815613,38678.80767105455,7735.761534210908,1.2
low,low,advanced_coolant,single,transition,Q15,166252.672783982,10540.0034306761,176792.6762146581,43665.03480119563,8733.006960239125,1.2
low,low,advanced_coolant,single,transition,Q16,182796.8968420861,13124.029954644977,195920.92679673107,50526.73738451989,10105.347476903975,1.2
low,low,advanced_coolant,single,transition,Q17,234233.9826721173,15548.364346615883,249782.34701873318,67292.64714625156,13458.52942925031,1.2
low,low,advanced_coolant,single,transition,Q18,295219.4053403221,18119.673900125195,313339.0792404473,87637.0917005304,17527.418340106076,1.2
low,low,advanced_coolant,single,transition,Q19,329426.10356501973,20600.305961642825,350026.40952666255,101668.2946560593,20333.658931211856,1.2
low,low,advanced_coolant,single,transition,Q20,362314.90628944844,23020.47760161673,385335.38389106514,116117.68440566827,23223.53688113365,1.2
low,low,advanced_coolant,single,transition,Q21,398215.08652405965,25220.726127803842,423435.8126518635,132192.28068522635,26438.456137045265,1.2
low,low,advanced_coolant,single,transition,Q22,443318.6585714404,27335.031114536145,470653.68968597654,152086.15292911188,30417.23058582237,1.2
low,low,advanced_coolant,single,transition,Q23,497317.78313041513,33342.91897230021,530660.7021027154,177245.94370840033,35449.18874168006,1.2
low,low,advanced_coolant,single,transition,Q24,552858.1156778606,39101.091639881146,591959.2073177417,204120.80964592853,40824.1619291857,1.2
low,low,advanced_coolant,two,steady,Q01,17409.600000000002,2302.56,19712.160000000003,1971.2160000000001,197.1216000000002,1.1
low,low,advanced_coolant,two,steady,Q02,34990.12857599999,4639.305715200001,39629.43429119999,4178.3294044926715,417.83294044926754,1.1
low,low,advanced_coolant,two,steady,Q03,38860.61216678485,4673.4914304,43534.10359718485,5083.317383546633,508.3317383546638,1.1
low,low,advanced_coolant,two,steady,Q04,42262.27540200453,4640.416864868572,46902.692266873106,5961.694196185532,596.1694196185537,1.1
low,low,advanced_coolant,two,steady,Q05,44865.93257570447,4470.891855634286,49336.824431338755,6825.686398299951,682.5686398299957,1.1
low,low,advanced_coolant,two,steady,Q06,50398.88517457193,4161.978336137144,54560.863510709074,8136.734737375429,813.6734737375436,1.1
low,low,advanced_coolant,two,steady,Q07,54930.156746071254,3710.746102217143,58640.902848288395,9378.522583253412,937.8522583253421,1.1
low,low,advanced_coolant,two,steady,Q08,58331.0490990713,5978.785228110061,64309.834327181365,10995.074041065725,1099.5074041065734,1.1
low,low,advanced_coolant,two,steady,Q09,77849.26516698969,8139.073531541367,85988.33869853105,15704.26299326313,1570.4262993263144,1.1
low,low,advanced_coolant,two,steady,Q10,101425.17192287606,7424.085593159753,108849.25751603581,20967.677085484924,2096.7677085484943,1.1
low,low,advanced_coolant,two,steady,Q11,112347.76736103206,6756.132499802451,119103.89986083451,24235.913889180985,2423.5913889181006,1.1
low,low,advanced_coolant,two,steady,Q12,123206.73597042676,6052.24520488913,129258.98117531589,27703.513052814928,2770.351305281495,1.1
low,low,advanced_coolant,two,steady,Q13,138165.93552100228,8604.564988035809,146770.50050903807,33089.85513368171,3308.985513368174,1.1
low,low,advanced_coolant,two,steady,Q14,152652.05204813168,11236.903740024469,163888.95578815613,38678.80767105455,3867.8807671054583,1.1
low,low,advanced_coolant,two,steady,Q15,166252.672783982,10540.0034306761,176792.6762146581,43665.03480119563,4366.503480119567,1.1
low,low,advanced_coolant,two,steady,Q16,182796.8968420861,13124.029954644977,195920.92679673107,50526.73738451989,5052.673738451994,1.1
low,low,advanced_coolant,two,steady,Q17,234233.9826721173,15548.364346615883,249782.34701873318,67292.64714625156,6729.264714625162,1.1
low,low,advanced_coolant,two,steady,Q18,295219.4053403221,18119.673900125195,313339.0792404473,87637.0917005304,8763.70917005305,1.1
low,low,advanced_coolant,two,steady,Q19,329426.10356501973,20600.305961642825,350026.40952666255,101668.2946560593,10166.829465605939,1.1
low,low,advanced_coolant,two,steady,Q20,362314.90628944844,23020.47760161673,385335.38389106514,116117.68440566827,11611.768440566837,1.1
low,low,advanced_coolant,two,steady,Q21,398215.08652405965,25220.726127803842,423435.8126518635,132192.28068522635,13219.228068522647,1.1
low,low,advanced_coolant,two,steady,Q22,443318.6585714404,27335.031114536145,470653.68968597654,152086.15292911188,15208.615292911201,1.1
low,low,advanced_coolant,two,steady,Q23,497317.78313041513,33342.91897230021,530660.7021027154,177245.94370840033,17724.59437084005,1.1
low,low,advanced_coolant,two,steady,Q24,552858.1156778606,39101.091639881146,591959.2073177417,204120.80964592853,20412.08096459287,1.1
low,low,advanced_coolant,two,transition,Q01,17409.600000000002,2302.56,19712.160000000003,1971.2160000000001,197.1216000000002,1.1
low,low,advanced_coolant,two,transition,Q02,34990.12857599999,4639.305715200001,39629.43429119999,4178.3294044926715,417.83294044926754,1.1
low,low,advanced_coolant,two,transition,Q03,38860.61216678485,4673.4914304,43534.10359718485,5083.317383546633,508.3317383546638,1.1
low,low,advanced_coolant,two,transition,Q04,42262.27540200453,4640.416864868572,46902.692266873106,5961.694196185532,596.1694196185537,1.1
low,low,advanced_coolant,two,transition,Q05,44865.93257570447,4470.891855634286,49336.824431338755,6825.686398299951,682.5686398299957,1.1
low,low,advanced_coolant,two,transition,Q06,50398.88517457193,4161.978336137144,54560.863510709074,8136.734737375429,813.6734737375436,1.1
low,low,advanced_coolant,two,transition,Q07,54930.156746071254,3710.746102217143,58640.902848288395,9378.522583253412,937.8522583253421,1.1
low,low,advanced_coolant,two,transition,Q08,58331.0490990713,5978.785228110061,64309.834327181365,10995.074041065725,1099.5074041065734,1.1
low,low,advanced_coolant,two,transition,Q09,77849.26516698969,8139.073531541367,85988.33869853105,15704.26299326313,1570.4262993263144,1.1
low,low,advanced_coolant,two,transition,Q10,101425.17192287606,7424.085593159753,108849.25751603581,20967.677085484924,2096.7677085484943,1.1
low,low,advanced_coolant,two,transition,Q11,112347.76736103206,6756.132499802451,119103.89986083451,24235.913889180985,2423.5913889181006,1.1
low,low,advanced_coolant,two,transition,Q12,123206.73597042676,6052.24520488913,129258.98117531589,27703.513052814928,2770.351305281495,1.1
low,low,advanced_coolant,two,transition,Q13,138165.93552100228,8604.564988035809,146770.50050903807,33089.85513368171,3308.985513368174,1.1
low,low,advanced_coolant,two,transition,Q14,152652.05204813168,11236.903740024469,163888.95578815613,38678.80767105455,3867.8807671054583,1.1
low,low,advanced_coolant,two,transition,Q15,166252.672783982,10540.0034306761,176792.6762146581,43665.03480119563,4366.503480119567,1.1
low,low,advanced_coolant,two,transition,Q16,182796.8968420861,13124.029954644977,195920.92679673107,50526.73738451989,5052.673738451994,1.1
low,low,advanced_coolant,two,transition,Q17,234233.9826721173,15548.364346615883,249782.34701873318,67292.64714625156,6729.264714625162,1.1
low,low,advanced_coolant,two,transition,Q18,295219.4053403221,18119.673900125195,313339.0792404473,87637.0917005304,8763.70917005305,1.1
low,low,advanced_coolant,two,transition,Q19,329426.10356501973,20600.305961642825,350026.40952666255,101668.2946560593,10166.829465605939,1.1
low,low,advanced_coolant,two,transition,Q20,362314.90628944844,23020.47760161673,385335.38389106514,116117.68440566827,11611.768440566837,1.1
low,low,advanced_coolant,two,transition,Q21,398215.08652405965,25220.726127803842,423435.8126518635,132192.28068522635,13219.228068522647,1.1
low,low,advanced_coolant,two,transition,Q22,443318.6585714404,27335.031114536145,470653.68968597654,152086.15292911188,15208.615292911201,1.1
low,low,advanced_coolant,two,transition,Q23,497317.78313041513,33342.91897230021,530660.7021027154,177245.94370840033,17724.59437084005,1.1
low,low,advanced_coolant,two,transition,Q24,552858.1156778606,39101.091639881146,591959.2073177417,204120.80964592853,20412.08096459287,1.1
low,low,coolant_recovery,single,steady,Q01,17409.600000000002,2302.56,19712.160000000003,1971.2160000000001,394.24319999999994,1.2
low,low,coolant_recovery,single,steady,Q02,34990.12857599999,4639.305715200001,39629.43429119999,4178.3294044926715,835.6658808985342,1.2
low,low,coolant_recovery,single,steady,Q03,38860.61216678485,4673.4914304,43534.10359718485,5083.317383546633,1016.6634767093265,1.2
low,low,coolant_recovery,single,steady,Q04,42262.27540200453,4640.416864868572,46902.692266873106,5961.694196185532,1192.3388392371062,1.2
low,low,coolant_recovery,single,steady,Q05,44865.93257570447,4470.891855634286,49336.824431338755,6825.686398299951,1365.1372796599899,1.2
low,low,coolant_recovery,single,steady,Q06,50398.88517457193,4161.978336137144,54560.863510709074,8136.734737375429,1627.3469474750855,1.2
low,low,coolant_recovery,single,steady,Q07,54930.156746071254,3710.746102217143,58640.902848288395,9378.522583253412,1875.704516650682,1.2
low,low,coolant_recovery,single,steady,Q08,58331.0490990713,5978.785228110061,64309.834327181365,10995.074041065725,2199.0148082131445,1.2
low,low,coolant_recovery,single,steady,Q09,77849.26516698969,8139.073531541367,85988.33869853105,15704.26299326313,3140.852598652625,1.2
low,low,coolant_recovery,single,steady,Q10,101425.17192287606,7424.085593159753,108849.25751603581,20967.677085484924,4193.535417096984,1.2
low,low,coolant_recovery,single,steady,Q11,112347.76736103206,6756.132499802451,119103.89986083451,24235.913889180985,4847.182777836196,1.2
low,low,coolant_recovery,single,steady,Q12,123206.73597042676,6052.24520488913,129258.98117531589,27703.513052814928,5540.702610562984,1.2
low,low,coolant_recovery,single,steady,Q13,138165.93552100228,8604.564988035809,146770.50050903807,33089.85513368171,6617.971026736341,1.2
low,low,coolant_recovery,single,steady,Q14,152652.05204813168,11236.903740024469,163888.95578815613,38678.80767105455,7735.761534210908,1.2
low,low,coolant_recovery,single,steady,Q15,166252.672783982,10540.0034306761,176792.6762146581,43665.03480119563,8733.006960239125,1.2
low,low,coolant_recovery,single,steady,Q16,182796.8968420861,13124.029954644977,195920.92679673107,50526.73738451989,10105.347476903975,1.2
low,low,coolant_recovery,single,steady,Q17,234233.9826721173,15548.364346615883,249782.34701873318,67292.64714625156,13458.52942925031,1.2
low,low,coolant_recovery,single,steady,Q18,295219.4053403221,18119.673900125195,313339.0792404473,87637.0917005304,17527.418340106076,1.2
low,low,coolant_recovery,single,steady,Q19,329426.10356501973,20600.305961642825,350026.40952666255,101668.2946560593,20333.658931211856,1.2
low,low,coolant_recovery,single,steady,Q20,362314.90628944844,23020.47760161673,385335.38389106514,116117.68440566827,23223.53688113365,1.2
low,low,coolant_recovery,single,steady,Q21,398215.08652405965,25220.726127803842,423435.8126518635,132192.28068522635,26438.456137045265,1.2
low,low,coolant_recovery,single,steady,Q22,443318.6585714404,27335.031114536145,470653.68968597654,152086.15292911188,30417.23058582237,1.2
low,low,coolant_recovery,single,steady,Q23,497317.78313041513,33342.91897230021,530660.7021027154,177245.94370840033,35449.18874168006,1.2
low,low,coolant_recovery,single,steady,Q24,552858.1156778606,39101.091639881146,591959.2073177417,204120.80964592853,40824.1619291857,1.2
low,low,coolant_recovery,single,transition,Q01,17409.600000000002,2302.56,19712.160000000003,1971.2160000000001,394.24319999999994,1.2
low,low,coolant_recovery,single,transition,Q02,34990.12857599999,4639.305715200001,39629.43429119999,4178.3294044926715,835.6658808985342,1.2
low,low,coolant_recovery,single,transition,Q03,38860.61216678485,4673.4914304,43534.10359718485,5083.317383546633,1016.6634767093265,1.2
low,low,coolant_recovery,single,transition,Q04,42262.27540200453,4640.416864868572,46902.692266873106,5961.694196185532,1192.3388392371062,1.2
low,low,coolant_recovery,single,transition,Q05,44865.93257570447,4470.891855634286,49336.824431338755,6825.686398299951,1365.1372796599899,1.2
low,low,coolant_recovery,single,transition,Q06,50398.88517457193,4161.978336137144,54560.863510709074,8136.734737375429,1627.3469474750855,1.2
low,low,coolant_recovery,single,transition,Q07,54930.156746071254,3710.746102217143,58640.902848288395,9378.522583253412,1875.704516650682,1.2
low,low,coolant_recovery,single,transition,Q08,58331.0490990713,5978.785228110061,64309.834327181365,10995.074041065725,2199.0148082131445,1.2
low,low,coolant_recovery,single,transition,Q09,77849.26516698969,8139.073531541367,85988.33869853105,15704.26299326313,3140.852598652625,1.2
low,low,coolant_recovery,single,transition,Q10,101425.17192287606,7424.085593159753,108849.25751603581,20967.677085484924,4193.535417096984,1.2
low,low,coolant_recovery,single,transition,Q11,112347.76736103206,6756.132499802451,119103.89986083451,24235.913889180985,4847.182777836196,1.2
low,low,coolant_recovery,single,transition,Q12,123206.73597042676,6052.24520488913,129258.98117531589,27703.513052814928,5540.702610562984,1.2
low,low,coolant_recovery,single,transition,Q13,138165.93552100228,8604.564988035809,146770.50050903807,33089.85513368171,6617.971026736341,1.2
low,low,coolant_recovery,single,transition,Q14,152652.05204813168,11236.903740024469,163888.95578815613,38678.80767105455,7735.761534210908,1.2
low,low,coolant_recovery,single,transition,Q15,166252.672783982,10540.0034306761,176792.6762146581,43665.03480119563,8733.006960239125,1.2
low,low,coolant_recovery,single,transition,Q16,182796.8968420861,13124.029954644977,195920.92679673107,50526.73738451989,10105.347476903975,1.2
low,low,coolant_recovery,single,transition,Q17,234233.9826721173,15548.364346615883,249782.34701873318,67292.64714625156,13458.52942925031,1.2
low,low,coolant_recovery,single,transition,Q18,295219.4053403221,18119.673900125195,313339.0792404473,87637.0917005304,17527.418340106076,1.2
low,low,coolant_recovery,single,transition,Q19,329426.10356501973,20600.305961642825,350026.40952666255,101668.2946560593,20333.658931211856,1.2
low,low,coolant_recovery,single,transition,Q20,362314.90628944844,23020.47760161673,385335.38389106514,116117.68440566827,23223.53688113365,1.2
low,low,coolant_recovery,single,transition,Q21,398215.08652405965,25220.726127803842,423435.8126518635,132192.28068522635,26438.456137045265,1.2
low,low,coolant_recovery,single,transition,Q22,443318.6585714404,27335.031114536145,470653.68968597654,152086.15292911188,30417.23058582237,1.2
low,low,coolant_recovery,single,transition,Q23,497317.78313041513,33342.91897230021,530660.7021027154,177245.94370840033,35449.18874168006,1.2
low,low,coolant_recovery,single,transition,Q24,552858.1156778606,39101.091639881146,591959.2073177417,204120.80964592853,40824.1619291857,1.2
low,low,coolant_recovery,two,steady,Q01,17409.600000000002,2302.56,19712.160000000003,1971.2160000000001,197.1216000000002,1.1
low,low,coolant_recovery,two,steady,Q02,34990.12857599999,4639.305715200001,39629.43429119999,4178.3294044926715,417.83294044926754,1.1
low,low,coolant_recovery,two,steady,Q03,38860.61216678485,4673.4914304,43534.10359718485,5083.317383546633,508.3317383546638,1.1
low,low,coolant_recovery,two,steady,Q04,42262.27540200453,4640.416864868572,46902.692266873106,5961.694196185532,596.1694196185537,1.1
low,low,coolant_recovery,two,steady,Q05,44865.93257570447,4470.891855634286,49336.824431338755,6825.686398299951,682.5686398299957,1.1
low,low,coolant_recovery,two,steady,Q06,50398.88517457193,4161.978336137144,54560.863510709074,8136.734737375429,813.6734737375436,1.1
low,low,coolant_recovery,two,steady,Q07,54930.156746071254,3710.746102217143,58640.902848288395,9378.522583253412,937.8522583253421,1.1
low,low,coolant_recovery,two,steady,Q08,58331.0490990713,5978.785228110061,64309.834327181365,10995.074041065725,1099.5074041065734,1.1
low,low,coolant_recovery,two,steady,Q09,77849.26516698969,8139.073531541367,85988.33869853105,15704.26299326313,1570.4262993263144,1.1
low,low,coolant_recovery,two,steady,Q10,101425.17192287606,7424.085593159753,108849.25751603581,20967.677085484924,2096.7677085484943,1.1
low,low,coolant_recovery,two,steady,Q11,112347.76736103206,6756.132499802451,119103.89986083451,24235.913889180985,2423.5913889181006,1.1
low,low,coolant_recovery,two,steady,Q12,123206.73597042676,6052.24520488913,129258.98117531589,27703.513052814928,2770.351305281495,1.1
low,low,coolant_recovery,two,steady,Q13,138165.93552100228,8604.564988035809,146770.50050903807,33089.85513368171,3308.985513368174,1.1
low,low,coolant_recovery,two,steady,Q14,152652.05204813168,11236.903740024469,163888.95578815613,38678.80767105455,3867.8807671054583,1.1
low,low,coolant_recovery,two,steady,Q15,166252.672783982,10540.0034306761,176792.6762146581,43665.03480119563,4366.503480119567,1.1
low,low,coolant_recovery,two,steady,Q16,182796.8968420861,13124.029954644977,195920.92679673107,50526.73738451989,5052.673738451994,1.1
low,low,coolant_recovery,two,steady,Q17,234233.9826721173,15548.364346615883,249782.34701873318,67292.64714625156,6729.264714625162,1.1
low,low,coolant_recovery,two,steady,Q18,295219.4053403221,18119.673900125195,313339.0792404473,87637.0917005304,8763.70917005305,1.1
low,low,coolant_recovery,two,steady,Q19,329426.10356501973,20600.305961642825,350026.40952666255,101668.2946560593,10166.829465605939,1.1
low,low,coolant_recovery,two,steady,Q20,362314.90628944844,23020.47760161673,385335.38389106514,116117.68440566827,11611.768440566837,1.1
low,low,coolant_recovery,two,steady,Q21,398215.08652405965,25220.726127803842,423435.8126518635,132192.28068522635,13219.228068522647,1.1
low,low,coolant_recovery,two,steady,Q22,443318.6585714404,27335.031114536145,470653.68968597654,152086.15292911188,15208.615292911201,1.1
low,low,coolant_recovery,two,steady,Q23,497317.78313041513,33342.91897230021,530660.7021027154,177245.94370840033,17724.59437084005,1.1
low,low,coolant_recovery,two,steady,Q24,552858.1156778606,39101.091639881146,591959.2073177417,204120.80964592853,20412.08096459287,1.1
low,low,coolant_recovery,two,transition,Q01,17409.600000000002,2302.56,19712.160000000003,1971.2160000000001,197.1216000000002,1.1
low,low,coolant_recovery,two,transition,Q02,34990.12857599999,4639.305715200001,39629.43429119999,4178.3294044926715,417.83294044926754,1.1
low,low,coolant_recovery,two,transition,Q03,38860.61216678485,4673.4914304,43534.10359718485,5083.317383546633,508.3317383546638,1.1
low,low,coolant_recovery,two,transition,Q04,42262.27540200453,4640.416864868572,46902.692266873106,5961.694196185532,596.1694196185537,1.1
low,low,coolant_recovery,two,transition,Q05,44865.93257570447,4470.891855634286,49336.824431338755,6825.686398299951,682.5686398299957,1.1
low,low,coolant_recovery,two,transition,Q06,50398.88517457193,4161.978336137144,54560.863510709074,8136.734737375429,813.6734737375436,1.1
low,low,coolant_recovery,two,transition,Q07,54930.156746071254,3710.746102217143,58640.902848288395,9378.522583253412,937.8522583253421,1.1
low,low,coolant_recovery,two,transition,Q08,58331.0490990713,5978.785228110061,64309.834327181365,10995.074041065725,1099.5074041065734,1.1
low,low,coolant_recovery,two,transition,Q09,77849.26516698969,8139.073531541367,85988.33869853105,15704.26299326313,1570.4262993263144,1.1
low,low,coolant_recovery,two,transition,Q10,101425.17192287606,7424.085593159753,108849.25751603581,20967.677085484924,2096.7677085484943,1.1
low,low,coolant_recovery,two,transition,Q11,112347.76736103206,6756.132499802451,119103.89986083451,24235.913889180985,2423.5913889181006,1.1
low,low,coolant_recovery,two,transition,Q12,123206.73597042676,6052.24520488913,129258.98117531589,27703.513052814928,2770.351305281495,1.1
low,low,coolant_recovery,two,transition,Q13,138165.93552100228,8604.564988035809,146770.50050903807,33089.85513368171,3308.985513368174,1.1
low,low,coolant_recovery,two,transition,Q14,152652.05204813168,11236.903740024469,163888.95578815613,38678.80767105455,3867.8807671054583,1.1
low,low,coolant_recovery,two,transition,Q15,166252.672783982,10540.0034306761,176792.6762146581,43665.03480119563,4366.503480119567,1.1
low,low,coolant_recovery,two,transition,Q16,182796.8968420861,13124.029954644977,195920.92679673107,50526.73738451989,5052.673738451994,1.1
low,low,coolant_recovery,two,transition,Q17,234233.9826721173,15548.364346615883,249782.34701873318,67292.64714625156,6729.264714625162,1.1
low,low,coolant_recovery,two,transition,Q18,295219.4053403221,18119.673900125195,313339.0792404473,87637.0917005304,8763.70917005305,1.1
low,low,coolant_recovery,two,transition,Q19,329426.10356501973,20600.305961642825,350026.40952666255,101668.2946560593,10166.829465605939,1.1
low,low,coolant_recovery,two,transition,Q20,362314.90628944844,23020.47760161673,385335.38389106514,116117.68440566827,11611.768440566837,1.1
low,low,coolant_recovery,two,transition,Q21,398215.08652405965,25220.726127803842,423435.8126518635,132192.28068522635,13219.228068522647,1.1
low,low,coolant_recovery,two,transition,Q22,443318.6585714404,27335.031114536145,470653.68968597654,152086.15292911188,15208.615292911201,1.1
low,low,coolant_recovery,two,transition,Q23,497317.78313041513,33342.91897230021,530660.7021027154,177245.94370840033,17724.59437084005,1.1
low,low,coolant_recovery,two,transition,Q24,552858.1156778606,39101.091639881146,591959.2073177417,204120.80964592853,20412.08096459287,1.1
low,low,combined_strategy,single,steady,Q01,17409.600000000002,2302.56,19712.160000000003,1971.2160000000001,394.24319999999994,1.2
low,low,combined_strategy,single,steady,Q02,34990.12857599999,4639.305715200001,39629.43429119999,4178.3294044926715,826.5825561061583,1.1978260869565216
low,low,combined_strategy,single,steady,Q03,38860.61216678485,4673.4914304,43534.10359718485,5083.317383546633,994.5620967808629,1.1956521739130435
low,low,combined_strategy,single,steady,Q04,42262.27540200453,4640.416864868572,46902.692266873106,5961.694196185532,1153.4582249141565,1.193478260869565
low,low,combined_strategy,single,steady,Q05,44865.93257570447,4470.891855634286,49336.824431338755,6825.686398299951,1305.7834848921646,1.191304347826087
low,low,combined_strategy,single,steady,Q06,50398.88517457193,4161.978336137144,54560.863510709074,8136.734737375429,1538.9041785905695,1.1891304347826086
low,low,combined_strategy,single,steady,Q07,54930.156746071254,3710.746102217143,58640.902848288395,9378.522583253412,1753.3759612169426,1.1869565217391305
low,low,combined_strategy,single,steady,Q08,58331.0490990713,5978.785228110061,64309.834327181365,10995.074041065725,2031.6984641099702,1.184782608695652
low,low,combined_strategy,single,steady,Q09,77849.26516698969,8139.073531541367,85988.33869853105,15704.26299326313,2867.7349813784854,1.182608695652174
low,low,combined_strategy,single,steady,Q10,101425.17192287606,7424.085593159753,108849.25751603581,20967.677085484924,3783.2982567288004,1.1804347826086956
low,low,combined_strategy,single,steady,Q11,112347.76736103206,6756.132499802451,119103.89986083451,24235.913889180985,4320.315084593129,1.1782608695652173
low,low,combined_strategy,single,steady,Q12,123206.73597042676,6052.24520488913,129258.98117531589,27703.513052814928,4878.2272984304545,1.1760869565217391
low,low,combined_strategy,single,steady,Q13,138165.93552100228,8604.564988035809,146770.50050903807,33089.85513368171,5754.757414553337,1.1739130434782608
low,low,combined_strategy,single,steady,Q14,152652.05204813168,11236.903740024469,163888.95578815613,38678.80767105455,6642.6647956811075,1.1717391304347826
low,low,combined_strategy,single,steady,Q15,166252.672783982,10540.0034306761,176792.6762146581,43665.03480119563,7404.071118463603,1.1695652173913043
low,low,combined_strategy,single,steady,Q16,182796.8968420861,13124.029954644977,195920.92679673107,50526.73738451989,8457.736475234853,1.1673913043478261
low,low,combined_strategy,single,steady,Q17,234233.9826721173,15548.364346615883,249782.34701873318,67292.64714625156,11117.915615467646,1.1652173913043478
low,low,combined_strategy,single,steady,Q18,295219.4053403221,18119.673900125195,313339.0792404473,87637.0917005304,14288.656255521268,1.1630434782608696
low,low,combined_strategy,single,steady,Q19,329426.10356501973,20600.305961642825,350026.40952666255,101668.2946560593,16355.334357713882,1.1608695652173913
low,low,combined_strategy,single,steady,Q20,362314.90628944844,23020.47760161673,385335.38389106514,116117.68440566827,18427.371655682124,1.158695652173913
low,low,combined_strategy,single,steady,Q21,398215.08652405965,25220.726127803842,423435.8126518635,132192.28068522635,20690.965672470207,1.1565217391304348
low,low,combined_strategy,single,steady,Q22,443318.6585714404,27335.031114536145,470653.68968597654,152086.15292911188,23474.167082536816,1.1543478260869564
low,low,combined_strategy,single,steady,Q23,497317.78313041513,33342.91897230021,530660.7021027154,177245.94370840033,26972.208825191356,1.1521739130434783
low,low,combined_strategy,single,steady,Q24,552858.1156778606,39101.091639881146,591959.2073177417,204120.80964592853,30618.12144688926,1.15
low,low,combined_strategy,single,transition,Q01,17409.600000000002,2302.56,19712.160000000003,1971.2160000000001,394.24319999999994,1.2
low,low,combined_strategy,single,transition,Q02,34990.12857599999,4639.305715200001,39629.43429119999,4178.3294044926715,826.5825561061583,1.1978260869565216
low,low,combined_strategy,single,transition,Q03,38860.61216678485,4673.4914304,43534.10359718485,5083.317383546633,994.5620967808629,1.1956521739130435
low,low,combined_strategy,single,transition,Q04,42262.27540200453,4640.416864868572,46902.692266873106,5961.694196185532,1153.4582249141565,1.193478260869565
low,low,combined_strategy,single,transition,Q05,44865.93257570447,4470.891855634286,49336.824431338755,6825.686398299951,1305.7834848921646,1.191304347826087
low,low,combined_strategy,single,transition,Q06,50398.88517457193,4161.978336137144,54560.863510709074,8136.734737375429,1538.9041785905695,1.1891304347826086
low,low,combined_strategy,single,transition,Q07,54930.156746071254,3710.746102217143,58640.902848288395,9378.522583253412,1753.3759612169426,1.1869565217391305
low,low,combined_strategy,single,transition,Q08,58331.0490990713,5978.785228110061,64309.834327181365,10995.074041065725,2031.6984641099702,1.184782608695652
low,low,combined_strategy,single,transition,Q09,77849.26516698969,8139.073531541367,85988.33869853105,15704.26299326313,2867.7349813784854,1.182608695652174
low,low,combined_strategy,single,transition,Q10,101425.17192287606,7424.085593159753,108849.25751603581,20967.677085484924,3783.2982567288004,1.1804347826086956
low,low,combined_strategy,single,transition,Q11,112347.76736103206,6756.132499802451,119103.89986083451,24235.913889180985,4320.315084593129,1.1782608695652173
low,low,combined_strategy,single,transition,Q12,123206.73597042676,6052.24520488913,129258.98117531589,27703.513052814928,4878.2272984304545,1.1760869565217391
low,low,combined_strategy,single,transition,Q13,138165.93552100228,8604.564988035809,146770.50050903807,33089.85513368171,5754.757414553337,1.1739130434782608
low,low,combined_strategy,single,transition,Q14,152652.05204813168,11236.903740024469,163888.95578815613,38678.80767105455,6642.6647956811075,1.1717391304347826
low,low,combined_strategy,single,transition,Q15,166252.672783982,10540.0034306761,176792.6762146581,43665.03480119563,7404.071118463603,1.1695652173913043
low,low,combined_strategy,single,transition,Q16,182796.8968420861,13124.029954644977,195920.92679673107,50526.73738451989,8457.736475234853,1.1673913043478261
low,low,combined_strategy,single,transition,Q17,234233.9826721173,15548.364346615883,249782.34701873318,67292.64714625156,11117.915615467646,1.1652173913043478
low,low,combined_strategy,single,transition,Q18,295219.4053403221,18119.673900125195,313339.0792404473,87637.0917005304,14288.656255521268,1.1630434782608696
low,low,combined_strategy,single,transition,Q19,329426.10356501973,20600.305961642825,350026.40952666255,101668.2946560593,16355.334357713882,1.1608695652173913
low,low,combined_strategy,single,transition,Q20,362314.90628944844,23020.47760161673,385335.38389106514,116117.68440566827,18427.371655682124,1.158695652173913
low,low,combined_strategy,single,transition,Q21,398215.08652405965,25220.726127803842,423435.8126518635,132192.28068522635,20690.965672470207,1.1565217391304348
low,low,combined_strategy,single,transition,Q22,443318.6585714404,27335.031114536145,470653.68968597654,152086.15292911188,23474.167082536816,1.1543478260869564
low,low,combined_strategy,single,transition,Q23,497317.78313041513,33342.91897230021,530660.7021027154,177245.94370840033,26972.208825191356,1.1521739130434783
low,low,combined_strategy,single,transition,Q24,552858.1156778606,39101.091639881146,591959.2073177417,204120.80964592853,30618.12144688926,1.15
low,low,combined_strategy,two,steady,Q01,17409.600000000002,2302.56,19712.160000000003,1971.2160000000001,197.1216000000002,1.1
low,low,combined_strategy,two,steady,Q02,34990.12857599999,4639.305715200001,39629.43429119999,4178.3294044926715,413.2912780530801,1.098913043478261
low,low,combined_strategy,two,steady,Q03,38860.61216678485,4673.4914304,43534.10359718485,5083.317383546633,497.28104839043147,1.0978260869565217
low,low,combined_strategy,two,steady,Q04,42262.27540200453,4640.416864868572,46902.692266873106,5961.694196185532,576.7291124570789,1.0967391304347827
low,low,combined_strategy,two,steady,Q05,44865.93257570447,4470.891855634286,49336.824431338755,6825.686398299951,652.8917424460831,1.0956521739130436
low,low,combined_strategy,two,steady,Q06,50398.88517457193,4161.978336137144,54560.863510709074,8136.734737375429,769.4520892952866,1.0945652173913045
low,low,combined_strategy,two,steady,Q07,54930.156746071254,3710.746102217143,58640.902848288395,9378.522583253412,876.6879806084713,1.0934782608695652
low,low,combined_strategy,two,steady,Q08,58331.0490990713,5978.785228110061,64309.834327181365,10995.074041065725,1015.8492320549864,1.0923913043478262
low,low,combined_strategy,two,steady,Q09,77849.26516698969,8139.073531541367,85988.33869853105,15704.26299326313,1433.8674906892445,1.091304347826087
low,low,combined_strategy,two,steady,Q10,101425.17192287606,7424.085593159753,108849.25751603581,20967.677085484924,1891.6491283644002,1.0902173913043478
low,low,combined_strategy,two,steady,Q11,112347.76736103206,6756.132499802451,119103.89986083451,24235.913889180985,2160.157542296567,1.0891304347826087
low,low,combined_strategy,two,steady,Q12,123206.73597042676,6052.24520488913,129258.98117531589,27703.513052814928,2439.11364921523,1.0880434782608697
low,low,combined_strategy,two,steady,Q13,138165.93552100228,8604.564988035809,146770.50050903807,33089.85513368171,2877.378707276676,1.0869565217391306
low,low,combined_strategy,two,steady,Q14,152652.05204813168,11236.903740024469,163888.95578815613,38678.80767105455,3321.3323978405538,1.0858695652173913
low,low,combined_strategy,two,steady,Q15,166252.672783982,10540.0034306761,176792.6762146581,43665.03480119563,3702.0355592318065,1.0847826086956522
low,low,combined_strategy,two,steady,Q16,182796.8968420861,13124.029954644977,195920.92679673107,50526.73738451989,4228.868237617432,1.0836956521739132
low,low,combined_strategy,two,steady,Q17,234233.9826721173,15548.364346615883,249782.34701873318,67292.64714625156,5558.957807733837,1.082608695652174
low,low,combined_strategy,two,steady,Q18,295219.4053403221,18119.673900125195,313339.0792404473,87637.0917005304,7144.328127760634,1.0815217391304348
low,low,combined_strategy,two,steady,Q19,329426.10356501973,20600.305961642825,350026.40952666255,101668.2946560593,8177.667178856953,1.0804347826086957
low,low,combined_strategy,two,steady,Q20,362314.90628944844,23020.47760161673,385335.38389106514,116117.68440566827,9213.685827841087,1.0793478260869567
low,low,combined_strategy,two,steady,Q21,398215.08652405965,25220.726127803842,423435.8126518635,132192.28068522635,10345.482836235104,1.0782608695652174
low,low,combined_strategy,two,steady,Q22,443318.6585714404,27335.031114536145,470653.68968597654,152086.15292911188,11737.083541268425,1.0771739130434783
low,low,combined_strategy,two,steady,Q23,497317.78313041513,33342.91897230021,530660.7021027154,177245.94370840033,13486.104412595698,1.0760869565217392
low,low,combined_strategy,two,steady,Q24,552858.1156778606,39101.091639881146,591959.2073177417,204120.80964592853,15309.060723444676,1.0750000000000002
low,low,combined_strategy,two,transition,Q01,17409.600000000002,2302.56,19712.160000000003,1971.2160000000001,197.1216000000002,1.1
low,low,combined_strategy,two,transition,Q02,34990.12857599999,4639.305715200001,39629.43429119999,4178.3294044926715,413.2912780530801,1.098913043478261
low,low,combined_strategy,two,transition,Q03,38860.61216678485,4673.4914304,43534.10359718485,5083.317383546633,497.28104839043147,1.0978260869565217
low,low,combined_strategy,two,transition,Q04,42262.27540200453,4640.416864868572,46902.692266873106,5961.694196185532,576.7291124570789,1.0967391304347827
low,low,combined_strategy,two,transition,Q05,44865.93257570447,4470.891855634286,49336.824431338755,6825.686398299951,652.8917424460831,1.0956521739130436
low,low,combined_strategy,two,transition,Q06,50398.88517457193,4161.978336137144,54560.863510709074,8136.734737375429,769.4520892952866,1.0945652173913045
low,low,combined_strategy,two,transition,Q07,54930.156746071254,3710.746102217143,58640.902848288395,9378.522583253412,876.6879806084713,1.0934782608695652
low,low,combined_strategy,two,transition,Q08,58331.0490990713,5978.785228110061,64309.834327181365,10995.074041065725,1015.8492320549864,1.0923913043478262
low,low,combined_strategy,two,transition,Q09,77849.26516698969,8139.073531541367,85988.33869853105,15704.26299326313,1433.8674906892445,1.091304347826087
low,low,combined_strategy,two,transition,Q10,101425.17192287606,7424.085593159753,108849.25751603581,20967.677085484924,1891.6491283644002,1.0902173913043478
low,low,combined_strategy,two,transition,Q11,112347.76736103206,6756.132499802451,119103.89986083451,24235.913889180985,2160.157542296567,1.0891304347826087
low,low,combined_strategy,two,transition,Q12,123206.73597042676,6052.24520488913,129258.98117531589,27703.513052814928,2439.11364921523,1.0880434782608697
low,low,combined_strategy,two,transition,Q13,138165.93552100228,8604.564988035809,146770.50050903807,33089.85513368171,2877.378707276676,1.0869565217391306
low,low,combined_strategy,two,transition,Q14,152652.05204813168,11236.903740024469,163888.95578815613,38678.80767105455,3321.3323978405538,1.0858695652173913
low,low,combined_strategy,two,transition,Q15,166252.672783982,10540.0034306761,176792.6762146581,43665.03480119563,3702.0355592318065,1.0847826086956522
low,low,combined_strategy,two,transition,Q16,182796.8968420861,13124.029954644977,195920.92679673107,50526.73738451989,4228.868237617432,1.0836956521739132
low,low,combined_strategy,two,transition,Q17,234233.9826721173,15548.364346615883,249782.34701873318,67292.64714625156,5558.957807733837,1.082608695652174
low,low,combined_strategy,two,transition,Q18,295219.4053403221,18119.673900125195,313339.0792404473,87637.0917005304,7144.328127760634,1.0815217391304348
low,low,combined_strategy,two,transition,Q19,329426.10356501973,20600.305961642825,350026.40952666255,101668.2946560593,8177.667178856953,1.0804347826086957
low,low,combined_strategy,two,transition,Q20,362314.90628944844,23020.47760161673,385335.38389106514,116117.68440566827,9213.685827841087,1.0793478260869567
low,low,combined_strategy,two,transition,Q21,398215.08652405965,25220.726127803842,423435.8126518635,132192.28068522635,10345.482836235104,1.0782608695652174
low,low,combined_strategy,two,transition,Q22,443318.6585714404,27335.031114536145,470653.68968597654,152086.15292911188,11737.083541268425,1.0771739130434783
low,low,combined_strategy,two,transition,Q23,497317.78313041513,33342.91897230021,530660.7021027154,177245.94370840033,13486.104412595698,1.0760869565217392
low,low,combined_strategy,two,transition,Q24,552858.1156778606,39101.091639881146,591959.2073177417,204120.80964592853,15309.060723444676,1.0750000000000002
low,central,baseline,single,steady,Q01,17409.600000000002,2302.56,19712.160000000003,2956.824,591.3647999999998,1.2
low,central,baseline,single,steady,Q02,34990.12857599999,4639.305715200001,39629.43429119999,6332.090084633664,1266.4180169267327,1.2
low,central,baseline,single,steady,Q03,38860.61216678485,4673.4914304,43534.10359718485,7843.923541828241,1568.7847083656477,1.2
low,central,baseline,single,steady,Q04,42262.27540200453,4640.416864868572,46902.692266873106,9323.959404589312,1864.791880917862,1.2
low,central,baseline,single,steady,Q05,44865.93257570447,4470.891855634286,49336.824431338755,10806.141759726026,2161.228351945205,1.2
low,central,baseline,single,steady,Q06,50398.88517457193,4161.978336137144,54560.863510709074,13009.300982100702,2601.86019642014,1.2
low,central,baseline,single,steady,Q07,54930.156746071254,3710.746102217143,58640.902848288395,15122.114207154671,3024.4228414309337,1.2
low,central,baseline,single,steady,Q08,58331.0490990713,5978.785228110061,64309.834327181365,17861.863968036596,3572.3727936073183,1.2
low,central,baseline,single,steady,Q09,77849.26516698969,8139.073531541367,85988.33869853105,25688.005843559822,5137.6011687119635,1.2
low,central,baseline,single,steady,Q10,101425.17192287606,7424.085593159753,108849.25751603581,34476.32117261946,6895.26423452389,1.2
low,central,baseline,single,steady,Q11,112347.76736103206,6756.132499802451,119103.89986083451,40051.489813907996,8010.297962781598,1.2
low,central,baseline,single,steady,Q12,123206.73597042676,6052.24520488913,129258.98117531589,45988.50421270838,9197.700842541673,1.2
low,central,baseline,single,steady,Q13,138165.93552100228,8604.564988035809,146770.50050903807,55158.62422535593,11031.724845071183,1.2
low,central,baseline,single,steady,Q14,152652.05204813168,11236.903740024469,163888.95578815613,64705.25233868034,12941.050467736064,1.2
low,central,baseline,single,steady,Q15,166252.672783982,10540.0034306761,176792.6762146581,73293.33140210177,14658.666280420352,1.2
low,central,baseline,single,steady,Q16,182796.8968420861,13124.029954644977,195920.92679673107,85070.54278255365,17014.108556510724,1.2
low,central,baseline,single,steady,Q17,234233.9826721173,15548.364346615883,249782.34701873318,113633.29812621683,22726.659625243363,1.2
low,central,baseline,single,steady,Q18,295219.4053403221,18119.673900125195,313339.0792404473,148346.4673481096,29669.293469621916,1.2
low,central,baseline,single,steady,Q19,329426.10356501973,20600.305961642825,350026.40952666255,172502.1443150093,34500.42886300185,1.2
low,central,baseline,single,steady,Q20,362314.90628944844,23020.47760161673,385335.38389106514,197451.7228450037,39490.344569000736,1.2
low,central,baseline,single,steady,Q21,398215.08652405965,25220.726127803842,423435.8126518635,225242.95343334432,45048.59068666885,1.2
low,central,baseline,single,steady,Q22,443318.6585714404,27335.031114536145,470653.68968597654,259635.55871255998,51927.11174251199,1.2
low,central,baseline,single,steady,Q23,497317.78313041513,33342.91897230021,530660.7021027154,303123.20828965574,60624.64165793113,1.2
low,central,baseline,single,steady,Q24,552858.1156778606,39101.091639881146,591959.2073177417,349658.9631038489,69931.79262076977,1.2
low,central,baseline,single,transition,Q01,17409.600000000002,2302.56,19712.160000000003,2956.824,591.3647999999998,1.2
low,central,baseline,single,transition,Q02,34990.12857599999,4639.305715200001,39629.43429119999,6332.090084633664,1266.4180169267327,1.2
low,central,baseline,single,transition,Q03,38860.61216678485,4673.4914304,43534.10359718485,7843.923541828241,1568.7847083656477,1.2
low,central,baseline,single,transition,Q04,42262.27540200453,4640.416864868572,46902.692266873106,9323.959404589312,1864.791880917862,1.2
low,central,baseline,single,transition,Q05,44865.93257570447,4470.891855634286,49336.824431338755,10806.141759726026,2161.228351945205,1.2
low,central,baseline,single,transition,Q06,50398.88517457193,4161.978336137144,54560.863510709074,13009.300982100702,2601.86019642014,1.2
low,central,baseline,single,transition,Q07,54930.156746071254,3710.746102217143,58640.902848288395,15122.114207154671,3024.4228414309337,1.2
low,central,baseline,single,transition,Q08,58331.0490990713,5978.785228110061,64309.834327181365,17861.863968036596,3572.3727936073183,1.2
low,central,baseline,single,transition,Q09,77849.26516698969,8139.073531541367,85988.33869853105,25688.005843559822,5137.6011687119635,1.2
low,central,baseline,single,transition,Q10,101425.17192287606,7424.085593159753,108849.25751603581,34476.32117261946,6895.26423452389,1.2
low,central,baseline,single,transition,Q11,112347.76736103206,6756.132499802451,119103.89986083451,40051.489813907996,8010.297962781598,1.2
low,central,baseline,single,transition,Q12,123206.73597042676,6052.24520488913,129258.98117531589,45988.50421270838,9197.700842541673,1.2
low,central,baseline,single,transition,Q13,138165.93552100228,8604.564988035809,146770.50050903807,55158.62422535593,11031.724845071183,1.2
low,central,baseline,single,transition,Q14,152652.05204813168,11236.903740024469,163888.95578815613,64705.25233868034,12941.050467736064,1.2
low,central,baseline,single,transition,Q15,166252.672783982,10540.0034306761,176792.6762146581,73293.33140210177,14658.666280420352,1.2
low,central,baseline,single,transition,Q16,182796.8968420861,13124.029954644977,195920.92679673107,85070.54278255365,17014.108556510724,1.2
low,central,baseline,single,transition,Q17,234233.9826721173,15548.364346615883,249782.34701873318,113633.29812621683,22726.659625243363,1.2
low,central,baseline,single,transition,Q18,295219.4053403221,18119.673900125195,313339.0792404473,148346.4673481096,29669.293469621916,1.2
low,central,baseline,single,transition,Q19,329426.10356501973,20600.305961642825,350026.40952666255,172502.1443150093,34500.42886300185,1.2
low,central,baseline,single,transition,Q20,362314.90628944844,23020.47760161673,385335.38389106514,197451.7228450037,39490.344569000736,1.2
low,central,baseline,single,transition,Q21,398215.08652405965,25220.726127803842,423435.8126518635,225242.95343334432,45048.59068666885,1.2
low,central,baseline,single,transition,Q22,443318.6585714404,27335.031114536145,470653.68968597654,259635.55871255998,51927.11174251199,1.2
low,central,baseline,single,transition,Q23,497317.78313041513,33342.91897230021,530660.7021027154,303123.20828965574,60624.64165793113,1.2
low,central,baseline,single,transition,Q24,552858.1156778606,39101.091639881146,591959.2073177417,349658.9631038489,69931.79262076977,1.2
low,central,baseline,two,steady,Q01,17409.600000000002,2302.56,19712.160000000003,2956.824,295.68240000000026,1.1
low,central,baseline,two,steady,Q02,34990.12857599999,4639.305715200001,39629.43429119999,6332.090084633664,633.209008463367,1.1
low,central,baseline,two,steady,Q03,38860.61216678485,4673.4914304,43534.10359718485,7843.923541828241,784.3923541828248,1.1
low,central,baseline,two,steady,Q04,42262.27540200453,4640.416864868572,46902.692266873106,9323.959404589312,932.395940458932,1.1
low,central,baseline,two,steady,Q05,44865.93257570447,4470.891855634286,49336.824431338755,10806.141759726026,1080.6141759726036,1.1
low,central,baseline,two,steady,Q06,50398.88517457193,4161.978336137144,54560.863510709074,13009.300982100702,1300.9300982100713,1.1
low,central,baseline,two,steady,Q07,54930.156746071254,3710.746102217143,58640.902848288395,15122.114207154671,1512.2114207154684,1.1
low,central,baseline,two,steady,Q08,58331.0490990713,5978.785228110061,64309.834327181365,17861.863968036596,1786.1863968036612,1.1
low,central,baseline,two,steady,Q09,77849.26516698969,8139.073531541367,85988.33869853105,25688.005843559822,2568.8005843559845,1.1
low,central,baseline,two,steady,Q10,101425.17192287606,7424.085593159753,108849.25751603581,34476.32117261946,3447.6321172619487,1.1
low,central,baseline,two,steady,Q11,112347.76736103206,6756.132499802451,119103.89986083451,40051.489813907996,4005.1489813908033,1.1
low,central,baseline,two,steady,Q12,123206.73597042676,6052.24520488913,129258.98117531589,45988.50421270838,4598.850421270842,1.1
low,central,baseline,two,steady,Q13,138165.93552100228,8604.564988035809,146770.50050903807,55158.62422535593,5515.862422535598,1.1
low,central,baseline,two,steady,Q14,152652.05204813168,11236.903740024469,163888.95578815613,64705.25233868034,6470.525233868039,1.1
low,central,baseline,two,steady,Q15,166252.672783982,10540.0034306761,176792.6762146581,73293.33140210177,7329.333140210184,1.1
low,central,baseline,two,steady,Q16,182796.8968420861,13124.029954644977,195920.92679673107,85070.54278255365,8507.054278255373,1.1
low,central,baseline,two,steady,Q17,234233.9826721173,15548.364346615883,249782.34701873318,113633.29812621683,11363.329812621694,1.1
low,central,baseline,two,steady,Q18,295219.4053403221,18119.673900125195,313339.0792404473,148346.4673481096,14834.646734810975,1.1
low,central,baseline,two,steady,Q19,329426.10356501973,20600.305961642825,350026.40952666255,172502.1443150093,17250.214431500946,1.1
low,central,baseline,two,steady,Q20,362314.90628944844,23020.47760161673,385335.38389106514,197451.7228450037,19745.17228450039,1.1
low,central,baseline,two,steady,Q21,398215.08652405965,25220.726127803842,423435.8126518635,225242.95343334432,22524.295343334452,1.1
low,central,baseline,two,steady,Q22,443318.6585714404,27335.031114536145,470653.68968597654,259635.55871255998,25963.555871256023,1.1
low,central,baseline,two,steady,Q23,497317.78313041513,33342.91897230021,530660.7021027154,303123.20828965574,30312.3208289656,1.1
low,central,baseline,two,steady,Q24,552858.1156778606,39101.091639881146,591959.2073177417,349658.9631038489,34965.896310384924,1.1
low,central,baseline,two,transition,Q01,17409.600000000002,2302.56,19712.160000000003,2956.824,295.68240000000026,1.1
low,central,baseline,two,transition,Q02,34990.12857599999,4639.305715200001,39629.43429119999,6332.090084633664,633.209008463367,1.1
low,central,baseline,two,transition,Q03,38860.61216678485,4673.4914304,43534.10359718485,7843.923541828241,784.3923541828248,1.1
low,central,baseline,two,transition,Q04,42262.27540200453,4640.416864868572,46902.692266873106,9323.959404589312,932.395940458932,1.1
low,central,baseline,two,transition,Q05,44865.93257570447,4470.891855634286,49336.824431338755,10806.141759726026,1080.6141759726036,1.1
low,central,baseline,two,transition,Q06,50398.88517457193,4161.978336137144,54560.863510709074,13009.300982100702,1300.9300982100713,1.1
low,central,baseline,two,transition,Q07,54930.156746071254,3710.746102217143,58640.902848288395,15122.114207154671,1512.2114207154684,1.1
low,central,baseline,two,transition,Q08,58331.0490990713,5978.785228110061,64309.834327181365,17861.863968036596,1786.1863968036612,1.1
low,central,baseline,two,transition,Q09,77849.26516698969,8139.073531541367,85988.33869853105,25688.005843559822,2568.8005843559845,1.1
low,central,baseline,two,transition,Q10,101425.17192287606,7424.085593159753,108849.25751603581,34476.32117261946,3447.6321172619487,1.1
low,central,baseline,two,transition,Q11,112347.76736103206,6756.132499802451,119103.89986083451,40051.489813907996,4005.1489813908033,1.1
low,central,baseline,two,transition,Q12,123206.73597042676,6052.24520488913,129258.98117531589,45988.50421270838,4598.850421270842,1.1
low,central,baseline,two,transition,Q13,138165.93552100228,8604.564988035809,146770.50050903807,55158.62422535593,5515.862422535598,1.1
low,central,baseline,two,transition,Q14,152652.05204813168,11236.903740024469,163888.95578815613,64705.25233868034,6470.525233868039,1.1
low,central,baseline,two,transition,Q15,166252.672783982,10540.0034306761,176792.6762146581,73293.33140210177,7329.333140210184,1.1
low,central,baseline,two,transition,Q16,182796.8968420861,13124.029954644977,195920.92679673107,85070.54278255365,8507.054278255373,1.1
low,central,baseline,two,transition,Q17,234233.9826721173,15548.364346615883,249782.34701873318,113633.29812621683,11363.329812621694,1.1
low,central,baseline,two,transition,Q18,295219.4053403221,18119.673900125195,313339.0792404473,148346.4673481096,14834.646734810975,1.1
low,central,baseline,two,transition,Q19,329426.10356501973,20600.305961642825,350026.40952666255,172502.1443150093,17250.214431500946,1.1
low,central,baseline,two,transition,Q20,362314.90628944844,23020.47760161673,385335.38389106514,197451.7228450037,19745.17228450039,1.1
low,central,baseline,two,transition,Q21,398215.08652405965,25220.726127803842,423435.8126518635,225242.95343334432,22524.295343334452,1.1
low,central,baseline,two,transition,Q22,443318.6585714404,27335.031114536145,470653.68968597654,259635.55871255998,25963.555871256023,1.1
low,central,baseline,two,transition,Q23,497317.78313041513,33342.91897230021,530660.7021027154,303123.20828965574,30312.3208289656,1.1
low,central,baseline,two,transition,Q24,552858.1156778606,39101.091639881146,591959.2073177417,349658.9631038489,34965.896310384924,1.1
low,central,improved_pue,single,steady,Q01,17409.600000000002,2302.56,19712.160000000003,2956.824,591.3647999999998,1.2
low,central,improved_pue,single,steady,Q02,34990.12857599999,4639.305715200001,39629.43429119999,6332.090084633664,1252.6526036992675,1.1978260869565216
low,central,improved_pue,single,steady,Q03,38860.61216678485,4673.4914304,43534.10359718485,7843.923541828241,1534.6806929663946,1.1956521739130435
low,central,improved_pue,single,steady,Q04,42262.27540200453,4640.416864868572,46902.692266873106,9323.959404589312,1803.9834500183658,1.193478260869565
low,central,improved_pue,single,steady,Q05,44865.93257570447,4470.891855634286,49336.824431338755,10806.141759726026,2067.261901860631,1.191304347826087
low,central,improved_pue,single,steady,Q06,50398.88517457193,4161.978336137144,54560.863510709074,13009.300982100702,2460.4547509625227,1.1891304347826086
low,central,improved_pue,single,steady,Q07,54930.156746071254,3710.746102217143,58640.902848288395,15122.114207154671,2827.177873511526,1.1869565217391305
low,central,improved_pue,single,steady,Q08,58331.0490990713,5978.785228110061,64309.834327181365,17861.863968036596,3300.561820180674,1.184782608695652
low,central,improved_pue,single,steady,Q09,77849.26516698969,8139.073531541367,85988.33869853105,25688.005843559822,4690.853240997882,1.182608695652174
low,central,improved_pue,single,steady,Q10,101425.17192287606,7424.085593159753,108849.25751603581,34476.32117261946,6220.727515929161,1.1804347826086956
low,central,improved_pue,single,steady,Q11,112347.76736103206,6756.132499802451,119103.89986083451,40051.489813907996,7139.61340160968,1.1782608695652173
low,central,improved_pue,single,steady,Q12,123206.73597042676,6052.24520488913,129258.98117531589,45988.50421270838,8097.975741802997,1.1760869565217391
low,central,improved_pue,single,steady,Q13,138165.93552100228,8604.564988035809,146770.50050903807,55158.62422535593,9592.804213105373,1.1739130434782608
low,central,improved_pue,single,steady,Q14,152652.05204813168,11236.903740024469,163888.95578815613,64705.25233868034,11112.423771208145,1.1717391304347826
low,central,improved_pue,single,steady,Q15,166252.672783982,10540.0034306761,176792.6762146581,73293.33140210177,12427.999672530294,1.1695652173913043
low,central,improved_pue,single,steady,Q16,182796.8968420861,13124.029954644977,195920.92679673107,85070.54278255365,14240.0691179492,1.1673913043478261
low,central,improved_pue,single,steady,Q17,234233.9826721173,15548.364346615883,249782.34701873318,113633.29812621683,18774.197081722774,1.1652173913043478
low,central,improved_pue,single,steady,Q18,295219.4053403221,18119.673900125195,313339.0792404473,148346.4673481096,24186.924024148313,1.1630434782608696
low,central,improved_pue,single,steady,Q19,329426.10356501973,20600.305961642825,350026.40952666255,172502.1443150093,27750.34495502323,1.1608695652173913
low,central,improved_pue,single,steady,Q20,362314.90628944844,23020.47760161673,385335.38389106514,197451.7228450037,31334.72992975056,1.158695652173913
low,central,improved_pue,single,steady,Q21,398215.08652405965,25220.726127803842,423435.8126518635,225242.95343334432,35255.41879826259,1.1565217391304348
low,central,improved_pue,single,steady,Q22,443318.6585714404,27335.031114536145,470653.68968597654,259635.55871255998,40074.18406215597,1.1543478260869564
low,central,improved_pue,single,steady,Q23,497317.78313041513,33342.91897230021,530660.7021027154,303123.20828965574,46127.44473973022,1.1521739130434783
low,central,improved_pue,single,steady,Q24,552858.1156778606,39101.091639881146,591959.2073177417,349658.9631038489,52448.844465577306,1.15
low,central,improved_pue,single,transition,Q01,17409.600000000002,2302.56,19712.160000000003,2956.824,591.3647999999998,1.2
low,central,improved_pue,single,transition,Q02,34990.12857599999,4639.305715200001,39629.43429119999,6332.090084633664,1252.6526036992675,1.1978260869565216
low,central,improved_pue,single,transition,Q03,38860.61216678485,4673.4914304,43534.10359718485,7843.923541828241,1534.6806929663946,1.1956521739130435
low,central,improved_pue,single,transition,Q04,42262.27540200453,4640.416864868572,46902.692266873106,9323.959404589312,1803.9834500183658,1.193478260869565
low,central,improved_pue,single,transition,Q05,44865.93257570447,4470.891855634286,49336.824431338755,10806.141759726026,2067.261901860631,1.191304347826087
low,central,improved_pue,single,transition,Q06,50398.88517457193,4161.978336137144,54560.863510709074,13009.300982100702,2460.4547509625227,1.1891304347826086
low,central,improved_pue,single,transition,Q07,54930.156746071254,3710.746102217143,58640.902848288395,15122.114207154671,2827.177873511526,1.1869565217391305
low,central,improved_pue,single,transition,Q08,58331.0490990713,5978.785228110061,64309.834327181365,17861.863968036596,3300.561820180674,1.184782608695652
low,central,improved_pue,single,transition,Q09,77849.26516698969,8139.073531541367,85988.33869853105,25688.005843559822,4690.853240997882,1.182608695652174
low,central,improved_pue,single,transition,Q10,101425.17192287606,7424.085593159753,108849.25751603581,34476.32117261946,6220.727515929161,1.1804347826086956
low,central,improved_pue,single,transition,Q11,112347.76736103206,6756.132499802451,119103.89986083451,40051.489813907996,7139.61340160968,1.1782608695652173
low,central,improved_pue,single,transition,Q12,123206.73597042676,6052.24520488913,129258.98117531589,45988.50421270838,8097.975741802997,1.1760869565217391
low,central,improved_pue,single,transition,Q13,138165.93552100228,8604.564988035809,146770.50050903807,55158.62422535593,9592.804213105373,1.1739130434782608
low,central,improved_pue,single,transition,Q14,152652.05204813168,11236.903740024469,163888.95578815613,64705.25233868034,11112.423771208145,1.1717391304347826
low,central,improved_pue,single,transition,Q15,166252.672783982,10540.0034306761,176792.6762146581,73293.33140210177,12427.999672530294,1.1695652173913043
low,central,improved_pue,single,transition,Q16,182796.8968420861,13124.029954644977,195920.92679673107,85070.54278255365,14240.0691179492,1.1673913043478261
low,central,improved_pue,single,transition,Q17,234233.9826721173,15548.364346615883,249782.34701873318,113633.29812621683,18774.197081722774,1.1652173913043478
low,central,improved_pue,single,transition,Q18,295219.4053403221,18119.673900125195,313339.0792404473,148346.4673481096,24186.924024148313,1.1630434782608696
low,central,improved_pue,single,transition,Q19,329426.10356501973,20600.305961642825,350026.40952666255,172502.1443150093,27750.34495502323,1.1608695652173913
low,central,improved_pue,single,transition,Q20,362314.90628944844,23020.47760161673,385335.38389106514,197451.7228450037,31334.72992975056,1.158695652173913
low,central,improved_pue,single,transition,Q21,398215.08652405965,25220.726127803842,423435.8126518635,225242.95343334432,35255.41879826259,1.1565217391304348
low,central,improved_pue,single,transition,Q22,443318.6585714404,27335.031114536145,470653.68968597654,259635.55871255998,40074.18406215597,1.1543478260869564
low,central,improved_pue,single,transition,Q23,497317.78313041513,33342.91897230021,530660.7021027154,303123.20828965574,46127.44473973022,1.1521739130434783
low,central,improved_pue,single,transition,Q24,552858.1156778606,39101.091639881146,591959.2073177417,349658.9631038489,52448.844465577306,1.15
low,central,improved_pue,two,steady,Q01,17409.600000000002,2302.56,19712.160000000003,2956.824,295.68240000000026,1.1
low,central,improved_pue,two,steady,Q02,34990.12857599999,4639.305715200001,39629.43429119999,6332.090084633664,626.3263018496351,1.098913043478261
low,central,improved_pue,two,steady,Q03,38860.61216678485,4673.4914304,43534.10359718485,7843.923541828241,767.3403464831973,1.0978260869565217
low,central,improved_pue,two,steady,Q04,42262.27540200453,4640.416864868572,46902.692266873106,9323.959404589312,901.9917250091839,1.0967391304347827
low,central,improved_pue,two,steady,Q05,44865.93257570447,4470.891855634286,49336.824431338755,10806.141759726026,1033.6309509303167,1.0956521739130436
low,central,improved_pue,two,steady,Q06,50398.88517457193,4161.978336137144,54560.863510709074,13009.300982100702,1230.2273754812643,1.0945652173913045
low,central,improved_pue,two,steady,Q07,54930.156746071254,3710.746102217143,58640.902848288395,15122.114207154671,1413.588936755763,1.0934782608695652
low,central,improved_pue,two,steady,Q08,58331.0490990713,5978.785228110061,64309.834327181365,17861.863968036596,1650.2809100903391,1.0923913043478262
low,central,improved_pue,two,steady,Q09,77849.26516698969,8139.073531541367,85988.33869853105,25688.005843559822,2345.426620498944,1.091304347826087
low,central,improved_pue,two,steady,Q10,101425.17192287606,7424.085593159753,108849.25751603581,34476.32117261946,3110.3637579645806,1.0902173913043478
low,central,improved_pue,two,steady,Q11,112347.76736103206,6756.132499802451,119103.89986083451,40051.489813907996,3569.8067008048447,1.0891304347826087
low,central,improved_pue,two,steady,Q12,123206.73597042676,6052.24520488913,129258.98117531589,45988.50421270838,4048.9878709015034,1.0880434782608697
low,central,improved_pue,two,steady,Q13,138165.93552100228,8604.564988035809,146770.50050903807,55158.62422535593,4796.402106552699,1.0869565217391306
low,central,improved_pue,two,steady,Q14,152652.05204813168,11236.903740024469,163888.95578815613,64705.25233868034,5556.211885604072,1.0858695652173913
low,central,improved_pue,two,steady,Q15,166252.672783982,10540.0034306761,176792.6762146581,73293.33140210177,6213.999836265155,1.0847826086956522
low,central,improved_pue,two,steady,Q16,182796.8968420861,13124.029954644977,195920.92679673107,85070.54278255365,7120.034558974609,1.0836956521739132
low,central,improved_pue,two,steady,Q17,234233.9826721173,15548.364346615883,249782.34701873318,113633.29812621683,9387.098540861412,1.082608695652174
low,central,improved_pue,two,steady,Q18,295219.4053403221,18119.673900125195,313339.0792404473,148346.4673481096,12093.462012074157,1.0815217391304348
low,central,improved_pue,two,steady,Q19,329426.10356501973,20600.305961642825,350026.40952666255,172502.1443150093,13875.172477511633,1.0804347826086957
low,central,improved_pue,two,steady,Q20,362314.90628944844,23020.47760161673,385335.38389106514,197451.7228450037,15667.364964875323,1.0793478260869567
low,central,improved_pue,two,steady,Q21,398215.08652405965,25220.726127803842,423435.8126518635,225242.95343334432,17627.709399131294,1.0782608695652174
low,central,improved_pue,two,steady,Q22,443318.6585714404,27335.031114536145,470653.68968597654,259635.55871255998,20037.092031078013,1.0771739130434783
low,central,improved_pue,two,steady,Q23,497317.78313041513,33342.91897230021,530660.7021027154,303123.20828965574,23063.722369865147,1.0760869565217392
low,central,improved_pue,two,steady,Q24,552858.1156778606,39101.091639881146,591959.2073177417,349658.9631038489,26224.42223278873,1.0750000000000002
low,central,improved_pue,two,transition,Q01,17409.600000000002,2302.56,19712.160000000003,2956.824,295.68240000000026,1.1
low,central,improved_pue,two,transition,Q02,34990.12857599999,4639.305715200001,39629.43429119999,6332.090084633664,626.3263018496351,1.098913043478261
low,central,improved_pue,two,transition,Q03,38860.61216678485,4673.4914304,43534.10359718485,7843.923541828241,767.3403464831973,1.0978260869565217
low,central,improved_pue,two,transition,Q04,42262.27540200453,4640.416864868572,46902.692266873106,9323.959404589312,901.9917250091839,1.0967391304347827
low,central,improved_pue,two,transition,Q05,44865.93257570447,4470.891855634286,49336.824431338755,10806.141759726026,1033.6309509303167,1.0956521739130436
low,central,improved_pue,two,transition,Q06,50398.88517457193,4161.978336137144,54560.863510709074,13009.300982100702,1230.2273754812643,1.0945652173913045
low,central,improved_pue,two,transition,Q07,54930.156746071254,3710.746102217143,58640.902848288395,15122.114207154671,1413.588936755763,1.0934782608695652
low,central,improved_pue,two,transition,Q08,58331.0490990713,5978.785228110061,64309.834327181365,17861.863968036596,1650.2809100903391,1.0923913043478262
low,central,improved_pue,two,transition,Q09,77849.26516698969,8139.073531541367,85988.33869853105,25688.005843559822,2345.426620498944,1.091304347826087
low,central,improved_pue,two,transition,Q10,101425.17192287606,7424.085593159753,108849.25751603581,34476.32117261946,3110.3637579645806,1.0902173913043478
low,central,improved_pue,two,transition,Q11,112347.76736103206,6756.132499802451,119103.89986083451,40051.489813907996,3569.8067008048447,1.0891304347826087
low,central,improved_pue,two,transition,Q12,123206.73597042676,6052.24520488913,129258.98117531589,45988.50421270838,4048.9878709015034,1.0880434782608697
low,central,improved_pue,two,transition,Q13,138165.93552100228,8604.564988035809,146770.50050903807,55158.62422535593,4796.402106552699,1.0869565217391306
low,central,improved_pue,two,transition,Q14,152652.05204813168,11236.903740024469,163888.95578815613,64705.25233868034,5556.211885604072,1.0858695652173913
low,central,improved_pue,two,transition,Q15,166252.672783982,10540.0034306761,176792.6762146581,73293.33140210177,6213.999836265155,1.0847826086956522
low,central,improved_pue,two,transition,Q16,182796.8968420861,13124.029954644977,195920.92679673107,85070.54278255365,7120.034558974609,1.0836956521739132
low,central,improved_pue,two,transition,Q17,234233.9826721173,15548.364346615883,249782.34701873318,113633.29812621683,9387.098540861412,1.082608695652174
low,central,improved_pue,two,transition,Q18,295219.4053403221,18119.673900125195,313339.0792404473,148346.4673481096,12093.462012074157,1.0815217391304348
low,central,improved_pue,two,transition,Q19,329426.10356501973,20600.305961642825,350026.40952666255,172502.1443150093,13875.172477511633,1.0804347826086957
low,central,improved_pue,two,transition,Q20,362314.90628944844,23020.47760161673,385335.38389106514,197451.7228450037,15667.364964875323,1.0793478260869567
low,central,improved_pue,two,transition,Q21,398215.08652405965,25220.726127803842,423435.8126518635,225242.95343334432,17627.709399131294,1.0782608695652174
low,central,improved_pue,two,transition,Q22,443318.6585714404,27335.031114536145,470653.68968597654,259635.55871255998,20037.092031078013,1.0771739130434783
low,central,improved_pue,two,transition,Q23,497317.78313041513,33342.91897230021,530660.7021027154,303123.20828965574,23063.722369865147,1.0760869565217392
low,central,improved_pue,two,transition,Q24,552858.1156778606,39101.091639881146,591959.2073177417,349658.9631038489,26224.42223278873,1.0750000000000002
low,central,advanced_coolant,single,steady,Q01,17409.600000000002,2302.56,19712.160000000003,2956.824,591.3647999999998,1.2
low,central,advanced_coolant,single,steady,Q02,34990.12857599999,4639.305715200001,39629.43429119999,6332.090084633664,1266.4180169267327,1.2
low,central,advanced_coolant,single,steady,Q03,38860.61216678485,4673.4914304,43534.10359718485,7843.923541828241,1568.7847083656477,1.2
low,central,advanced_coolant,single,steady,Q04,42262.27540200453,4640.416864868572,46902.692266873106,9323.959404589312,1864.791880917862,1.2
low,central,advanced_coolant,single,steady,Q05,44865.93257570447,4470.891855634286,49336.824431338755,10806.141759726026,2161.228351945205,1.2
low,central,advanced_coolant,single,steady,Q06,50398.88517457193,4161.978336137144,54560.863510709074,13009.300982100702,2601.86019642014,1.2
low,central,advanced_coolant,single,steady,Q07,54930.156746071254,3710.746102217143,58640.902848288395,15122.114207154671,3024.4228414309337,1.2
low,central,advanced_coolant,single,steady,Q08,58331.0490990713,5978.785228110061,64309.834327181365,17861.863968036596,3572.3727936073183,1.2
low,central,advanced_coolant,single,steady,Q09,77849.26516698969,8139.073531541367,85988.33869853105,25688.005843559822,5137.6011687119635,1.2
low,central,advanced_coolant,single,steady,Q10,101425.17192287606,7424.085593159753,108849.25751603581,34476.32117261946,6895.26423452389,1.2
low,central,advanced_coolant,single,steady,Q11,112347.76736103206,6756.132499802451,119103.89986083451,40051.489813907996,8010.297962781598,1.2
low,central,advanced_coolant,single,steady,Q12,123206.73597042676,6052.24520488913,129258.98117531589,45988.50421270838,9197.700842541673,1.2
low,central,advanced_coolant,single,steady,Q13,138165.93552100228,8604.564988035809,146770.50050903807,55158.62422535593,11031.724845071183,1.2
low,central,advanced_coolant,single,steady,Q14,152652.05204813168,11236.903740024469,163888.95578815613,64705.25233868034,12941.050467736064,1.2
low,central,advanced_coolant,single,steady,Q15,166252.672783982,10540.0034306761,176792.6762146581,73293.33140210177,14658.666280420352,1.2
low,central,advanced_coolant,single,steady,Q16,182796.8968420861,13124.029954644977,195920.92679673107,85070.54278255365,17014.108556510724,1.2
low,central,advanced_coolant,single,steady,Q17,234233.9826721173,15548.364346615883,249782.34701873318,113633.29812621683,22726.659625243363,1.2
low,central,advanced_coolant,single,steady,Q18,295219.4053403221,18119.673900125195,313339.0792404473,148346.4673481096,29669.293469621916,1.2
low,central,advanced_coolant,single,steady,Q19,329426.10356501973,20600.305961642825,350026.40952666255,172502.1443150093,34500.42886300185,1.2
low,central,advanced_coolant,single,steady,Q20,362314.90628944844,23020.47760161673,385335.38389106514,197451.7228450037,39490.344569000736,1.2
low,central,advanced_coolant,single,steady,Q21,398215.08652405965,25220.726127803842,423435.8126518635,225242.95343334432,45048.59068666885,1.2
low,central,advanced_coolant,single,steady,Q22,443318.6585714404,27335.031114536145,470653.68968597654,259635.55871255998,51927.11174251199,1.2
low,central,advanced_coolant,single,steady,Q23,497317.78313041513,33342.91897230021,530660.7021027154,303123.20828965574,60624.64165793113,1.2
low,central,advanced_coolant,single,steady,Q24,552858.1156778606,39101.091639881146,591959.2073177417,349658.9631038489,69931.79262076977,1.2
low,central,advanced_coolant,single,transition,Q01,17409.600000000002,2302.56,19712.160000000003,2956.824,591.3647999999998,1.2
low,central,advanced_coolant,single,transition,Q02,34990.12857599999,4639.305715200001,39629.43429119999,6332.090084633664,1266.4180169267327,1.2
low,central,advanced_coolant,single,transition,Q03,38860.61216678485,4673.4914304,43534.10359718485,7843.923541828241,1568.7847083656477,1.2
low,central,advanced_coolant,single,transition,Q04,42262.27540200453,4640.416864868572,46902.692266873106,9323.959404589312,1864.791880917862,1.2
low,central,advanced_coolant,single,transition,Q05,44865.93257570447,4470.891855634286,49336.824431338755,10806.141759726026,2161.228351945205,1.2
low,central,advanced_coolant,single,transition,Q06,50398.88517457193,4161.978336137144,54560.863510709074,13009.300982100702,2601.86019642014,1.2
low,central,advanced_coolant,single,transition,Q07,54930.156746071254,3710.746102217143,58640.902848288395,15122.114207154671,3024.4228414309337,1.2
low,central,advanced_coolant,single,transition,Q08,58331.0490990713,5978.785228110061,64309.834327181365,17861.863968036596,3572.3727936073183,1.2
low,central,advanced_coolant,single,transition,Q09,77849.26516698969,8139.073531541367,85988.33869853105,25688.005843559822,5137.6011687119635,1.2
low,central,advanced_coolant,single,transition,Q10,101425.17192287606,7424.085593159753,108849.25751603581,34476.32117261946,6895.26423452389,1.2
low,central,advanced_coolant,single,transition,Q11,112347.76736103206,6756.132499802451,119103.89986083451,40051.489813907996,8010.297962781598,1.2
low,central,advanced_coolant,single,transition,Q12,123206.73597042676,6052.24520488913,129258.98117531589,45988.50421270838,9197.700842541673,1.2
low,central,advanced_coolant,single,transition,Q13,138165.93552100228,8604.564988035809,146770.50050903807,55158.62422535593,11031.724845071183,1.2
low,central,advanced_coolant,single,transition,Q14,152652.05204813168,11236.903740024469,163888.95578815613,64705.25233868034,12941.050467736064,1.2
low,central,advanced_coolant,single,transition,Q15,166252.672783982,10540.0034306761,176792.6762146581,73293.33140210177,14658.666280420352,1.2
low,central,advanced_coolant,single,transition,Q16,182796.8968420861,13124.029954644977,195920.92679673107,85070.54278255365,17014.108556510724,1.2
low,central,advanced_coolant,single,transition,Q17,234233.9826721173,15548.364346615883,249782.34701873318,113633.29812621683,22726.659625243363,1.2
low,central,advanced_coolant,single,transition,Q18,295219.4053403221,18119.673900125195,313339.0792404473,148346.4673481096,29669.293469621916,1.2
low,central,advanced_coolant,single,transition,Q19,329426.10356501973,20600.305961642825,350026.40952666255,172502.1443150093,34500.42886300185,1.2
low,central,advanced_coolant,single,transition,Q20,362314.90628944844,23020.47760161673,385335.38389106514,197451.7228450037,39490.344569000736,1.2
low,central,advanced_coolant,single,transition,Q21,398215.08652405965,25220.726127803842,423435.8126518635,225242.95343334432,45048.59068666885,1.2
low,central,advanced_coolant,single,transition,Q22,443318.6585714404,27335.031114536145,470653.68968597654,259635.55871255998,51927.11174251199,1.2
low,central,advanced_coolant,single,transition,Q23,497317.78313041513,33342.91897230021,530660.7021027154,303123.20828965574,60624.64165793113,1.2
low,central,advanced_coolant,single,transition,Q24,552858.1156778606,39101.091639881146,591959.2073177417,349658.9631038489,69931.79262076977,1.2
low,central,advanced_coolant,two,steady,Q01,17409.600000000002,2302.56,19712.160000000003,2956.824,295.68240000000026,1.1
low,central,advanced_coolant,two,steady,Q02,34990.12857599999,4639.305715200001,39629.43429119999,6332.090084633664,633.209008463367,1.1
low,central,advanced_coolant,two,steady,Q03,38860.61216678485,4673.4914304,43534.10359718485,7843.923541828241,784.3923541828248,1.1
low,central,advanced_coolant,two,steady,Q04,42262.27540200453,4640.416864868572,46902.692266873106,9323.959404589312,932.395940458932,1.1
low,central,advanced_coolant,two,steady,Q05,44865.93257570447,4470.891855634286,49336.824431338755,10806.141759726026,1080.6141759726036,1.1
low,central,advanced_coolant,two,steady,Q06,50398.88517457193,4161.978336137144,54560.863510709074,13009.300982100702,1300.9300982100713,1.1
low,central,advanced_coolant,two,steady,Q07,54930.156746071254,3710.746102217143,58640.902848288395,15122.114207154671,1512.2114207154684,1.1
low,central,advanced_coolant,two,steady,Q08,58331.0490990713,5978.785228110061,64309.834327181365,17861.863968036596,1786.1863968036612,1.1
low,central,advanced_coolant,two,steady,Q09,77849.26516698969,8139.073531541367,85988.33869853105,25688.005843559822,2568.8005843559845,1.1
low,central,advanced_coolant,two,steady,Q10,101425.17192287606,7424.085593159753,108849.25751603581,34476.32117261946,3447.6321172619487,1.1
low,central,advanced_coolant,two,steady,Q11,112347.76736103206,6756.132499802451,119103.89986083451,40051.489813907996,4005.1489813908033,1.1
low,central,advanced_coolant,two,steady,Q12,123206.73597042676,6052.24520488913,129258.98117531589,45988.50421270838,4598.850421270842,1.1
low,central,advanced_coolant,two,steady,Q13,138165.93552100228,8604.564988035809,146770.50050903807,55158.62422535593,5515.862422535598,1.1
low,central,advanced_coolant,two,steady,Q14,152652.05204813168,11236.903740024469,163888.95578815613,64705.25233868034,6470.525233868039,1.1
low,central,advanced_coolant,two,steady,Q15,166252.672783982,10540.0034306761,176792.6762146581,73293.33140210177,7329.333140210184,1.1
low,central,advanced_coolant,two,steady,Q16,182796.8968420861,13124.029954644977,195920.92679673107,85070.54278255365,8507.054278255373,1.1
low,central,advanced_coolant,two,steady,Q17,234233.9826721173,15548.364346615883,249782.34701873318,113633.29812621683,11363.329812621694,1.1
low,central,advanced_coolant,two,steady,Q18,295219.4053403221,18119.673900125195,313339.0792404473,148346.4673481096,14834.646734810975,1.1
low,central,advanced_coolant,two,steady,Q19,329426.10356501973,20600.305961642825,350026.40952666255,172502.1443150093,17250.214431500946,1.1
low,central,advanced_coolant,two,steady,Q20,362314.90628944844,23020.47760161673,385335.38389106514,197451.7228450037,19745.17228450039,1.1
low,central,advanced_coolant,two,steady,Q21,398215.08652405965,25220.726127803842,423435.8126518635,225242.95343334432,22524.295343334452,1.1
low,central,advanced_coolant,two,steady,Q22,443318.6585714404,27335.031114536145,470653.68968597654,259635.55871255998,25963.555871256023,1.1
low,central,advanced_coolant,two,steady,Q23,497317.78313041513,33342.91897230021,530660.7021027154,303123.20828965574,30312.3208289656,1.1
low,central,advanced_coolant,two,steady,Q24,552858.1156778606,39101.091639881146,591959.2073177417,349658.9631038489,34965.896310384924,1.1
low,central,advanced_coolant,two,transition,Q01,17409.600000000002,2302.56,19712.160000000003,2956.824,295.68240000000026,1.1
low,central,advanced_coolant,two,transition,Q02,34990.12857599999,4639.305715200001,39629.43429119999,6332.090084633664,633.209008463367,1.1
low,central,advanced_coolant,two,transition,Q03,38860.61216678485,4673.4914304,43534.10359718485,7843.923541828241,784.3923541828248,1.1
low,central,advanced_coolant,two,transition,Q04,42262.27540200453,4640.416864868572,46902.692266873106,9323.959404589312,932.395940458932,1.1
low,central,advanced_coolant,two,transition,Q05,44865.93257570447,4470.891855634286,49336.824431338755,10806.141759726026,1080.6141759726036,1.1
low,central,advanced_coolant,two,transition,Q06,50398.88517457193,4161.978336137144,54560.863510709074,13009.300982100702,1300.9300982100713,1.1
low,central,advanced_coolant,two,transition,Q07,54930.156746071254,3710.746102217143,58640.902848288395,15122.114207154671,1512.2114207154684,1.1
low,central,advanced_coolant,two,transition,Q08,58331.0490990713,5978.785228110061,64309.834327181365,17861.863968036596,1786.1863968036612,1.1
low,central,advanced_coolant,two,transition,Q09,77849.26516698969,8139.073531541367,85988.33869853105,25688.005843559822,2568.8005843559845,1.1
low,central,advanced_coolant,two,transition,Q10,101425.17192287606,7424.085593159753,108849.25751603581,34476.32117261946,3447.6321172619487,1.1
low,central,advanced_coolant,two,transition,Q11,112347.76736103206,6756.132499802451,119103.89986083451,40051.489813907996,4005.1489813908033,1.1
low,central,advanced_coolant,two,transition,Q12,123206.73597042676,6052.24520488913,129258.98117531589,45988.50421270838,4598.850421270842,1.1
low,central,advanced_coolant,two,transition,Q13,138165.93552100228,8604.564988035809,146770.50050903807,55158.62422535593,5515.862422535598,1.1
low,central,advanced_coolant,two,transition,Q14,152652.05204813168,11236.903740024469,163888.95578815613,64705.25233868034,6470.525233868039,1.1
low,central,advanced_coolant,two,transition,Q15,166252.672783982,10540.0034306761,176792.6762146581,73293.33140210177,7329.333140210184,1.1
low,central,advanced_coolant,two,transition,Q16,182796.8968420861,13124.029954644977,195920.92679673107,85070.54278255365,8507.054278255373,1.1
low,central,advanced_coolant,two,transition,Q17,234233.9826721173,15548.364346615883,249782.34701873318,113633.29812621683,11363.329812621694,1.1
low,central,advanced_coolant,two,transition,Q18,295219.4053403221,18119.673900125195,313339.0792404473,148346.4673481096,14834.646734810975,1.1
low,central,advanced_coolant,two,transition,Q19,329426.10356501973,20600.305961642825,350026.40952666255,172502.1443150093,17250.214431500946,1.1
low,central,advanced_coolant,two,transition,Q20,362314.90628944844,23020.47760161673,385335.38389106514,197451.7228450037,19745.17228450039,1.1
low,central,advanced_coolant,two,transition,Q21,398215.08652405965,25220.726127803842,423435.8126518635,225242.95343334432,22524.295343334452,1.1
low,central,advanced_coolant,two,transition,Q22,443318.6585714404,27335.031114536145,470653.68968597654,259635.55871255998,25963.555871256023,1.1
low,central,advanced_coolant,two,transition,Q23,497317.78313041513,33342.91897230021,530660.7021027154,303123.20828965574,30312.3208289656,1.1
low,central,advanced_coolant,two,transition,Q24,552858.1156778606,39101.091639881146,591959.2073177417,349658.9631038489,34965.896310384924,1.1
low,central,coolant_recovery,single,steady,Q01,17409.600000000002,2302.56,19712.160000000003,2956.824,591.3647999999998,1.2
low,central,coolant_recovery,single,steady,Q02,34990.12857599999,4639.305715200001,39629.43429119999,6332.090084633664,1266.4180169267327,1.2
low,central,coolant_recovery,single,steady,Q03,38860.61216678485,4673.4914304,43534.10359718485,7843.923541828241,1568.7847083656477,1.2
low,central,coolant_recovery,single,steady,Q04,42262.27540200453,4640.416864868572,46902.692266873106,9323.959404589312,1864.791880917862,1.2
low,central,coolant_recovery,single,steady,Q05,44865.93257570447,4470.891855634286,49336.824431338755,10806.141759726026,2161.228351945205,1.2
low,central,coolant_recovery,single,steady,Q06,50398.88517457193,4161.978336137144,54560.863510709074,13009.300982100702,2601.86019642014,1.2
low,central,coolant_recovery,single,steady,Q07,54930.156746071254,3710.746102217143,58640.902848288395,15122.114207154671,3024.4228414309337,1.2
low,central,coolant_recovery,single,steady,Q08,58331.0490990713,5978.785228110061,64309.834327181365,17861.863968036596,3572.3727936073183,1.2
low,central,coolant_recovery,single,steady,Q09,77849.26516698969,8139.073531541367,85988.33869853105,25688.005843559822,5137.6011687119635,1.2
low,central,coolant_recovery,single,steady,Q10,101425.17192287606,7424.085593159753,108849.25751603581,34476.32117261946,6895.26423452389,1.2
low,central,coolant_recovery,single,steady,Q11,112347.76736103206,6756.132499802451,119103.89986083451,40051.489813907996,8010.297962781598,1.2
low,central,coolant_recovery,single,steady,Q12,123206.73597042676,6052.24520488913,129258.98117531589,45988.50421270838,9197.700842541673,1.2
low,central,coolant_recovery,single,steady,Q13,138165.93552100228,8604.564988035809,146770.50050903807,55158.62422535593,11031.724845071183,1.2
low,central,coolant_recovery,single,steady,Q14,152652.05204813168,11236.903740024469,163888.95578815613,64705.25233868034,12941.050467736064,1.2
low,central,coolant_recovery,single,steady,Q15,166252.672783982,10540.0034306761,176792.6762146581,73293.33140210177,14658.666280420352,1.2
low,central,coolant_recovery,single,steady,Q16,182796.8968420861,13124.029954644977,195920.92679673107,85070.54278255365,17014.108556510724,1.2
low,central,coolant_recovery,single,steady,Q17,234233.9826721173,15548.364346615883,249782.34701873318,113633.29812621683,22726.659625243363,1.2
low,central,coolant_recovery,single,steady,Q18,295219.4053403221,18119.673900125195,313339.0792404473,148346.4673481096,29669.293469621916,1.2
low,central,coolant_recovery,single,steady,Q19,329426.10356501973,20600.305961642825,350026.40952666255,172502.1443150093,34500.42886300185,1.2
low,central,coolant_recovery,single,steady,Q20,362314.90628944844,23020.47760161673,385335.38389106514,197451.7228450037,39490.344569000736,1.2
low,central,coolant_recovery,single,steady,Q21,398215.08652405965,25220.726127803842,423435.8126518635,225242.95343334432,45048.59068666885,1.2
low,central,coolant_recovery,single,steady,Q22,443318.6585714404,27335.031114536145,470653.68968597654,259635.55871255998,51927.11174251199,1.2
low,central,coolant_recovery,single,steady,Q23,497317.78313041513,33342.91897230021,530660.7021027154,303123.20828965574,60624.64165793113,1.2
low,central,coolant_recovery,single,steady,Q24,552858.1156778606,39101.091639881146,591959.2073177417,349658.9631038489,69931.79262076977,1.2
low,central,coolant_recovery,single,transition,Q01,17409.600000000002,2302.56,19712.160000000003,2956.824,591.3647999999998,1.2
low,central,coolant_recovery,single,transition,Q02,34990.12857599999,4639.305715200001,39629.43429119999,6332.090084633664,1266.4180169267327,1.2
low,central,coolant_recovery,single,transition,Q03,38860.61216678485,4673.4914304,43534.10359718485,7843.923541828241,1568.7847083656477,1.2
low,central,coolant_recovery,single,transition,Q04,42262.27540200453,4640.416864868572,46902.692266873106,9323.959404589312,1864.791880917862,1.2
low,central,coolant_recovery,single,transition,Q05,44865.93257570447,4470.891855634286,49336.824431338755,10806.141759726026,2161.228351945205,1.2
low,central,coolant_recovery,single,transition,Q06,50398.88517457193,4161.978336137144,54560.863510709074,13009.300982100702,2601.86019642014,1.2
low,central,coolant_recovery,single,transition,Q07,54930.156746071254,3710.746102217143,58640.902848288395,15122.114207154671,3024.4228414309337,1.2
low,central,coolant_recovery,single,transition,Q08,58331.0490990713,5978.785228110061,64309.834327181365,17861.863968036596,3572.3727936073183,1.2
low,central,coolant_recovery,single,transition,Q09,77849.26516698969,8139.073531541367,85988.33869853105,25688.005843559822,5137.6011687119635,1.2
low,central,coolant_recovery,single,transition,Q10,101425.17192287606,7424.085593159753,108849.25751603581,34476.32117261946,6895.26423452389,1.2
low,central,coolant_recovery,single,transition,Q11,112347.76736103206,6756.132499802451,119103.89986083451,40051.489813907996,8010.297962781598,1.2
low,central,coolant_recovery,single,transition,Q12,123206.73597042676,6052.24520488913,129258.98117531589,45988.50421270838,9197.700842541673,1.2
low,central,coolant_recovery,single,transition,Q13,138165.93552100228,8604.564988035809,146770.50050903807,55158.62422535593,11031.724845071183,1.2
low,central,coolant_recovery,single,transition,Q14,152652.05204813168,11236.903740024469,163888.95578815613,64705.25233868034,12941.050467736064,1.2
low,central,coolant_recovery,single,transition,Q15,166252.672783982,10540.0034306761,176792.6762146581,73293.33140210177,14658.666280420352,1.2
low,central,coolant_recovery,single,transition,Q16,182796.8968420861,13124.029954644977,195920.92679673107,85070.54278255365,17014.108556510724,1.2
low,central,coolant_recovery,single,transition,Q17,234233.9826721173,15548.364346615883,249782.34701873318,113633.29812621683,22726.659625243363,1.2
low,central,coolant_recovery,single,transition,Q18,295219.4053403221,18119.673900125195,313339.0792404473,148346.4673481096,29669.293469621916,1.2
low,central,coolant_recovery,single,transition,Q19,329426.10356501973,20600.305961642825,350026.40952666255,172502.1443150093,34500.42886300185,1.2
low,central,coolant_recovery,single,transition,Q20,362314.90628944844,23020.47760161673,385335.38389106514,197451.7228450037,39490.344569000736,1.2
low,central,coolant_recovery,single,transition,Q21,398215.08652405965,25220.726127803842,423435.8126518635,225242.95343334432,45048.59068666885,1.2
low,central,coolant_recovery,single,transition,Q22,443318.6585714404,27335.031114536145,470653.68968597654,259635.55871255998,51927.11174251199,1.2
low,central,coolant_recovery,single,transition,Q23,497317.78313041513,33342.91897230021,530660.7021027154,303123.20828965574,60624.64165793113,1.2
low,central,coolant_recovery,single,transition,Q24,552858.1156778606,39101.091639881146,591959.2073177417,349658.9631038489,69931.79262076977,1.2
low,central,coolant_recovery,two,steady,Q01,17409.600000000002,2302.56,19712.160000000003,2956.824,295.68240000000026,1.1
low,central,coolant_recovery,two,steady,Q02,34990.12857599999,4639.305715200001,39629.43429119999,6332.090084633664,633.209008463367,1.1
low,central,coolant_recovery,two,steady,Q03,38860.61216678485,4673.4914304,43534.10359718485,7843.923541828241,784.3923541828248,1.1
low,central,coolant_recovery,two,steady,Q04,42262.27540200453,4640.416864868572,46902.692266873106,9323.959404589312,932.395940458932,1.1
low,central,coolant_recovery,two,steady,Q05,44865.93257570447,4470.891855634286,49336.824431338755,10806.141759726026,1080.6141759726036,1.1
low,central,coolant_recovery,two,steady,Q06,50398.88517457193,4161.978336137144,54560.863510709074,13009.300982100702,1300.9300982100713,1.1
low,central,coolant_recovery,two,steady,Q07,54930.156746071254,3710.746102217143,58640.902848288395,15122.114207154671,1512.2114207154684,1.1
low,central,coolant_recovery,two,steady,Q08,58331.0490990713,5978.785228110061,64309.834327181365,17861.863968036596,1786.1863968036612,1.1
low,central,coolant_recovery,two,steady,Q09,77849.26516698969,8139.073531541367,85988.33869853105,25688.005843559822,2568.8005843559845,1.1
low,central,coolant_recovery,two,steady,Q10,101425.17192287606,7424.085593159753,108849.25751603581,34476.32117261946,3447.6321172619487,1.1
low,central,coolant_recovery,two,steady,Q11,112347.76736103206,6756.132499802451,119103.89986083451,40051.489813907996,4005.1489813908033,1.1
low,central,coolant_recovery,two,steady,Q12,123206.73597042676,6052.24520488913,129258.98117531589,45988.50421270838,4598.850421270842,1.1
low,central,coolant_recovery,two,steady,Q13,138165.93552100228,8604.564988035809,146770.50050903807,55158.62422535593,5515.862422535598,1.1
low,central,coolant_recovery,two,steady,Q14,152652.05204813168,11236.903740024469,163888.95578815613,64705.25233868034,6470.525233868039,1.1
low,central,coolant_recovery,two,steady,Q15,166252.672783982,10540.0034306761,176792.6762146581,73293.33140210177,7329.333140210184,1.1
low,central,coolant_recovery,two,steady,Q16,182796.8968420861,13124.029954644977,195920.92679673107,85070.54278255365,8507.054278255373,1.1
low,central,coolant_recovery,two,steady,Q17,234233.9826721173,15548.364346615883,249782.34701873318,113633.29812621683,11363.329812621694,1.1
low,central,coolant_recovery,two,steady,Q18,295219.4053403221,18119.673900125195,313339.0792404473,148346.4673481096,14834.646734810975,1.1
low,central,coolant_recovery,two,steady,Q19,329426.10356501973,20600.305961642825,350026.40952666255,172502.1443150093,17250.214431500946,1.1
low,central,coolant_recovery,two,steady,Q20,362314.90628944844,23020.47760161673,385335.38389106514,197451.7228450037,19745.17228450039,1.1
low,central,coolant_recovery,two,steady,Q21,398215.08652405965,25220.726127803842,423435.8126518635,225242.95343334432,22524.295343334452,1.1
low,central,coolant_recovery,two,steady,Q22,443318.6585714404,27335.031114536145,470653.68968597654,259635.55871255998,25963.555871256023,1.1
low,central,coolant_recovery,two,steady,Q23,497317.78313041513,33342.91897230021,530660.7021027154,303123.20828965574,30312.3208289656,1.1
low,central,coolant_recovery,two,steady,Q24,552858.1156778606,39101.091639881146,591959.2073177417,349658.9631038489,34965.896310384924,1.1
low,central,coolant_recovery,two,transition,Q01,17409.600000000002,2302.56,19712.160000000003,2956.824,295.68240000000026,1.1
low,central,coolant_recovery,two,transition,Q02,34990.12857599999,4639.305715200001,39629.43429119999,6332.090084633664,633.209008463367,1.1
low,central,coolant_recovery,two,transition,Q03,38860.61216678485,4673.4914304,43534.10359718485,7843.923541828241,784.3923541828248,1.1
low,central,coolant_recovery,two,transition,Q04,42262.27540200453,4640.416864868572,46902.692266873106,9323.959404589312,932.395940458932,1.1
low,central,coolant_recovery,two,transition,Q05,44865.93257570447,4470.891855634286,49336.824431338755,10806.141759726026,1080.6141759726036,1.1
low,central,coolant_recovery,two,transition,Q06,50398.88517457193,4161.978336137144,54560.863510709074,13009.300982100702,1300.9300982100713,1.1
low,central,coolant_recovery,two,transition,Q07,54930.156746071254,3710.746102217143,58640.902848288395,15122.114207154671,1512.2114207154684,1.1
low,central,coolant_recovery,two,transition,Q08,58331.0490990713,5978.785228110061,64309.834327181365,17861.863968036596,1786.1863968036612,1.1
low,central,coolant_recovery,two,transition,Q09,77849.26516698969,8139.073531541367,85988.33869853105,25688.005843559822,2568.8005843559845,1.1
low,central,coolant_recovery,two,transition,Q10,101425.17192287606,7424.085593159753,108849.25751603581,34476.32117261946,3447.6321172619487,1.1
low,central,coolant_recovery,two,transition,Q11,112347.76736103206,6756.132499802451,119103.89986083451,40051.489813907996,4005.1489813908033,1.1
low,central,coolant_recovery,two,transition,Q12,123206.73597042676,6052.24520488913,129258.98117531589,45988.50421270838,4598.850421270842,1.1
low,central,coolant_recovery,two,transition,Q13,138165.93552100228,8604.564988035809,146770.50050903807,55158.62422535593,5515.862422535598,1.1
low,central,coolant_recovery,two,transition,Q14,152652.05204813168,11236.903740024469,163888.95578815613,64705.25233868034,6470.525233868039,1.1
low,central,coolant_recovery,two,transition,Q15,166252.672783982,10540.0034306761,176792.6762146581,73293.33140210177,7329.333140210184,1.1
low,central,coolant_recovery,two,transition,Q16,182796.8968420861,13124.029954644977,195920.92679673107,85070.54278255365,8507.054278255373,1.1
low,central,coolant_recovery,two,transition,Q17,234233.9826721173,15548.364346615883,249782.34701873318,113633.29812621683,11363.329812621694,1.1
low,central,coolant_recovery,two,transition,Q18,295219.4053403221,18119.673900125195,313339.0792404473,148346.4673481096,14834.646734810975,1.1
low,central,coolant_recovery,two,transition,Q19,329426.10356501973,20600.305961642825,350026.40952666255,172502.1443150093,17250.214431500946,1.1
low,central,coolant_recovery,two,transition,Q20,362314.90628944844,23020.47760161673,385335.38389106514,197451.7228450037,19745.17228450039,1.1
low,central,coolant_recovery,two,transition,Q21,398215.08652405965,25220.726127803842,423435.8126518635,225242.95343334432,22524.295343334452,1.1
low,central,coolant_recovery,two,transition,Q22,443318.6585714404,27335.031114536145,470653.68968597654,259635.55871255998,25963.555871256023,1.1
low,central,coolant_recovery,two,transition,Q23,497317.78313041513,33342.91897230021,530660.7021027154,303123.20828965574,30312.3208289656,1.1
low,central,coolant_recovery,two,transition,Q24,552858.1156778606,39101.091639881146,591959.2073177417,349658.9631038489,34965.896310384924,1.1
low,central,combined_strategy,single,steady,Q01,17409.600000000002,2302.56,19712.160000000003,2956.824,591.3647999999998,1.2
low,central,combined_strategy,single,steady,Q02,34990.12857599999,4639.305715200001,39629.43429119999,6332.090084633664,1252.6526036992675,1.1978260869565216
low,central,combined_strategy,single,steady,Q03,38860.61216678485,4673.4914304,43534.10359718485,7843.923541828241,1534.6806929663946,1.1956521739130435
low,central,combined_strategy,single,steady,Q04,42262.27540200453,4640.416864868572,46902.692266873106,9323.959404589312,1803.9834500183658,1.193478260869565
low,central,combined_strategy,single,steady,Q05,44865.93257570447,4470.891855634286,49336.824431338755,10806.141759726026,2067.261901860631,1.191304347826087
low,central,combined_strategy,single,steady,Q06,50398.88517457193,4161.978336137144,54560.863510709074,13009.300982100702,2460.4547509625227,1.1891304347826086
low,central,combined_strategy,single,steady,Q07,54930.156746071254,3710.746102217143,58640.902848288395,15122.114207154671,2827.177873511526,1.1869565217391305
low,central,combined_strategy,single,steady,Q08,58331.0490990713,5978.785228110061,64309.834327181365,17861.863968036596,3300.561820180674,1.184782608695652
low,central,combined_strategy,single,steady,Q09,77849.26516698969,8139.073531541367,85988.33869853105,25688.005843559822,4690.853240997882,1.182608695652174
low,central,combined_strategy,single,steady,Q10,101425.17192287606,7424.085593159753,108849.25751603581,34476.32117261946,6220.727515929161,1.1804347826086956
low,central,combined_strategy,single,steady,Q11,112347.76736103206,6756.132499802451,119103.89986083451,40051.489813907996,7139.61340160968,1.1782608695652173
low,central,combined_strategy,single,steady,Q12,123206.73597042676,6052.24520488913,129258.98117531589,45988.50421270838,8097.975741802997,1.1760869565217391
low,central,combined_strategy,single,steady,Q13,138165.93552100228,8604.564988035809,146770.50050903807,55158.62422535593,9592.804213105373,1.1739130434782608
low,central,combined_strategy,single,steady,Q14,152652.05204813168,11236.903740024469,163888.95578815613,64705.25233868034,11112.423771208145,1.1717391304347826
low,central,combined_strategy,single,steady,Q15,166252.672783982,10540.0034306761,176792.6762146581,73293.33140210177,12427.999672530294,1.1695652173913043
low,central,combined_strategy,single,steady,Q16,182796.8968420861,13124.029954644977,195920.92679673107,85070.54278255365,14240.0691179492,1.1673913043478261
low,central,combined_strategy,single,steady,Q17,234233.9826721173,15548.364346615883,249782.34701873318,113633.29812621683,18774.197081722774,1.1652173913043478
low,central,combined_strategy,single,steady,Q18,295219.4053403221,18119.673900125195,313339.0792404473,148346.4673481096,24186.924024148313,1.1630434782608696
low,central,combined_strategy,single,steady,Q19,329426.10356501973,20600.305961642825,350026.40952666255,172502.1443150093,27750.34495502323,1.1608695652173913
low,central,combined_strategy,single,steady,Q20,362314.90628944844,23020.47760161673,385335.38389106514,197451.7228450037,31334.72992975056,1.158695652173913
low,central,combined_strategy,single,steady,Q21,398215.08652405965,25220.726127803842,423435.8126518635,225242.95343334432,35255.41879826259,1.1565217391304348
low,central,combined_strategy,single,steady,Q22,443318.6585714404,27335.031114536145,470653.68968597654,259635.55871255998,40074.18406215597,1.1543478260869564
low,central,combined_strategy,single,steady,Q23,497317.78313041513,33342.91897230021,530660.7021027154,303123.20828965574,46127.44473973022,1.1521739130434783
low,central,combined_strategy,single,steady,Q24,552858.1156778606,39101.091639881146,591959.2073177417,349658.9631038489,52448.844465577306,1.15
low,central,combined_strategy,single,transition,Q01,17409.600000000002,2302.56,19712.160000000003,2956.824,591.3647999999998,1.2
low,central,combined_strategy,single,transition,Q02,34990.12857599999,4639.305715200001,39629.43429119999,6332.090084633664,1252.6526036992675,1.1978260869565216
low,central,combined_strategy,single,transition,Q03,38860.61216678485,4673.4914304,43534.10359718485,7843.923541828241,1534.6806929663946,1.1956521739130435
low,central,combined_strategy,single,transition,Q04,42262.27540200453,4640.416864868572,46902.692266873106,9323.959404589312,1803.9834500183658,1.193478260869565
low,central,combined_strategy,single,transition,Q05,44865.93257570447,4470.891855634286,49336.824431338755,10806.141759726026,2067.261901860631,1.191304347826087
low,central,combined_strategy,single,transition,Q06,50398.88517457193,4161.978336137144,54560.863510709074,13009.300982100702,2460.4547509625227,1.1891304347826086
low,central,combined_strategy,single,transition,Q07,54930.156746071254,3710.746102217143,58640.902848288395,15122.114207154671,2827.177873511526,1.1869565217391305
low,central,combined_strategy,single,transition,Q08,58331.0490990713,5978.785228110061,64309.834327181365,17861.863968036596,3300.561820180674,1.184782608695652
low,central,combined_strategy,single,transition,Q09,77849.26516698969,8139.073531541367,85988.33869853105,25688.005843559822,4690.853240997882,1.182608695652174
low,central,combined_strategy,single,transition,Q10,101425.17192287606,7424.085593159753,108849.25751603581,34476.32117261946,6220.727515929161,1.1804347826086956
low,central,combined_strategy,single,transition,Q11,112347.76736103206,6756.132499802451,119103.89986083451,40051.489813907996,7139.61340160968,1.1782608695652173
low,central,combined_strategy,single,transition,Q12,123206.73597042676,6052.24520488913,129258.98117531589,45988.50421270838,8097.975741802997,1.1760869565217391
low,central,combined_strategy,single,transition,Q13,138165.93552100228,8604.564988035809,146770.50050903807,55158.62422535593,9592.804213105373,1.1739130434782608
low,central,combined_strategy,single,transition,Q14,152652.05204813168,11236.903740024469,163888.95578815613,64705.25233868034,11112.423771208145,1.1717391304347826
low,central,combined_strategy,single,transition,Q15,166252.672783982,10540.0034306761,176792.6762146581,73293.33140210177,12427.999672530294,1.1695652173913043
low,central,combined_strategy,single,transition,Q16,182796.8968420861,13124.029954644977,195920.92679673107,85070.54278255365,14240.0691179492,1.1673913043478261
low,central,combined_strategy,single,transition,Q17,234233.9826721173,15548.364346615883,249782.34701873318,113633.29812621683,18774.197081722774,1.1652173913043478
low,central,combined_strategy,single,transition,Q18,295219.4053403221,18119.673900125195,313339.0792404473,148346.4673481096,24186.924024148313,1.1630434782608696
low,central,combined_strategy,single,transition,Q19,329426.10356501973,20600.305961642825,350026.40952666255,172502.1443150093,27750.34495502323,1.1608695652173913
low,central,combined_strategy,single,transition,Q20,362314.90628944844,23020.47760161673,385335.38389106514,197451.7228450037,31334.72992975056,1.158695652173913
low,central,combined_strategy,single,transition,Q21,398215.08652405965,25220.726127803842,423435.8126518635,225242.95343334432,35255.41879826259,1.1565217391304348
low,central,combined_strategy,single,transition,Q22,443318.6585714404,27335.031114536145,470653.68968597654,259635.55871255998,40074.18406215597,1.1543478260869564
low,central,combined_strategy,single,transition,Q23,497317.78313041513,33342.91897230021,530660.7021027154,303123.20828965574,46127.44473973022,1.1521739130434783
low,central,combined_strategy,single,transition,Q24,552858.1156778606,39101.091639881146,591959.2073177417,349658.9631038489,52448.844465577306,1.15
low,central,combined_strategy,two,steady,Q01,17409.600000000002,2302.56,19712.160000000003,2956.824,295.68240000000026,1.1
low,central,combined_strategy,two,steady,Q02,34990.12857599999,4639.305715200001,39629.43429119999,6332.090084633664,626.3263018496351,1.098913043478261
low,central,combined_strategy,two,steady,Q03,38860.61216678485,4673.4914304,43534.10359718485,7843.923541828241,767.3403464831973,1.0978260869565217
low,central,combined_strategy,two,steady,Q04,42262.27540200453,4640.416864868572,46902.692266873106,9323.959404589312,901.9917250091839,1.0967391304347827
low,central,combined_strategy,two,steady,Q05,44865.93257570447,4470.891855634286,49336.824431338755,10806.141759726026,1033.6309509303167,1.0956521739130436
low,central,combined_strategy,two,steady,Q06,50398.88517457193,4161.978336137144,54560.863510709074,13009.300982100702,1230.2273754812643,1.0945652173913045
low,central,combined_strategy,two,steady,Q07,54930.156746071254,3710.746102217143,58640.902848288395,15122.114207154671,1413.588936755763,1.0934782608695652
low,central,combined_strategy,two,steady,Q08,58331.0490990713,5978.785228110061,64309.834327181365,17861.863968036596,1650.2809100903391,1.0923913043478262
low,central,combined_strategy,two,steady,Q09,77849.26516698969,8139.073531541367,85988.33869853105,25688.005843559822,2345.426620498944,1.091304347826087
low,central,combined_strategy,two,steady,Q10,101425.17192287606,7424.085593159753,108849.25751603581,34476.32117261946,3110.3637579645806,1.0902173913043478
low,central,combined_strategy,two,steady,Q11,112347.76736103206,6756.132499802451,119103.89986083451,40051.489813907996,3569.8067008048447,1.0891304347826087
low,central,combined_strategy,two,steady,Q12,123206.73597042676,6052.24520488913,129258.98117531589,45988.50421270838,4048.9878709015034,1.0880434782608697
low,central,combined_strategy,two,steady,Q13,138165.93552100228,8604.564988035809,146770.50050903807,55158.62422535593,4796.402106552699,1.0869565217391306
low,central,combined_strategy,two,steady,Q14,152652.05204813168,11236.903740024469,163888.95578815613,64705.25233868034,5556.211885604072,1.0858695652173913
low,central,combined_strategy,two,steady,Q15,166252.672783982,10540.0034306761,176792.6762146581,73293.33140210177,6213.999836265155,1.0847826086956522
low,central,combined_strategy,two,steady,Q16,182796.8968420861,13124.029954644977,195920.92679673107,85070.54278255365,7120.034558974609,1.0836956521739132
low,central,combined_strategy,two,steady,Q17,234233.9826721173,15548.364346615883,249782.34701873318,113633.29812621683,9387.098540861412,1.082608695652174
low,central,combined_strategy,two,steady,Q18,295219.4053403221,18119.673900125195,313339.0792404473,148346.4673481096,12093.462012074157,1.0815217391304348
low,central,combined_strategy,two,steady,Q19,329426.10356501973,20600.305961642825,350026.40952666255,172502.1443150093,13875.172477511633,1.0804347826086957
low,central,combined_strategy,two,steady,Q20,362314.90628944844,23020.47760161673,385335.38389106514,197451.7228450037,15667.364964875323,1.0793478260869567
low,central,combined_strategy,two,steady,Q21,398215.08652405965,25220.726127803842,423435.8126518635,225242.95343334432,17627.709399131294,1.0782608695652174
low,central,combined_strategy,two,steady,Q22,443318.6585714404,27335.031114536145,470653.68968597654,259635.55871255998,20037.092031078013,1.0771739130434783
low,central,combined_strategy,two,steady,Q23,497317.78313041513,33342.91897230021,530660.7021027154,303123.20828965574,23063.722369865147,1.0760869565217392
low,central,combined_strategy,two,steady,Q24,552858.1156778606,39101.091639881146,591959.2073177417,349658.9631038489,26224.42223278873,1.0750000000000002
low,central,combined_strategy,two,transition,Q01,17409.600000000002,2302.56,19712.160000000003,2956.824,295.68240000000026,1.1
low,central,combined_strategy,two,transition,Q02,34990.12857599999,4639.305715200001,39629.43429119999,6332.090084633664,626.3263018496351,1.098913043478261
low,central,combined_strategy,two,transition,Q03,38860.61216678485,4673.4914304,43534.10359718485,7843.923541828241,767.3403464831973,1.0978260869565217
low,central,combined_strategy,two,transition,Q04,42262.27540200453,4640.416864868572,46902.692266873106,9323.959404589312,901.9917250091839,1.0967391304347827
low,central,combined_strategy,two,transition,Q05,44865.93257570447,4470.891855634286,49336.824431338755,10806.141759726026,1033.6309509303167,1.0956521739130436
low,central,combined_strategy,two,transition,Q06,50398.88517457193,4161.978336137144,54560.863510709074,13009.300982100702,1230.2273754812643,1.0945652173913045
low,central,combined_strategy,two,transition,Q07,54930.156746071254,3710.746102217143,58640.902848288395,15122.114207154671,1413.588936755763,1.0934782608695652
low,central,combined_strategy,two,transition,Q08,58331.0490990713,5978.785228110061,64309.834327181365,17861.863968036596,1650.2809100903391,1.0923913043478262
low,central,combined_strategy,two,transition,Q09,77849.26516698969,8139.073531541367,85988.33869853105,25688.005843559822,2345.426620498944,1.091304347826087
low,central,combined_strategy,two,transition,Q10,101425.17192287606,7424.085593159753,108849.25751603581,34476.32117261946,3110.3637579645806,1.0902173913043478
low,central,combined_strategy,two,transition,Q11,112347.76736103206,6756.132499802451,119103.89986083451,40051.489813907996,3569.8067008048447,1.0891304347826087
low,central,combined_strategy,two,transition,Q12,123206.73597042676,6052.24520488913,129258.98117531589,45988.50421270838,4048.9878709015034,1.0880434782608697
low,central,combined_strategy,two,transition,Q13,138165.93552100228,8604.564988035809,146770.50050903807,55158.62422535593,4796.402106552699,1.0869565217391306
low,central,combined_strategy,two,transition,Q14,152652.05204813168,11236.903740024469,163888.95578815613,64705.25233868034,5556.211885604072,1.0858695652173913
low,central,combined_strategy,two,transition,Q15,166252.672783982,10540.0034306761,176792.6762146581,73293.33140210177,6213.999836265155,1.0847826086956522
low,central,combined_strategy,two,transition,Q16,182796.8968420861,13124.029954644977,195920.92679673107,85070.54278255365,7120.034558974609,1.0836956521739132
low,central,combined_strategy,two,transition,Q17,234233.9826721173,15548.364346615883,249782.34701873318,113633.29812621683,9387.098540861412,1.082608695652174
low,central,combined_strategy,two,transition,Q18,295219.4053403221,18119.673900125195,313339.0792404473,148346.4673481096,12093.462012074157,1.0815217391304348
low,central,combined_strategy,two,transition,Q19,329426.10356501973,20600.305961642825,350026.40952666255,172502.1443150093,13875.172477511633,1.0804347826086957
low,central,combined_strategy,two,transition,Q20,362314.90628944844,23020.47760161673,385335.38389106514,197451.7228450037,15667.364964875323,1.0793478260869567
low,central,combined_strategy,two,transition,Q21,398215.08652405965,25220.726127803842,423435.8126518635,225242.95343334432,17627.709399131294,1.0782608695652174
low,central,combined_strategy,two,transition,Q22,443318.6585714404,27335.031114536145,470653.68968597654,259635.55871255998,20037.092031078013,1.0771739130434783
low,central,combined_strategy,two,transition,Q23,497317.78313041513,33342.91897230021,530660.7021027154,303123.20828965574,23063.722369865147,1.0760869565217392
low,central,combined_strategy,two,transition,Q24,552858.1156778606,39101.091639881146,591959.2073177417,349658.9631038489,26224.42223278873,1.0750000000000002
low,high,baseline,single,steady,Q01,17409.600000000002,2302.56,19712.160000000003,3942.4320000000002,788.4863999999999,1.2
low,high,baseline,single,steady,Q02,34990.12857599999,4639.305715200001,39629.43429119999,8485.8705794918,1697.1741158983598,1.2
low,high,baseline,single,steady,Q03,38860.61216678485,4673.4914304,43534.10359718485,10604.573234213447,2120.914646842689,1.2
low,high,baseline,single,steady,Q04,42262.27540200453,4640.416864868572,46902.692266873106,12686.248350336478,2537.249670067295,1.2
low,high,baseline,single,steady,Q05,44865.93257570447,4470.891855634286,49336.824431338755,14786.571067288149,2957.314213457629,1.2
low,high,baseline,single,steady,Q06,50398.88517457193,4161.978336137144,54560.863510709074,17881.841042334374,3576.368208466874,1.2
low,high,baseline,single,steady,Q07,54930.156746071254,3710.746102217143,58640.902848288395,20865.70583105593,4173.141166211185,1.2
low,high,baseline,single,steady,Q08,58331.0490990713,5978.785228110061,64309.834327181365,24728.619856723835,4945.723971344766,1.2
low,high,baseline,single,steady,Q09,77849.26516698969,8139.073531541367,85988.33869853105,35671.714484211174,7134.342896842233,1.2
low,high,baseline,single,steady,Q10,101425.17192287606,7424.085593159753,108849.25751603581,47984.96525975398,9596.993051950794,1.2
low,high,baseline,single,steady,Q11,112347.76736103206,6756.132499802451,119103.89986083451,55867.127750207714,11173.42555004154,1.2
low,high,baseline,single,steady,Q12,123206.73597042676,6052.24520488913,129258.98117531589,64273.62463158301,12854.724926316598,1.2
low,high,baseline,single,steady,Q13,138165.93552100228,8604.564988035809,146770.50050903807,77227.381082896,15445.476216579196,1.2
low,high,baseline,single,steady,Q14,152652.05204813168,11236.903740024469,163888.95578815613,90731.53311735032,18146.30662347006,1.2
low,high,baseline,single,steady,Q15,166252.672783982,10540.0034306761,176792.6762146581,102921.54359808327,20584.30871961665,1.2
low,high,baseline,single,steady,Q16,182796.8968420861,13124.029954644977,195920.92679673107,119614.34818058742,23922.869636117477,1.2
low,high,baseline,single,steady,Q17,234233.9826721173,15548.364346615883,249782.34701873318,159974.0953020643,31994.81906041285,1.2
low,high,baseline,single,steady,Q18,295219.4053403221,18119.673900125195,313339.0792404473,209055.98987253362,41811.197974506715,1.2
low,high,baseline,single,steady,Q19,329426.10356501973,20600.305961642825,350026.40952666255,243335.9939739593,48667.198794791846,1.2
low,high,baseline,single,steady,Q20,362314.90628944844,23020.47760161673,385335.38389106514,278785.96298695996,55757.19259739198,1.2
low,high,baseline,single,steady,Q21,398215.08652405965,25220.726127803842,423435.8126518635,318293.8288160495,63658.765763209885,1.2
low,high,baseline,single,steady,Q22,443318.6585714404,27335.031114536145,470653.68968597654,367184.71565445286,73436.94313089055,1.2
low,high,baseline,single,steady,Q23,497317.78313041513,33342.91897230021,530660.7021027154,428999.94221020903,85799.98844204178,1.2
low,high,baseline,single,steady,Q24,552858.1156778606,39101.091639881146,591959.2073177417,495196.83460105944,99039.36692021186,1.2
low,high,baseline,single,transition,Q01,17409.600000000002,2302.56,19712.160000000003,3942.4320000000002,788.4863999999999,1.2
low,high,baseline,single,transition,Q02,34990.12857599999,4639.305715200001,39629.43429119999,8485.8705794918,1697.1741158983598,1.2
low,high,baseline,single,transition,Q03,38860.61216678485,4673.4914304,43534.10359718485,10604.573234213447,2120.914646842689,1.2
low,high,baseline,single,transition,Q04,42262.27540200453,4640.416864868572,46902.692266873106,12686.248350336478,2537.249670067295,1.2
low,high,baseline,single,transition,Q05,44865.93257570447,4470.891855634286,49336.824431338755,14786.571067288149,2957.314213457629,1.2
low,high,baseline,single,transition,Q06,50398.88517457193,4161.978336137144,54560.863510709074,17881.841042334374,3576.368208466874,1.2
low,high,baseline,single,transition,Q07,54930.156746071254,3710.746102217143,58640.902848288395,20865.70583105593,4173.141166211185,1.2
low,high,baseline,single,transition,Q08,58331.0490990713,5978.785228110061,64309.834327181365,24728.619856723835,4945.723971344766,1.2
low,high,baseline,single,transition,Q09,77849.26516698969,8139.073531541367,85988.33869853105,35671.714484211174,7134.342896842233,1.2
low,high,baseline,single,transition,Q10,101425.17192287606,7424.085593159753,108849.25751603581,47984.96525975398,9596.993051950794,1.2
low,high,baseline,single,transition,Q11,112347.76736103206,6756.132499802451,119103.89986083451,55867.127750207714,11173.42555004154,1.2
low,high,baseline,single,transition,Q12,123206.73597042676,6052.24520488913,129258.98117531589,64273.62463158301,12854.724926316598,1.2
low,high,baseline,single,transition,Q13,138165.93552100228,8604.564988035809,146770.50050903807,77227.381082896,15445.476216579196,1.2
low,high,baseline,single,transition,Q14,152652.05204813168,11236.903740024469,163888.95578815613,90731.53311735032,18146.30662347006,1.2
low,high,baseline,single,transition,Q15,166252.672783982,10540.0034306761,176792.6762146581,102921.54359808327,20584.30871961665,1.2
low,high,baseline,single,transition,Q16,182796.8968420861,13124.029954644977,195920.92679673107,119614.34818058742,23922.869636117477,1.2
low,high,baseline,single,transition,Q17,234233.9826721173,15548.364346615883,249782.34701873318,159974.0953020643,31994.81906041285,1.2
low,high,baseline,single,transition,Q18,295219.4053403221,18119.673900125195,313339.0792404473,209055.98987253362,41811.197974506715,1.2
low,high,baseline,single,transition,Q19,329426.10356501973,20600.305961642825,350026.40952666255,243335.9939739593,48667.198794791846,1.2
low,high,baseline,single,transition,Q20,362314.90628944844,23020.47760161673,385335.38389106514,278785.96298695996,55757.19259739198,1.2
low,high,baseline,single,transition,Q21,398215.08652405965,25220.726127803842,423435.8126518635,318293.8288160495,63658.765763209885,1.2
low,high,baseline,single,transition,Q22,443318.6585714404,27335.031114536145,470653.68968597654,367184.71565445286,73436.94313089055,1.2
low,high,baseline,single,transition,Q23,497317.78313041513,33342.91897230021,530660.7021027154,428999.94221020903,85799.98844204178,1.2
low,high,baseline,single,transition,Q24,552858.1156778606,39101.091639881146,591959.2073177417,495196.83460105944,99039.36692021186,1.2
low,high,baseline,two,steady,Q01,17409.600000000002,2302.56,19712.160000000003,3942.4320000000002,394.2432000000004,1.1
low,high,baseline,two,steady,Q02,34990.12857599999,4639.305715200001,39629.43429119999,8485.8705794918,848.5870579491808,1.1
low,high,baseline,two,steady,Q03,38860.61216678485,4673.4914304,43534.10359718485,10604.573234213447,1060.4573234213456,1.1
low,high,baseline,two,steady,Q04,42262.27540200453,4640.416864868572,46902.692266873106,12686.248350336478,1268.6248350336489,1.1
low,high,baseline,two,steady,Q05,44865.93257570447,4470.891855634286,49336.824431338755,14786.571067288149,1478.6571067288162,1.1
low,high,baseline,two,steady,Q06,50398.88517457193,4161.978336137144,54560.863510709074,17881.841042334374,1788.184104233439,1.1
low,high,baseline,two,steady,Q07,54930.156746071254,3710.746102217143,58640.902848288395,20865.70583105593,2086.570583105595,1.1
low,high,baseline,two,steady,Q08,58331.0490990713,5978.785228110061,64309.834327181365,24728.619856723835,2472.861985672386,1.1
low,high,baseline,two,steady,Q09,77849.26516698969,8139.073531541367,85988.33869853105,35671.714484211174,3567.1714484211207,1.1
low,high,baseline,two,steady,Q10,101425.17192287606,7424.085593159753,108849.25751603581,47984.96525975398,4798.496525975403,1.1
low,high,baseline,two,steady,Q11,112347.76736103206,6756.132499802451,119103.89986083451,55867.127750207714,5586.7127750207765,1.1
low,high,baseline,two,steady,Q12,123206.73597042676,6052.24520488913,129258.98117531589,64273.62463158301,6427.362463158306,1.1
low,high,baseline,two,steady,Q13,138165.93552100228,8604.564988035809,146770.50050903807,77227.381082896,7722.738108289606,1.1
low,high,baseline,two,steady,Q14,152652.05204813168,11236.903740024469,163888.95578815613,90731.53311735032,9073.153311735041,1.1
low,high,baseline,two,steady,Q15,166252.672783982,10540.0034306761,176792.6762146581,102921.54359808327,10292.154359808335,1.1
low,high,baseline,two,steady,Q16,182796.8968420861,13124.029954644977,195920.92679673107,119614.34818058742,11961.434818058753,1.1
low,high,baseline,two,steady,Q17,234233.9826721173,15548.364346615883,249782.34701873318,159974.0953020643,15997.409530206443,1.1
low,high,baseline,two,steady,Q18,295219.4053403221,18119.673900125195,313339.0792404473,209055.98987253362,20905.598987253383,1.1
low,high,baseline,two,steady,Q19,329426.10356501973,20600.305961642825,350026.40952666255,243335.9939739593,24333.599397395952,1.1
low,high,baseline,two,steady,Q20,362314.90628944844,23020.47760161673,385335.38389106514,278785.96298695996,27878.596298696022,1.1
low,high,baseline,two,steady,Q21,398215.08652405965,25220.726127803842,423435.8126518635,318293.8288160495,31829.38288160498,1.1
low,high,baseline,two,steady,Q22,443318.6585714404,27335.031114536145,470653.68968597654,367184.71565445286,36718.47156544532,1.1
low,high,baseline,two,steady,Q23,497317.78313041513,33342.91897230021,530660.7021027154,428999.94221020903,42899.99422102094,1.1
low,high,baseline,two,steady,Q24,552858.1156778606,39101.091639881146,591959.2073177417,495196.83460105944,49519.68346010599,1.1
low,high,baseline,two,transition,Q01,17409.600000000002,2302.56,19712.160000000003,3942.4320000000002,394.2432000000004,1.1
low,high,baseline,two,transition,Q02,34990.12857599999,4639.305715200001,39629.43429119999,8485.8705794918,848.5870579491808,1.1
low,high,baseline,two,transition,Q03,38860.61216678485,4673.4914304,43534.10359718485,10604.573234213447,1060.4573234213456,1.1
low,high,baseline,two,transition,Q04,42262.27540200453,4640.416864868572,46902.692266873106,12686.248350336478,1268.6248350336489,1.1
low,high,baseline,two,transition,Q05,44865.93257570447,4470.891855634286,49336.824431338755,14786.571067288149,1478.6571067288162,1.1
low,high,baseline,two,transition,Q06,50398.88517457193,4161.978336137144,54560.863510709074,17881.841042334374,1788.184104233439,1.1
low,high,baseline,two,transition,Q07,54930.156746071254,3710.746102217143,58640.902848288395,20865.70583105593,2086.570583105595,1.1
low,high,baseline,two,transition,Q08,58331.0490990713,5978.785228110061,64309.834327181365,24728.619856723835,2472.861985672386,1.1
low,high,baseline,two,transition,Q09,77849.26516698969,8139.073531541367,85988.33869853105,35671.714484211174,3567.1714484211207,1.1
low,high,baseline,two,transition,Q10,101425.17192287606,7424.085593159753,108849.25751603581,47984.96525975398,4798.496525975403,1.1
low,high,baseline,two,transition,Q11,112347.76736103206,6756.132499802451,119103.89986083451,55867.127750207714,5586.7127750207765,1.1
low,high,baseline,two,transition,Q12,123206.73597042676,6052.24520488913,129258.98117531589,64273.62463158301,6427.362463158306,1.1
low,high,baseline,two,transition,Q13,138165.93552100228,8604.564988035809,146770.50050903807,77227.381082896,7722.738108289606,1.1
low,high,baseline,two,transition,Q14,152652.05204813168,11236.903740024469,163888.95578815613,90731.53311735032,9073.153311735041,1.1
low,high,baseline,two,transition,Q15,166252.672783982,10540.0034306761,176792.6762146581,102921.54359808327,10292.154359808335,1.1
low,high,baseline,two,transition,Q16,182796.8968420861,13124.029954644977,195920.92679673107,119614.34818058742,11961.434818058753,1.1
low,high,baseline,two,transition,Q17,234233.9826721173,15548.364346615883,249782.34701873318,159974.0953020643,15997.409530206443,1.1
low,high,baseline,two,transition,Q18,295219.4053403221,18119.673900125195,313339.0792404473,209055.98987253362,20905.598987253383,1.1
low,high,baseline,two,transition,Q19,329426.10356501973,20600.305961642825,350026.40952666255,243335.9939739593,24333.599397395952,1.1
low,high,baseline,two,transition,Q20,362314.90628944844,23020.47760161673,385335.38389106514,278785.96298695996,27878.596298696022,1.1
low,high,baseline,two,transition,Q21,398215.08652405965,25220.726127803842,423435.8126518635,318293.8288160495,31829.38288160498,1.1
low,high,baseline,two,transition,Q22,443318.6585714404,27335.031114536145,470653.68968597654,367184.71565445286,36718.47156544532,1.1
low,high,baseline,two,transition,Q23,497317.78313041513,33342.91897230021,530660.7021027154,428999.94221020903,42899.99422102094,1.1
low,high,baseline,two,transition,Q24,552858.1156778606,39101.091639881146,591959.2073177417,495196.83460105944,49519.68346010599,1.1
low,high,improved_pue,single,steady,Q01,17409.600000000002,2302.56,19712.160000000003,3942.4320000000002,788.4863999999999,1.2
low,high,improved_pue,single,steady,Q02,34990.12857599999,4639.305715200001,39629.43429119999,8485.8705794918,1678.7265711603332,1.1978260869565216
low,high,improved_pue,single,steady,Q03,38860.61216678485,4673.4914304,43534.10359718485,10604.573234213447,2074.807806693935,1.1956521739130435
low,high,improved_pue,single,steady,Q04,42262.27540200453,4640.416864868572,46902.692266873106,12686.248350336478,2454.513267782491,1.193478260869565
low,high,improved_pue,single,steady,Q05,44865.93257570447,4470.891855634286,49336.824431338755,14786.571067288149,2828.735334611646,1.191304347826087
low,high,improved_pue,single,steady,Q06,50398.88517457193,4161.978336137144,54560.863510709074,17881.841042334374,3382.000371050195,1.1891304347826086
low,high,improved_pue,single,steady,Q07,54930.156746071254,3710.746102217143,58640.902848288395,20865.70583105593,3900.9797858061092,1.1869565217391305
low,high,improved_pue,single,steady,Q08,58331.0490990713,5978.785228110061,64309.834327181365,24728.619856723835,4569.418886568533,1.184782608695652
low,high,improved_pue,single,steady,Q09,77849.26516698969,8139.073531541367,85988.33869853105,35671.714484211174,6513.965253638564,1.182608695652174
low,high,improved_pue,single,steady,Q10,101425.17192287606,7424.085593159753,108849.25751603581,47984.96525975398,8658.15677512952,1.1804347826086956
low,high,improved_pue,single,steady,Q11,112347.76736103206,6756.132499802451,119103.89986083451,55867.127750207714,9958.922772863107,1.1782608695652173
low,high,improved_pue,single,steady,Q12,123206.73597042676,6052.24520488913,129258.98117531589,64273.62463158301,11317.746945996138,1.1760869565217391
low,high,improved_pue,single,steady,Q13,138165.93552100228,8604.564988035809,146770.50050903807,77227.381082896,13430.848883981904,1.1739130434782608
low,high,improved_pue,single,steady,Q14,152652.05204813168,11236.903740024469,163888.95578815613,90731.53311735032,15582.154600588425,1.1717391304347826
low,high,improved_pue,single,steady,Q15,166252.672783982,10540.0034306761,176792.6762146581,102921.54359808327,17451.91391445759,1.1695652173913043
low,high,improved_pue,single,steady,Q16,182796.8968420861,13124.029954644977,195920.92679673107,119614.34818058742,20022.40176066355,1.1673913043478261
low,high,improved_pue,single,steady,Q17,234233.9826721173,15548.364346615883,249782.34701873318,159974.0953020643,26430.502702080175,1.1652173913043478
low,high,improved_pue,single,steady,Q18,295219.4053403221,18119.673900125195,313339.0792404473,209055.98987253362,34085.21574008701,1.1630434782608696
low,high,improved_pue,single,steady,Q19,329426.10356501973,20600.305961642825,350026.40952666255,243335.9939739593,39145.35555233257,1.1608695652173913
low,high,improved_pue,single,steady,Q20,362314.90628944844,23020.47760161673,385335.38389106514,278785.96298695996,44242.12021314795,1.158695652173913
low,high,improved_pue,single,steady,Q21,398215.08652405965,25220.726127803842,423435.8126518635,318293.8288160495,49819.90364077296,1.1565217391304348
low,high,improved_pue,single,steady,Q22,443318.6585714404,27335.031114536145,470653.68968597654,367184.71565445286,56674.16263362203,1.1543478260869564
low,high,improved_pue,single,steady,Q23,497317.78313041513,33342.91897230021,530660.7021027154,428999.94221020903,65282.59990155355,1.1521739130434783
low,high,improved_pue,single,steady,Q24,552858.1156778606,39101.091639881146,591959.2073177417,495196.83460105944,74279.52519015888,1.15
low,high,improved_pue,single,transition,Q01,17409.600000000002,2302.56,19712.160000000003,3942.4320000000002,788.4863999999999,1.2
low,high,improved_pue,single,transition,Q02,34990.12857599999,4639.305715200001,39629.43429119999,8485.8705794918,1678.7265711603332,1.1978260869565216
low,high,improved_pue,single,transition,Q03,38860.61216678485,4673.4914304,43534.10359718485,10604.573234213447,2074.807806693935,1.1956521739130435
low,high,improved_pue,single,transition,Q04,42262.27540200453,4640.416864868572,46902.692266873106,12686.248350336478,2454.513267782491,1.193478260869565
low,high,improved_pue,single,transition,Q05,44865.93257570447,4470.891855634286,49336.824431338755,14786.571067288149,2828.735334611646,1.191304347826087
low,high,improved_pue,single,transition,Q06,50398.88517457193,4161.978336137144,54560.863510709074,17881.841042334374,3382.000371050195,1.1891304347826086
low,high,improved_pue,single,transition,Q07,54930.156746071254,3710.746102217143,58640.902848288395,20865.70583105593,3900.9797858061092,1.1869565217391305
low,high,improved_pue,single,transition,Q08,58331.0490990713,5978.785228110061,64309.834327181365,24728.619856723835,4569.418886568533,1.184782608695652
low,high,improved_pue,single,transition,Q09,77849.26516698969,8139.073531541367,85988.33869853105,35671.714484211174,6513.965253638564,1.182608695652174
low,high,improved_pue,single,transition,Q10,101425.17192287606,7424.085593159753,108849.25751603581,47984.96525975398,8658.15677512952,1.1804347826086956
low,high,improved_pue,single,transition,Q11,112347.76736103206,6756.132499802451,119103.89986083451,55867.127750207714,9958.922772863107,1.1782608695652173
low,high,improved_pue,single,transition,Q12,123206.73597042676,6052.24520488913,129258.98117531589,64273.62463158301,11317.746945996138,1.1760869565217391
low,high,improved_pue,single,transition,Q13,138165.93552100228,8604.564988035809,146770.50050903807,77227.381082896,13430.848883981904,1.1739130434782608
low,high,improved_pue,single,transition,Q14,152652.05204813168,11236.903740024469,163888.95578815613,90731.53311735032,15582.154600588425,1.1717391304347826
low,high,improved_pue,single,transition,Q15,166252.672783982,10540.0034306761,176792.6762146581,102921.54359808327,17451.91391445759,1.1695652173913043
low,high,improved_pue,single,transition,Q16,182796.8968420861,13124.029954644977,195920.92679673107,119614.34818058742,20022.40176066355,1.1673913043478261
low,high,improved_pue,single,transition,Q17,234233.9826721173,15548.364346615883,249782.34701873318,159974.0953020643,26430.502702080175,1.1652173913043478
low,high,improved_pue,single,transition,Q18,295219.4053403221,18119.673900125195,313339.0792404473,209055.98987253362,34085.21574008701,1.1630434782608696
low,high,improved_pue,single,transition,Q19,329426.10356501973,20600.305961642825,350026.40952666255,243335.9939739593,39145.35555233257,1.1608695652173913
low,high,improved_pue,single,transition,Q20,362314.90628944844,23020.47760161673,385335.38389106514,278785.96298695996,44242.12021314795,1.158695652173913
low,high,improved_pue,single,transition,Q21,398215.08652405965,25220.726127803842,423435.8126518635,318293.8288160495,49819.90364077296,1.1565217391304348
low,high,improved_pue,single,transition,Q22,443318.6585714404,27335.031114536145,470653.68968597654,367184.71565445286,56674.16263362203,1.1543478260869564
low,high,improved_pue,single,transition,Q23,497317.78313041513,33342.91897230021,530660.7021027154,428999.94221020903,65282.59990155355,1.1521739130434783
low,high,improved_pue,single,transition,Q24,552858.1156778606,39101.091639881146,591959.2073177417,495196.83460105944,74279.52519015888,1.15
low,high,improved_pue,two,steady,Q01,17409.600000000002,2302.56,19712.160000000003,3942.4320000000002,394.2432000000004,1.1
low,high,improved_pue,two,steady,Q02,34990.12857599999,4639.305715200001,39629.43429119999,8485.8705794918,839.3632855801685,1.098913043478261
low,high,improved_pue,two,steady,Q03,38860.61216678485,4673.4914304,43534.10359718485,10604.573234213447,1037.4039033469676,1.0978260869565217
low,high,improved_pue,two,steady,Q04,42262.27540200453,4640.416864868572,46902.692266873106,12686.248350336478,1227.256633891247,1.0967391304347827
low,high,improved_pue,two,steady,Q05,44865.93257570447,4470.891855634286,49336.824431338755,14786.571067288149,1414.3676673058246,1.0956521739130436
low,high,improved_pue,two,steady,Q06,50398.88517457193,4161.978336137144,54560.863510709074,17881.841042334374,1691.0001855251016,1.0945652173913045
low,high,improved_pue,two,steady,Q07,54930.156746071254,3710.746102217143,58640.902848288395,20865.70583105593,1950.4898929030546,1.0934782608695652
low,high,improved_pue,two,steady,Q08,58331.0490990713,5978.785228110061,64309.834327181365,24728.619856723835,2284.709443284269,1.0923913043478262
low,high,improved_pue,two,steady,Q09,77849.26516698969,8139.073531541367,85988.33869853105,35671.714484211174,3256.982626819286,1.091304347826087
low,high,improved_pue,two,steady,Q10,101425.17192287606,7424.085593159753,108849.25751603581,47984.96525975398,4329.07838756476,1.0902173913043478
low,high,improved_pue,two,steady,Q11,112347.76736103206,6756.132499802451,119103.89986083451,55867.127750207714,4979.46138643156,1.0891304347826087
low,high,improved_pue,two,steady,Q12,123206.73597042676,6052.24520488913,129258.98117531589,64273.62463158301,5658.873472998076,1.0880434782608697
low,high,improved_pue,two,steady,Q13,138165.93552100228,8604.564988035809,146770.50050903807,77227.381082896,6715.424441990969,1.0869565217391306
low,high,improved_pue,two,steady,Q14,152652.05204813168,11236.903740024469,163888.95578815613,90731.53311735032,7791.077300294212,1.0858695652173913
low,high,improved_pue,two,steady,Q15,166252.672783982,10540.0034306761,176792.6762146581,102921.54359808327,8725.956957228806,1.0847826086956522
low,high,improved_pue,two,steady,Q16,182796.8968420861,13124.029954644977,195920.92679673107,119614.34818058742,10011.200880331788,1.0836956521739132
low,high,improved_pue,two,steady,Q17,234233.9826721173,15548.364346615883,249782.34701873318,159974.0953020643,13215.251351040124,1.082608695652174
low,high,improved_pue,two,steady,Q18,295219.4053403221,18119.673900125195,313339.0792404473,209055.98987253362,17042.607870043506,1.0815217391304348
low,high,improved_pue,two,steady,Q19,329426.10356501973,20600.305961642825,350026.40952666255,243335.9939739593,19572.677776166314,1.0804347826086957
low,high,improved_pue,two,steady,Q20,362314.90628944844,23020.47760161673,385335.38389106514,278785.96298695996,22121.060106574037,1.0793478260869567
low,high,improved_pue,two,steady,Q21,398215.08652405965,25220.726127803842,423435.8126518635,318293.8288160495,24909.95182038648,1.0782608695652174
low,high,improved_pue,two,steady,Q22,443318.6585714404,27335.031114536145,470653.68968597654,367184.71565445286,28337.081316811054,1.0771739130434783
low,high,improved_pue,two,steady,Q23,497317.78313041513,33342.91897230021,530660.7021027154,428999.94221020903,32641.299950776825,1.0760869565217392
low,high,improved_pue,two,steady,Q24,552858.1156778606,39101.091639881146,591959.2073177417,495196.83460105944,37139.76259507955,1.0750000000000002
low,high,improved_pue,two,transition,Q01,17409.600000000002,2302.56,19712.160000000003,3942.4320000000002,394.2432000000004,1.1
low,high,improved_pue,two,transition,Q02,34990.12857599999,4639.305715200001,39629.43429119999,8485.8705794918,839.3632855801685,1.098913043478261
low,high,improved_pue,two,transition,Q03,38860.61216678485,4673.4914304,43534.10359718485,10604.573234213447,1037.4039033469676,1.0978260869565217
low,high,improved_pue,two,transition,Q04,42262.27540200453,4640.416864868572,46902.692266873106,12686.248350336478,1227.256633891247,1.0967391304347827
low,high,improved_pue,two,transition,Q05,44865.93257570447,4470.891855634286,49336.824431338755,14786.571067288149,1414.3676673058246,1.0956521739130436
low,high,improved_pue,two,transition,Q06,50398.88517457193,4161.978336137144,54560.863510709074,17881.841042334374,1691.0001855251016,1.0945652173913045
low,high,improved_pue,two,transition,Q07,54930.156746071254,3710.746102217143,58640.902848288395,20865.70583105593,1950.4898929030546,1.0934782608695652
low,high,improved_pue,two,transition,Q08,58331.0490990713,5978.785228110061,64309.834327181365,24728.619856723835,2284.709443284269,1.0923913043478262
low,high,improved_pue,two,transition,Q09,77849.26516698969,8139.073531541367,85988.33869853105,35671.714484211174,3256.982626819286,1.091304347826087
low,high,improved_pue,two,transition,Q10,101425.17192287606,7424.085593159753,108849.25751603581,47984.96525975398,4329.07838756476,1.0902173913043478
low,high,improved_pue,two,transition,Q11,112347.76736103206,6756.132499802451,119103.89986083451,55867.127750207714,4979.46138643156,1.0891304347826087
low,high,improved_pue,two,transition,Q12,123206.73597042676,6052.24520488913,129258.98117531589,64273.62463158301,5658.873472998076,1.0880434782608697
low,high,improved_pue,two,transition,Q13,138165.93552100228,8604.564988035809,146770.50050903807,77227.381082896,6715.424441990969,1.0869565217391306
low,high,improved_pue,two,transition,Q14,152652.05204813168,11236.903740024469,163888.95578815613,90731.53311735032,7791.077300294212,1.0858695652173913
low,high,improved_pue,two,transition,Q15,166252.672783982,10540.0034306761,176792.6762146581,102921.54359808327,8725.956957228806,1.0847826086956522
low,high,improved_pue,two,transition,Q16,182796.8968420861,13124.029954644977,195920.92679673107,119614.34818058742,10011.200880331788,1.0836956521739132
low,high,improved_pue,two,transition,Q17,234233.9826721173,15548.364346615883,249782.34701873318,159974.0953020643,13215.251351040124,1.082608695652174
low,high,improved_pue,two,transition,Q18,295219.4053403221,18119.673900125195,313339.0792404473,209055.98987253362,17042.607870043506,1.0815217391304348
low,high,improved_pue,two,transition,Q19,329426.10356501973,20600.305961642825,350026.40952666255,243335.9939739593,19572.677776166314,1.0804347826086957
low,high,improved_pue,two,transition,Q20,362314.90628944844,23020.47760161673,385335.38389106514,278785.96298695996,22121.060106574037,1.0793478260869567
low,high,improved_pue,two,transition,Q21,398215.08652405965,25220.726127803842,423435.8126518635,318293.8288160495,24909.95182038648,1.0782608695652174
low,high,improved_pue,two,transition,Q22,443318.6585714404,27335.031114536145,470653.68968597654,367184.71565445286,28337.081316811054,1.0771739130434783
low,high,improved_pue,two,transition,Q23,497317.78313041513,33342.91897230021,530660.7021027154,428999.94221020903,32641.299950776825,1.0760869565217392
low,high,improved_pue,two,transition,Q24,552858.1156778606,39101.091639881146,591959.2073177417,495196.83460105944,37139.76259507955,1.0750000000000002
low,high,advanced_coolant,single,steady,Q01,17409.600000000002,2302.56,19712.160000000003,3942.4320000000002,788.4863999999999,1.2
low,high,advanced_coolant,single,steady,Q02,34990.12857599999,4639.305715200001,39629.43429119999,8485.8705794918,1697.1741158983598,1.2
low,high,advanced_coolant,single,steady,Q03,38860.61216678485,4673.4914304,43534.10359718485,10604.573234213447,2120.914646842689,1.2
low,high,advanced_coolant,single,steady,Q04,42262.27540200453,4640.416864868572,46902.692266873106,12686.248350336478,2537.249670067295,1.2
low,high,advanced_coolant,single,steady,Q05,44865.93257570447,4470.891855634286,49336.824431338755,14786.571067288149,2957.314213457629,1.2
low,high,advanced_coolant,single,steady,Q06,50398.88517457193,4161.978336137144,54560.863510709074,17881.841042334374,3576.368208466874,1.2
low,high,advanced_coolant,single,steady,Q07,54930.156746071254,3710.746102217143,58640.902848288395,20865.70583105593,4173.141166211185,1.2
low,high,advanced_coolant,single,steady,Q08,58331.0490990713,5978.785228110061,64309.834327181365,24728.619856723835,4945.723971344766,1.2
low,high,advanced_coolant,single,steady,Q09,77849.26516698969,8139.073531541367,85988.33869853105,35671.714484211174,7134.342896842233,1.2
low,high,advanced_coolant,single,steady,Q10,101425.17192287606,7424.085593159753,108849.25751603581,47984.96525975398,9596.993051950794,1.2
low,high,advanced_coolant,single,steady,Q11,112347.76736103206,6756.132499802451,119103.89986083451,55867.127750207714,11173.42555004154,1.2
low,high,advanced_coolant,single,steady,Q12,123206.73597042676,6052.24520488913,129258.98117531589,64273.62463158301,12854.724926316598,1.2
low,high,advanced_coolant,single,steady,Q13,138165.93552100228,8604.564988035809,146770.50050903807,77227.381082896,15445.476216579196,1.2
low,high,advanced_coolant,single,steady,Q14,152652.05204813168,11236.903740024469,163888.95578815613,90731.53311735032,18146.30662347006,1.2
low,high,advanced_coolant,single,steady,Q15,166252.672783982,10540.0034306761,176792.6762146581,102921.54359808327,20584.30871961665,1.2
low,high,advanced_coolant,single,steady,Q16,182796.8968420861,13124.029954644977,195920.92679673107,119614.34818058742,23922.869636117477,1.2
low,high,advanced_coolant,single,steady,Q17,234233.9826721173,15548.364346615883,249782.34701873318,159974.0953020643,31994.81906041285,1.2
low,high,advanced_coolant,single,steady,Q18,295219.4053403221,18119.673900125195,313339.0792404473,209055.98987253362,41811.197974506715,1.2
low,high,advanced_coolant,single,steady,Q19,329426.10356501973,20600.305961642825,350026.40952666255,243335.9939739593,48667.198794791846,1.2
low,high,advanced_coolant,single,steady,Q20,362314.90628944844,23020.47760161673,385335.38389106514,278785.96298695996,55757.19259739198,1.2
low,high,advanced_coolant,single,steady,Q21,398215.08652405965,25220.726127803842,423435.8126518635,318293.8288160495,63658.765763209885,1.2
low,high,advanced_coolant,single,steady,Q22,443318.6585714404,27335.031114536145,470653.68968597654,367184.71565445286,73436.94313089055,1.2
low,high,advanced_coolant,single,steady,Q23,497317.78313041513,33342.91897230021,530660.7021027154,428999.94221020903,85799.98844204178,1.2
low,high,advanced_coolant,single,steady,Q24,552858.1156778606,39101.091639881146,591959.2073177417,495196.83460105944,99039.36692021186,1.2
low,high,advanced_coolant,single,transition,Q01,17409.600000000002,2302.56,19712.160000000003,3942.4320000000002,788.4863999999999,1.2
low,high,advanced_coolant,single,transition,Q02,34990.12857599999,4639.305715200001,39629.43429119999,8485.8705794918,1697.1741158983598,1.2
low,high,advanced_coolant,single,transition,Q03,38860.61216678485,4673.4914304,43534.10359718485,10604.573234213447,2120.914646842689,1.2
low,high,advanced_coolant,single,transition,Q04,42262.27540200453,4640.416864868572,46902.692266873106,12686.248350336478,2537.249670067295,1.2
low,high,advanced_coolant,single,transition,Q05,44865.93257570447,4470.891855634286,49336.824431338755,14786.571067288149,2957.314213457629,1.2
low,high,advanced_coolant,single,transition,Q06,50398.88517457193,4161.978336137144,54560.863510709074,17881.841042334374,3576.368208466874,1.2
low,high,advanced_coolant,single,transition,Q07,54930.156746071254,3710.746102217143,58640.902848288395,20865.70583105593,4173.141166211185,1.2
low,high,advanced_coolant,single,transition,Q08,58331.0490990713,5978.785228110061,64309.834327181365,24728.619856723835,4945.723971344766,1.2
low,high,advanced_coolant,single,transition,Q09,77849.26516698969,8139.073531541367,85988.33869853105,35671.714484211174,7134.342896842233,1.2
low,high,advanced_coolant,single,transition,Q10,101425.17192287606,7424.085593159753,108849.25751603581,47984.96525975398,9596.993051950794,1.2
low,high,advanced_coolant,single,transition,Q11,112347.76736103206,6756.132499802451,119103.89986083451,55867.127750207714,11173.42555004154,1.2
low,high,advanced_coolant,single,transition,Q12,123206.73597042676,6052.24520488913,129258.98117531589,64273.62463158301,12854.724926316598,1.2
low,high,advanced_coolant,single,transition,Q13,138165.93552100228,8604.564988035809,146770.50050903807,77227.381082896,15445.476216579196,1.2
low,high,advanced_coolant,single,transition,Q14,152652.05204813168,11236.903740024469,163888.95578815613,90731.53311735032,18146.30662347006,1.2
low,high,advanced_coolant,single,transition,Q15,166252.672783982,10540.0034306761,176792.6762146581,102921.54359808327,20584.30871961665,1.2
low,high,advanced_coolant,single,transition,Q16,182796.8968420861,13124.029954644977,195920.92679673107,119614.34818058742,23922.869636117477,1.2
low,high,advanced_coolant,single,transition,Q17,234233.9826721173,15548.364346615883,249782.34701873318,159974.0953020643,31994.81906041285,1.2
low,high,advanced_coolant,single,transition,Q18,295219.4053403221,18119.673900125195,313339.0792404473,209055.98987253362,41811.197974506715,1.2
low,high,advanced_coolant,single,transition,Q19,329426.10356501973,20600.305961642825,350026.40952666255,243335.9939739593,48667.198794791846,1.2
low,high,advanced_coolant,single,transition,Q20,362314.90628944844,23020.47760161673,385335.38389106514,278785.96298695996,55757.19259739198,1.2
low,high,advanced_coolant,single,transition,Q21,398215.08652405965,25220.726127803842,423435.8126518635,318293.8288160495,63658.765763209885,1.2
low,high,advanced_coolant,single,transition,Q22,443318.6585714404,27335.031114536145,470653.68968597654,367184.71565445286,73436.94313089055,1.2
low,high,advanced_coolant,single,transition,Q23,497317.78313041513,33342.91897230021,530660.7021027154,428999.94221020903,85799.98844204178,1.2
low,high,advanced_coolant,single,transition,Q24,552858.1156778606,39101.091639881146,591959.2073177417,495196.83460105944,99039.36692021186,1.2
low,high,advanced_coolant,two,steady,Q01,17409.600000000002,2302.56,19712.160000000003,3942.4320000000002,394.2432000000004,1.1
low,high,advanced_coolant,two,steady,Q02,34990.12857599999,4639.305715200001,39629.43429119999,8485.8705794918,848.5870579491808,1.1
low,high,advanced_coolant,two,steady,Q03,38860.61216678485,4673.4914304,43534.10359718485,10604.573234213447,1060.4573234213456,1.1
low,high,advanced_coolant,two,steady,Q04,42262.27540200453,4640.416864868572,46902.692266873106,12686.248350336478,1268.6248350336489,1.1
low,high,advanced_coolant,two,steady,Q05,44865.93257570447,4470.891855634286,49336.824431338755,14786.571067288149,1478.6571067288162,1.1
low,high,advanced_coolant,two,steady,Q06,50398.88517457193,4161.978336137144,54560.863510709074,17881.841042334374,1788.184104233439,1.1
low,high,advanced_coolant,two,steady,Q07,54930.156746071254,3710.746102217143,58640.902848288395,20865.70583105593,2086.570583105595,1.1
low,high,advanced_coolant,two,steady,Q08,58331.0490990713,5978.785228110061,64309.834327181365,24728.619856723835,2472.861985672386,1.1
low,high,advanced_coolant,two,steady,Q09,77849.26516698969,8139.073531541367,85988.33869853105,35671.714484211174,3567.1714484211207,1.1
low,high,advanced_coolant,two,steady,Q10,101425.17192287606,7424.085593159753,108849.25751603581,47984.96525975398,4798.496525975403,1.1
low,high,advanced_coolant,two,steady,Q11,112347.76736103206,6756.132499802451,119103.89986083451,55867.127750207714,5586.7127750207765,1.1
low,high,advanced_coolant,two,steady,Q12,123206.73597042676,6052.24520488913,129258.98117531589,64273.62463158301,6427.362463158306,1.1
low,high,advanced_coolant,two,steady,Q13,138165.93552100228,8604.564988035809,146770.50050903807,77227.381082896,7722.738108289606,1.1
low,high,advanced_coolant,two,steady,Q14,152652.05204813168,11236.903740024469,163888.95578815613,90731.53311735032,9073.153311735041,1.1
low,high,advanced_coolant,two,steady,Q15,166252.672783982,10540.0034306761,176792.6762146581,102921.54359808327,10292.154359808335,1.1
low,high,advanced_coolant,two,steady,Q16,182796.8968420861,13124.029954644977,195920.92679673107,119614.34818058742,11961.434818058753,1.1
low,high,advanced_coolant,two,steady,Q17,234233.9826721173,15548.364346615883,249782.34701873318,159974.0953020643,15997.409530206443,1.1
low,high,advanced_coolant,two,steady,Q18,295219.4053403221,18119.673900125195,313339.0792404473,209055.98987253362,20905.598987253383,1.1
low,high,advanced_coolant,two,steady,Q19,329426.10356501973,20600.305961642825,350026.40952666255,243335.9939739593,24333.599397395952,1.1
low,high,advanced_coolant,two,steady,Q20,362314.90628944844,23020.47760161673,385335.38389106514,278785.96298695996,27878.596298696022,1.1
low,high,advanced_coolant,two,steady,Q21,398215.08652405965,25220.726127803842,423435.8126518635,318293.8288160495,31829.38288160498,1.1
low,high,advanced_coolant,two,steady,Q22,443318.6585714404,27335.031114536145,470653.68968597654,367184.71565445286,36718.47156544532,1.1
low,high,advanced_coolant,two,steady,Q23,497317.78313041513,33342.91897230021,530660.7021027154,428999.94221020903,42899.99422102094,1.1
low,high,advanced_coolant,two,steady,Q24,552858.1156778606,39101.091639881146,591959.2073177417,495196.83460105944,49519.68346010599,1.1
low,high,advanced_coolant,two,transition,Q01,17409.600000000002,2302.56,19712.160000000003,3942.4320000000002,394.2432000000004,1.1
low,high,advanced_coolant,two,transition,Q02,34990.12857599999,4639.305715200001,39629.43429119999,8485.8705794918,848.5870579491808,1.1
low,high,advanced_coolant,two,transition,Q03,38860.61216678485,4673.4914304,43534.10359718485,10604.573234213447,1060.4573234213456,1.1
low,high,advanced_coolant,two,transition,Q04,42262.27540200453,4640.416864868572,46902.692266873106,12686.248350336478,1268.6248350336489,1.1
low,high,advanced_coolant,two,transition,Q05,44865.93257570447,4470.891855634286,49336.824431338755,14786.571067288149,1478.6571067288162,1.1
low,high,advanced_coolant,two,transition,Q06,50398.88517457193,4161.978336137144,54560.863510709074,17881.841042334374,1788.184104233439,1.1
low,high,advanced_coolant,two,transition,Q07,54930.156746071254,3710.746102217143,58640.902848288395,20865.70583105593,2086.570583105595,1.1
low,high,advanced_coolant,two,transition,Q08,58331.0490990713,5978.785228110061,64309.834327181365,24728.619856723835,2472.861985672386,1.1
low,high,advanced_coolant,two,transition,Q09,77849.26516698969,8139.073531541367,85988.33869853105,35671.714484211174,3567.1714484211207,1.1
low,high,advanced_coolant,two,transition,Q10,101425.17192287606,7424.085593159753,108849.25751603581,47984.96525975398,4798.496525975403,1.1
low,high,advanced_coolant,two,transition,Q11,112347.76736103206,6756.132499802451,119103.89986083451,55867.127750207714,5586.7127750207765,1.1
low,high,advanced_coolant,two,transition,Q12,123206.73597042676,6052.24520488913,129258.98117531589,64273.62463158301,6427.362463158306,1.1
low,high,advanced_coolant,two,transition,Q13,138165.93552100228,8604.564988035809,146770.50050903807,77227.381082896,7722.738108289606,1.1
low,high,advanced_coolant,two,transition,Q14,152652.05204813168,11236.903740024469,163888.95578815613,90731.53311735032,9073.153311735041,1.1
low,high,advanced_coolant,two,transition,Q15,166252.672783982,10540.0034306761,176792.6762146581,102921.54359808327,10292.154359808335,1.1
low,high,advanced_coolant,two,transition,Q16,182796.8968420861,13124.029954644977,195920.92679673107,119614.34818058742,11961.434818058753,1.1
low,high,advanced_coolant,two,transition,Q17,234233.9826721173,15548.364346615883,249782.34701873318,159974.0953020643,15997.409530206443,1.1
low,high,advanced_coolant,two,transition,Q18,295219.4053403221,18119.673900125195,313339.0792404473,209055.98987253362,20905.598987253383,1.1
low,high,advanced_coolant,two,transition,Q19,329426.10356501973,20600.305961642825,350026.40952666255,243335.9939739593,24333.599397395952,1.1
low,high,advanced_coolant,two,transition,Q20,362314.90628944844,23020.47760161673,385335.38389106514,278785.96298695996,27878.596298696022,1.1
low,high,advanced_coolant,two,transition,Q21,398215.08652405965,25220.726127803842,423435.8126518635,318293.8288160495,31829.38288160498,1.1
low,high,advanced_coolant,two,transition,Q22,443318.6585714404,27335.031114536145,470653.68968597654,367184.71565445286,36718.47156544532,1.1
low,high,advanced_coolant,two,transition,Q23,497317.78313041513,33342.91897230021,530660.7021027154,428999.94221020903,42899.99422102094,1.1
low,high,advanced_coolant,two,transition,Q24,552858.1156778606,39101.091639881146,591959.2073177417,495196.83460105944,49519.68346010599,1.1
low,high,coolant_recovery,single,steady,Q01,17409.600000000002,2302.56,19712.160000000003,3942.4320000000002,788.4863999999999,1.2
low,high,coolant_recovery,single,steady,Q02,34990.12857599999,4639.305715200001,39629.43429119999,8485.8705794918,1697.1741158983598,1.2
low,high,coolant_recovery,single,steady,Q03,38860.61216678485,4673.4914304,43534.10359718485,10604.573234213447,2120.914646842689,1.2
low,high,coolant_recovery,single,steady,Q04,42262.27540200453,4640.416864868572,46902.692266873106,12686.248350336478,2537.249670067295,1.2
low,high,coolant_recovery,single,steady,Q05,44865.93257570447,4470.891855634286,49336.824431338755,14786.571067288149,2957.314213457629,1.2
low,high,coolant_recovery,single,steady,Q06,50398.88517457193,4161.978336137144,54560.863510709074,17881.841042334374,3576.368208466874,1.2
low,high,coolant_recovery,single,steady,Q07,54930.156746071254,3710.746102217143,58640.902848288395,20865.70583105593,4173.141166211185,1.2
low,high,coolant_recovery,single,steady,Q08,58331.0490990713,5978.785228110061,64309.834327181365,24728.619856723835,4945.723971344766,1.2
low,high,coolant_recovery,single,steady,Q09,77849.26516698969,8139.073531541367,85988.33869853105,35671.714484211174,7134.342896842233,1.2
low,high,coolant_recovery,single,steady,Q10,101425.17192287606,7424.085593159753,108849.25751603581,47984.96525975398,9596.993051950794,1.2
low,high,coolant_recovery,single,steady,Q11,112347.76736103206,6756.132499802451,119103.89986083451,55867.127750207714,11173.42555004154,1.2
low,high,coolant_recovery,single,steady,Q12,123206.73597042676,6052.24520488913,129258.98117531589,64273.62463158301,12854.724926316598,1.2
low,high,coolant_recovery,single,steady,Q13,138165.93552100228,8604.564988035809,146770.50050903807,77227.381082896,15445.476216579196,1.2
low,high,coolant_recovery,single,steady,Q14,152652.05204813168,11236.903740024469,163888.95578815613,90731.53311735032,18146.30662347006,1.2
low,high,coolant_recovery,single,steady,Q15,166252.672783982,10540.0034306761,176792.6762146581,102921.54359808327,20584.30871961665,1.2
low,high,coolant_recovery,single,steady,Q16,182796.8968420861,13124.029954644977,195920.92679673107,119614.34818058742,23922.869636117477,1.2
low,high,coolant_recovery,single,steady,Q17,234233.9826721173,15548.364346615883,249782.34701873318,159974.0953020643,31994.81906041285,1.2
low,high,coolant_recovery,single,steady,Q18,295219.4053403221,18119.673900125195,313339.0792404473,209055.98987253362,41811.197974506715,1.2
low,high,coolant_recovery,single,steady,Q19,329426.10356501973,20600.305961642825,350026.40952666255,243335.9939739593,48667.198794791846,1.2
low,high,coolant_recovery,single,steady,Q20,362314.90628944844,23020.47760161673,385335.38389106514,278785.96298695996,55757.19259739198,1.2
low,high,coolant_recovery,single,steady,Q21,398215.08652405965,25220.726127803842,423435.8126518635,318293.8288160495,63658.765763209885,1.2
low,high,coolant_recovery,single,steady,Q22,443318.6585714404,27335.031114536145,470653.68968597654,367184.71565445286,73436.94313089055,1.2
low,high,coolant_recovery,single,steady,Q23,497317.78313041513,33342.91897230021,530660.7021027154,428999.94221020903,85799.98844204178,1.2
low,high,coolant_recovery,single,steady,Q24,552858.1156778606,39101.091639881146,591959.2073177417,495196.83460105944,99039.36692021186,1.2
low,high,coolant_recovery,single,transition,Q01,17409.600000000002,2302.56,19712.160000000003,3942.4320000000002,788.4863999999999,1.2
low,high,coolant_recovery,single,transition,Q02,34990.12857599999,4639.305715200001,39629.43429119999,8485.8705794918,1697.1741158983598,1.2
low,high,coolant_recovery,single,transition,Q03,38860.61216678485,4673.4914304,43534.10359718485,10604.573234213447,2120.914646842689,1.2
low,high,coolant_recovery,single,transition,Q04,42262.27540200453,4640.416864868572,46902.692266873106,12686.248350336478,2537.249670067295,1.2
low,high,coolant_recovery,single,transition,Q05,44865.93257570447,4470.891855634286,49336.824431338755,14786.571067288149,2957.314213457629,1.2
low,high,coolant_recovery,single,transition,Q06,50398.88517457193,4161.978336137144,54560.863510709074,17881.841042334374,3576.368208466874,1.2
low,high,coolant_recovery,single,transition,Q07,54930.156746071254,3710.746102217143,58640.902848288395,20865.70583105593,4173.141166211185,1.2
low,high,coolant_recovery,single,transition,Q08,58331.0490990713,5978.785228110061,64309.834327181365,24728.619856723835,4945.723971344766,1.2
low,high,coolant_recovery,single,transition,Q09,77849.26516698969,8139.073531541367,85988.33869853105,35671.714484211174,7134.342896842233,1.2
low,high,coolant_recovery,single,transition,Q10,101425.17192287606,7424.085593159753,108849.25751603581,47984.96525975398,9596.993051950794,1.2
low,high,coolant_recovery,single,transition,Q11,112347.76736103206,6756.132499802451,119103.89986083451,55867.127750207714,11173.42555004154,1.2
low,high,coolant_recovery,single,transition,Q12,123206.73597042676,6052.24520488913,129258.98117531589,64273.62463158301,12854.724926316598,1.2
low,high,coolant_recovery,single,transition,Q13,138165.93552100228,8604.564988035809,146770.50050903807,77227.381082896,15445.476216579196,1.2
low,high,coolant_recovery,single,transition,Q14,152652.05204813168,11236.903740024469,163888.95578815613,90731.53311735032,18146.30662347006,1.2
low,high,coolant_recovery,single,transition,Q15,166252.672783982,10540.0034306761,176792.6762146581,102921.54359808327,20584.30871961665,1.2
low,high,coolant_recovery,single,transition,Q16,182796.8968420861,13124.029954644977,195920.92679673107,119614.34818058742,23922.869636117477,1.2
low,high,coolant_recovery,single,transition,Q17,234233.9826721173,15548.364346615883,249782.34701873318,159974.0953020643,31994.81906041285,1.2
low,high,coolant_recovery,single,transition,Q18,295219.4053403221,18119.673900125195,313339.0792404473,209055.98987253362,41811.197974506715,1.2
low,high,coolant_recovery,single,transition,Q19,329426.10356501973,20600.305961642825,350026.40952666255,243335.9939739593,48667.198794791846,1.2
low,high,coolant_recovery,single,transition,Q20,362314.90628944844,23020.47760161673,385335.38389106514,278785.96298695996,55757.19259739198,1.2
low,high,coolant_recovery,single,transition,Q21,398215.08652405965,25220.726127803842,423435.8126518635,318293.8288160495,63658.765763209885,1.2
low,high,coolant_recovery,single,transition,Q22,443318.6585714404,27335.031114536145,470653.68968597654,367184.71565445286,73436.94313089055,1.2
low,high,coolant_recovery,single,transition,Q23,497317.78313041513,33342.91897230021,530660.7021027154,428999.94221020903,85799.98844204178,1.2
low,high,coolant_recovery,single,transition,Q24,552858.1156778606,39101.091639881146,591959.2073177417,495196.83460105944,99039.36692021186,1.2
low,high,coolant_recovery,two,steady,Q01,17409.600000000002,2302.56,19712.160000000003,3942.4320000000002,394.2432000000004,1.1
low,high,coolant_recovery,two,steady,Q02,34990.12857599999,4639.305715200001,39629.43429119999,8485.8705794918,848.5870579491808,1.1
low,high,coolant_recovery,two,steady,Q03,38860.61216678485,4673.4914304,43534.10359718485,10604.573234213447,1060.4573234213456,1.1
low,high,coolant_recovery,two,steady,Q04,42262.27540200453,4640.416864868572,46902.692266873106,12686.248350336478,1268.6248350336489,1.1
low,high,coolant_recovery,two,steady,Q05,44865.93257570447,4470.891855634286,49336.824431338755,14786.571067288149,1478.6571067288162,1.1
low,high,coolant_recovery,two,steady,Q06,50398.88517457193,4161.978336137144,54560.863510709074,17881.841042334374,1788.184104233439,1.1
low,high,coolant_recovery,two,steady,Q07,54930.156746071254,3710.746102217143,58640.902848288395,20865.70583105593,2086.570583105595,1.1
low,high,coolant_recovery,two,steady,Q08,58331.0490990713,5978.785228110061,64309.834327181365,24728.619856723835,2472.861985672386,1.1
low,high,coolant_recovery,two,steady,Q09,77849.26516698969,8139.073531541367,85988.33869853105,35671.714484211174,3567.1714484211207,1.1
low,high,coolant_recovery,two,steady,Q10,101425.17192287606,7424.085593159753,108849.25751603581,47984.96525975398,4798.496525975403,1.1
low,high,coolant_recovery,two,steady,Q11,112347.76736103206,6756.132499802451,119103.89986083451,55867.127750207714,5586.7127750207765,1.1
low,high,coolant_recovery,two,steady,Q12,123206.73597042676,6052.24520488913,129258.98117531589,64273.62463158301,6427.362463158306,1.1
low,high,coolant_recovery,two,steady,Q13,138165.93552100228,8604.564988035809,146770.50050903807,77227.381082896,7722.738108289606,1.1
low,high,coolant_recovery,two,steady,Q14,152652.05204813168,11236.903740024469,163888.95578815613,90731.53311735032,9073.153311735041,1.1
low,high,coolant_recovery,two,steady,Q15,166252.672783982,10540.0034306761,176792.6762146581,102921.54359808327,10292.154359808335,1.1
low,high,coolant_recovery,two,steady,Q16,182796.8968420861,13124.029954644977,195920.92679673107,119614.34818058742,11961.434818058753,1.1
low,high,coolant_recovery,two,steady,Q17,234233.9826721173,15548.364346615883,249782.34701873318,159974.0953020643,15997.409530206443,1.1
low,high,coolant_recovery,two,steady,Q18,295219.4053403221,18119.673900125195,313339.0792404473,209055.98987253362,20905.598987253383,1.1
low,high,coolant_recovery,two,steady,Q19,329426.10356501973,20600.305961642825,350026.40952666255,243335.9939739593,24333.599397395952,1.1
low,high,coolant_recovery,two,steady,Q20,362314.90628944844,23020.47760161673,385335.38389106514,278785.96298695996,27878.596298696022,1.1
low,high,coolant_recovery,two,steady,Q21,398215.08652405965,25220.726127803842,423435.8126518635,318293.8288160495,31829.38288160498,1.1
low,high,coolant_recovery,two,steady,Q22,443318.6585714404,27335.031114536145,470653.68968597654,367184.71565445286,36718.47156544532,1.1
low,high,coolant_recovery,two,steady,Q23,497317.78313041513,33342.91897230021,530660.7021027154,428999.94221020903,42899.99422102094,1.1
low,high,coolant_recovery,two,steady,Q24,552858.1156778606,39101.091639881146,591959.2073177417,495196.83460105944,49519.68346010599,1.1
low,high,coolant_recovery,two,transition,Q01,17409.600000000002,2302.56,19712.160000000003,3942.4320000000002,394.2432000000004,1.1
low,high,coolant_recovery,two,transition,Q02,34990.12857599999,4639.305715200001,39629.43429119999,8485.8705794918,848.5870579491808,1.1
low,high,coolant_recovery,two,transition,Q03,38860.61216678485,4673.4914304,43534.10359718485,10604.573234213447,1060.4573234213456,1.1
low,high,coolant_recovery,two,transition,Q04,42262.27540200453,4640.416864868572,46902.692266873106,12686.248350336478,1268.6248350336489,1.1
low,high,coolant_recovery,two,transition,Q05,44865.93257570447,4470.891855634286,49336.824431338755,14786.571067288149,1478.6571067288162,1.1
low,high,coolant_recovery,two,transition,Q06,50398.88517457193,4161.978336137144,54560.863510709074,17881.841042334374,1788.184104233439,1.1
low,high,coolant_recovery,two,transition,Q07,54930.156746071254,3710.746102217143,58640.902848288395,20865.70583105593,2086.570583105595,1.1
low,high,coolant_recovery,two,transition,Q08,58331.0490990713,5978.785228110061,64309.834327181365,24728.619856723835,2472.861985672386,1.1
low,high,coolant_recovery,two,transition,Q09,77849.26516698969,8139.073531541367,85988.33869853105,35671.714484211174,3567.1714484211207,1.1
low,high,coolant_recovery,two,transition,Q10,101425.17192287606,7424.085593159753,108849.25751603581,47984.96525975398,4798.496525975403,1.1
low,high,coolant_recovery,two,transition,Q11,112347.76736103206,6756.132499802451,119103.89986083451,55867.127750207714,5586.7127750207765,1.1
low,high,coolant_recovery,two,transition,Q12,123206.73597042676,6052.24520488913,129258.98117531589,64273.62463158301,6427.362463158306,1.1
low,high,coolant_recovery,two,transition,Q13,138165.93552100228,8604.564988035809,146770.50050903807,77227.381082896,7722.738108289606,1.1
low,high,coolant_recovery,two,transition,Q14,152652.05204813168,11236.903740024469,163888.95578815613,90731.53311735032,9073.153311735041,1.1
low,high,coolant_recovery,two,transition,Q15,166252.672783982,10540.0034306761,176792.6762146581,102921.54359808327,10292.154359808335,1.1
low,high,coolant_recovery,two,transition,Q16,182796.8968420861,13124.029954644977,195920.92679673107,119614.34818058742,11961.434818058753,1.1
low,high,coolant_recovery,two,transition,Q17,234233.9826721173,15548.364346615883,249782.34701873318,159974.0953020643,15997.409530206443,1.1
low,high,coolant_recovery,two,transition,Q18,295219.4053403221,18119.673900125195,313339.0792404473,209055.98987253362,20905.598987253383,1.1
low,high,coolant_recovery,two,transition,Q19,329426.10356501973,20600.305961642825,350026.40952666255,243335.9939739593,24333.599397395952,1.1
low,high,coolant_recovery,two,transition,Q20,362314.90628944844,23020.47760161673,385335.38389106514,278785.96298695996,27878.596298696022,1.1
low,high,coolant_recovery,two,transition,Q21,398215.08652405965,25220.726127803842,423435.8126518635,318293.8288160495,31829.38288160498,1.1
low,high,coolant_recovery,two,transition,Q22,443318.6585714404,27335.031114536145,470653.68968597654,367184.71565445286,36718.47156544532,1.1
low,high,coolant_recovery,two,transition,Q23,497317.78313041513,33342.91897230021,530660.7021027154,428999.94221020903,42899.99422102094,1.1
low,high,coolant_recovery,two,transition,Q24,552858.1156778606,39101.091639881146,591959.2073177417,495196.83460105944,49519.68346010599,1.1
low,high,combined_strategy,single,steady,Q01,17409.600000000002,2302.56,19712.160000000003,3942.4320000000002,788.4863999999999,1.2
low,high,combined_strategy,single,steady,Q02,34990.12857599999,4639.305715200001,39629.43429119999,8485.8705794918,1678.7265711603332,1.1978260869565216
low,high,combined_strategy,single,steady,Q03,38860.61216678485,4673.4914304,43534.10359718485,10604.573234213447,2074.807806693935,1.1956521739130435
low,high,combined_strategy,single,steady,Q04,42262.27540200453,4640.416864868572,46902.692266873106,12686.248350336478,2454.513267782491,1.193478260869565
low,high,combined_strategy,single,steady,Q05,44865.93257570447,4470.891855634286,49336.824431338755,14786.571067288149,2828.735334611646,1.191304347826087
low,high,combined_strategy,single,steady,Q06,50398.88517457193,4161.978336137144,54560.863510709074,17881.841042334374,3382.000371050195,1.1891304347826086
low,high,combined_strategy,single,steady,Q07,54930.156746071254,3710.746102217143,58640.902848288395,20865.70583105593,3900.9797858061092,1.1869565217391305
low,high,combined_strategy,single,steady,Q08,58331.0490990713,5978.785228110061,64309.834327181365,24728.619856723835,4569.418886568533,1.184782608695652
low,high,combined_strategy,single,steady,Q09,77849.26516698969,8139.073531541367,85988.33869853105,35671.714484211174,6513.965253638564,1.182608695652174
low,high,combined_strategy,single,steady,Q10,101425.17192287606,7424.085593159753,108849.25751603581,47984.96525975398,8658.15677512952,1.1804347826086956
low,high,combined_strategy,single,steady,Q11,112347.76736103206,6756.132499802451,119103.89986083451,55867.127750207714,9958.922772863107,1.1782608695652173
low,high,combined_strategy,single,steady,Q12,123206.73597042676,6052.24520488913,129258.98117531589,64273.62463158301,11317.746945996138,1.1760869565217391
low,high,combined_strategy,single,steady,Q13,138165.93552100228,8604.564988035809,146770.50050903807,77227.381082896,13430.848883981904,1.1739130434782608
low,high,combined_strategy,single,steady,Q14,152652.05204813168,11236.903740024469,163888.95578815613,90731.53311735032,15582.154600588425,1.1717391304347826
low,high,combined_strategy,single,steady,Q15,166252.672783982,10540.0034306761,176792.6762146581,102921.54359808327,17451.91391445759,1.1695652173913043
low,high,combined_strategy,single,steady,Q16,182796.8968420861,13124.029954644977,195920.92679673107,119614.34818058742,20022.40176066355,1.1673913043478261
low,high,combined_strategy,single,steady,Q17,234233.9826721173,15548.364346615883,249782.34701873318,159974.0953020643,26430.502702080175,1.1652173913043478
low,high,combined_strategy,single,steady,Q18,295219.4053403221,18119.673900125195,313339.0792404473,209055.98987253362,34085.21574008701,1.1630434782608696
low,high,combined_strategy,single,steady,Q19,329426.10356501973,20600.305961642825,350026.40952666255,243335.9939739593,39145.35555233257,1.1608695652173913
low,high,combined_strategy,single,steady,Q20,362314.90628944844,23020.47760161673,385335.38389106514,278785.96298695996,44242.12021314795,1.158695652173913
low,high,combined_strategy,single,steady,Q21,398215.08652405965,25220.726127803842,423435.8126518635,318293.8288160495,49819.90364077296,1.1565217391304348
low,high,combined_strategy,single,steady,Q22,443318.6585714404,27335.031114536145,470653.68968597654,367184.71565445286,56674.16263362203,1.1543478260869564
low,high,combined_strategy,single,steady,Q23,497317.78313041513,33342.91897230021,530660.7021027154,428999.94221020903,65282.59990155355,1.1521739130434783
low,high,combined_strategy,single,steady,Q24,552858.1156778606,39101.091639881146,591959.2073177417,495196.83460105944,74279.52519015888,1.15
low,high,combined_strategy,single,transition,Q01,17409.600000000002,2302.56,19712.160000000003,3942.4320000000002,788.4863999999999,1.2
low,high,combined_strategy,single,transition,Q02,34990.12857599999,4639.305715200001,39629.43429119999,8485.8705794918,1678.7265711603332,1.1978260869565216
low,high,combined_strategy,single,transition,Q03,38860.61216678485,4673.4914304,43534.10359718485,10604.573234213447,2074.807806693935,1.1956521739130435
low,high,combined_strategy,single,transition,Q04,42262.27540200453,4640.416864868572,46902.692266873106,12686.248350336478,2454.513267782491,1.193478260869565
low,high,combined_strategy,single,transition,Q05,44865.93257570447,4470.891855634286,49336.824431338755,14786.571067288149,2828.735334611646,1.191304347826087
low,high,combined_strategy,single,transition,Q06,50398.88517457193,4161.978336137144,54560.863510709074,17881.841042334374,3382.000371050195,1.1891304347826086
low,high,combined_strategy,single,transition,Q07,54930.156746071254,3710.746102217143,58640.902848288395,20865.70583105593,3900.9797858061092,1.1869565217391305
low,high,combined_strategy,single,transition,Q08,58331.0490990713,5978.785228110061,64309.834327181365,24728.619856723835,4569.418886568533,1.184782608695652
low,high,combined_strategy,single,transition,Q09,77849.26516698969,8139.073531541367,85988.33869853105,35671.714484211174,6513.965253638564,1.182608695652174
low,high,combined_strategy,single,transition,Q10,101425.17192287606,7424.085593159753,108849.25751603581,47984.96525975398,8658.15677512952,1.1804347826086956
low,high,combined_strategy,single,transition,Q11,112347.76736103206,6756.132499802451,119103.89986083451,55867.127750207714,9958.922772863107,1.1782608695652173
low,high,combined_strategy,single,transition,Q12,123206.73597042676,6052.24520488913,129258.98117531589,64273.62463158301,11317.746945996138,1.1760869565217391
low,high,combined_strategy,single,transition,Q13,138165.93552100228,8604.564988035809,146770.50050903807,77227.381082896,13430.848883981904,1.1739130434782608
low,high,combined_strategy,single,transition,Q14,152652.05204813168,11236.903740024469,163888.95578815613,90731.53311735032,15582.154600588425,1.1717391304347826
low,high,combined_strategy,single,transition,Q15,166252.672783982,10540.0034306761,176792.6762146581,102921.54359808327,17451.91391445759,1.1695652173913043
low,high,combined_strategy,single,transition,Q16,182796.8968420861,13124.029954644977,195920.92679673107,119614.34818058742,20022.40176066355,1.1673913043478261
low,high,combined_strategy,single,transition,Q17,234233.9826721173,15548.364346615883,249782.34701873318,159974.0953020643,26430.502702080175,1.1652173913043478
low,high,combined_strategy,single,transition,Q18,295219.4053403221,18119.673900125195,313339.0792404473,209055.98987253362,34085.21574008701,1.1630434782608696
low,high,combined_strategy,single,transition,Q19,329426.10356501973,20600.305961642825,350026.40952666255,243335.9939739593,39145.35555233257,1.1608695652173913
low,high,combined_strategy,single,transition,Q20,362314.90628944844,23020.47760161673,385335.38389106514,278785.96298695996,44242.12021314795,1.158695652173913
low,high,combined_strategy,single,transition,Q21,398215.08652405965,25220.726127803842,423435.8126518635,318293.8288160495,49819.90364077296,1.1565217391304348
low,high,combined_strategy,single,transition,Q22,443318.6585714404,27335.031114536145,470653.68968597654,367184.71565445286,56674.16263362203,1.1543478260869564
low,high,combined_strategy,single,transition,Q23,497317.78313041513,33342.91897230021,530660.7021027154,428999.94221020903,65282.59990155355,1.1521739130434783
low,high,combined_strategy,single,transition,Q24,552858.1156778606,39101.091639881146,591959.2073177417,495196.83460105944,74279.52519015888,1.15
low,high,combined_strategy,two,steady,Q01,17409.600000000002,2302.56,19712.160000000003,3942.4320000000002,394.2432000000004,1.1
low,high,combined_strategy,two,steady,Q02,34990.12857599999,4639.305715200001,39629.43429119999,8485.8705794918,839.3632855801685,1.098913043478261
low,high,combined_strategy,two,steady,Q03,38860.61216678485,4673.4914304,43534.10359718485,10604.573234213447,1037.4039033469676,1.0978260869565217
low,high,combined_strategy,two,steady,Q04,42262.27540200453,4640.416864868572,46902.692266873106,12686.248350336478,1227.256633891247,1.0967391304347827
low,high,combined_strategy,two,steady,Q05,44865.93257570447,4470.891855634286,49336.824431338755,14786.571067288149,1414.3676673058246,1.0956521739130436
low,high,combined_strategy,two,steady,Q06,50398.88517457193,4161.978336137144,54560.863510709074,17881.841042334374,1691.0001855251016,1.0945652173913045
low,high,combined_strategy,two,steady,Q07,54930.156746071254,3710.746102217143,58640.902848288395,20865.70583105593,1950.4898929030546,1.0934782608695652
low,high,combined_strategy,two,steady,Q08,58331.0490990713,5978.785228110061,64309.834327181365,24728.619856723835,2284.709443284269,1.0923913043478262
low,high,combined_strategy,two,steady,Q09,77849.26516698969,8139.073531541367,85988.33869853105,35671.714484211174,3256.982626819286,1.091304347826087
low,high,combined_strategy,two,steady,Q10,101425.17192287606,7424.085593159753,108849.25751603581,47984.96525975398,4329.07838756476,1.0902173913043478
low,high,combined_strategy,two,steady,Q11,112347.76736103206,6756.132499802451,119103.89986083451,55867.127750207714,4979.46138643156,1.0891304347826087
low,high,combined_strategy,two,steady,Q12,123206.73597042676,6052.24520488913,129258.98117531589,64273.62463158301,5658.873472998076,1.0880434782608697
low,high,combined_strategy,two,steady,Q13,138165.93552100228,8604.564988035809,146770.50050903807,77227.381082896,6715.424441990969,1.0869565217391306
low,high,combined_strategy,two,steady,Q14,152652.05204813168,11236.903740024469,163888.95578815613,90731.53311735032,7791.077300294212,1.0858695652173913
low,high,combined_strategy,two,steady,Q15,166252.672783982,10540.0034306761,176792.6762146581,102921.54359808327,8725.956957228806,1.0847826086956522
low,high,combined_strategy,two,steady,Q16,182796.8968420861,13124.029954644977,195920.92679673107,119614.34818058742,10011.200880331788,1.0836956521739132
low,high,combined_strategy,two,steady,Q17,234233.9826721173,15548.364346615883,249782.34701873318,159974.0953020643,13215.251351040124,1.082608695652174
low,high,combined_strategy,two,steady,Q18,295219.4053403221,18119.673900125195,313339.0792404473,209055.98987253362,17042.607870043506,1.0815217391304348
low,high,combined_strategy,two,steady,Q19,329426.10356501973,20600.305961642825,350026.40952666255,243335.9939739593,19572.677776166314,1.0804347826086957
low,high,combined_strategy,two,steady,Q20,362314.90628944844,23020.47760161673,385335.38389106514,278785.96298695996,22121.060106574037,1.0793478260869567
low,high,combined_strategy,two,steady,Q21,398215.08652405965,25220.726127803842,423435.8126518635,318293.8288160495,24909.95182038648,1.0782608695652174
low,high,combined_strategy,two,steady,Q22,443318.6585714404,27335.031114536145,470653.68968597654,367184.71565445286,28337.081316811054,1.0771739130434783
low,high,combined_strategy,two,steady,Q23,497317.78313041513,33342.91897230021,530660.7021027154,428999.94221020903,32641.299950776825,1.0760869565217392
low,high,combined_strategy,two,steady,Q24,552858.1156778606,39101.091639881146,591959.2073177417,495196.83460105944,37139.76259507955,1.0750000000000002
low,high,combined_strategy,two,transition,Q01,17409.600000000002,2302.56,19712.160000000003,3942.4320000000002,394.2432000000004,1.1
low,high,combined_strategy,two,transition,Q02,34990.12857599999,4639.305715200001,39629.43429119999,8485.8705794918,839.3632855801685,1.098913043478261
low,high,combined_strategy,two,transition,Q03,38860.61216678485,4673.4914304,43534.10359718485,10604.573234213447,1037.4039033469676,1.0978260869565217
low,high,combined_strategy,two,transition,Q04,42262.27540200453,4640.416864868572,46902.692266873106,12686.248350336478,1227.256633891247,1.0967391304347827
low,high,combined_strategy,two,transition,Q05,44865.93257570447,4470.891855634286,49336.824431338755,14786.571067288149,1414.3676673058246,1.0956521739130436
low,high,combined_strategy,two,transition,Q06,50398.88517457193,4161.978336137144,54560.863510709074,17881.841042334374,1691.0001855251016,1.0945652173913045
low,high,combined_strategy,two,transition,Q07,54930.156746071254,3710.746102217143,58640.902848288395,20865.70583105593,1950.4898929030546,1.0934782608695652
low,high,combined_strategy,two,transition,Q08,58331.0490990713,5978.785228110061,64309.834327181365,24728.619856723835,2284.709443284269,1.0923913043478262
low,high,combined_strategy,two,transition,Q09,77849.26516698969,8139.073531541367,85988.33869853105,35671.714484211174,3256.982626819286,1.091304347826087
low,high,combined_strategy,two,transition,Q10,101425.17192287606,7424.085593159753,108849.25751603581,47984.96525975398,4329.07838756476,1.0902173913043478
low,high,combined_strategy,two,transition,Q11,112347.76736103206,6756.132499802451,119103.89986083451,55867.127750207714,4979.46138643156,1.0891304347826087
low,high,combined_strategy,two,transition,Q12,123206.73597042676,6052.24520488913,129258.98117531589,64273.62463158301,5658.873472998076,1.0880434782608697
low,high,combined_strategy,two,transition,Q13,138165.93552100228,8604.564988035809,146770.50050903807,77227.381082896,6715.424441990969,1.0869565217391306
low,high,combined_strategy,two,transition,Q14,152652.05204813168,11236.903740024469,163888.95578815613,90731.53311735032,7791.077300294212,1.0858695652173913
low,high,combined_strategy,two,transition,Q15,166252.672783982,10540.0034306761,176792.6762146581,102921.54359808327,8725.956957228806,1.0847826086956522
low,high,combined_strategy,two,transition,Q16,182796.8968420861,13124.029954644977,195920.92679673107,119614.34818058742,10011.200880331788,1.0836956521739132
low,high,combined_strategy,two,transition,Q17,234233.9826721173,15548.364346615883,249782.34701873318,159974.0953020643,13215.251351040124,1.082608695652174
low,high,combined_strategy,two,transition,Q18,295219.4053403221,18119.673900125195,313339.0792404473,209055.98987253362,17042.607870043506,1.0815217391304348
low,high,combined_strategy,two,transition,Q19,329426.10356501973,20600.305961642825,350026.40952666255,243335.9939739593,19572.677776166314,1.0804347826086957
low,high,combined_strategy,two,transition,Q20,362314.90628944844,23020.47760161673,385335.38389106514,278785.96298695996,22121.060106574037,1.0793478260869567
low,high,combined_strategy,two,transition,Q21,398215.08652405965,25220.726127803842,423435.8126518635,318293.8288160495,24909.95182038648,1.0782608695652174
low,high,combined_strategy,two,transition,Q22,443318.6585714404,27335.031114536145,470653.68968597654,367184.71565445286,28337.081316811054,1.0771739130434783
low,high,combined_strategy,two,transition,Q23,497317.78313041513,33342.91897230021,530660.7021027154,428999.94221020903,32641.299950776825,1.0760869565217392
low,high,combined_strategy,two,transition,Q24,552858.1156778606,39101.091639881146,591959.2073177417,495196.83460105944,37139.76259507955,1.0750000000000002
central,low,baseline,single,steady,Q01,24373.44,2302.56,26676.0,2667.6,533.5199999999999,1.2
central,low,baseline,single,steady,Q02,52576.468113403345,4639.305715200001,57215.77382860335,6052.058329480357,1210.411665896071,1.2
central,low,baseline,single,steady,Q03,60140.68872535825,4673.4914304,64814.18015575825,7558.286047653235,1511.6572095306467,1.2
central,low,baseline,single,steady,Q04,67253.58270003487,4640.416864868572,71893.99956490344,9159.547134036835,1831.9094268073666,1.2
central,low,baseline,single,steady,Q05,73093.57201687313,4470.891855634286,77564.46387250742,10719.557872316002,2143.9115744632,1.2
central,low,baseline,single,steady,Q06,77429.42312509181,4161.978336137144,81591.40146122895,12157.472628178093,2431.494525635618,1.2
central,low,baseline,single,steady,Q07,84166.08870496666,6492.312447161459,90658.40115212812,14525.237860347861,2905.0475720695717,1.2
central,low,baseline,single,steady,Q08,93206.72401522961,8716.934171317454,101923.65818654707,17412.434374587916,3482.4868749175826,1.2
central,low,baseline,single,steady,Q09,122130.8513531452,8011.810427786275,130142.66178093148,23755.344128780715,4751.068825756141,1.2
central,low,baseline,single,steady,Q10,154832.26692254824,7214.76330890804,162047.03023145627,31214.22415323341,6242.84483064668,1.2
central,low,baseline,single,steady,Q11,170567.23443111576,9502.469938007418,180069.70436912318,36656.94370570909,7331.388741141816,1.2
central,low,baseline,single,steady,Q12,190860.24403629795,11798.824877117697,202659.06891341566,43457.47143756091,8691.49428751218,1.2
central,low,baseline,single,steady,Q13,210195.30754665614,10941.52811474229,221136.83566139842,49788.670616523,9957.734123304597,1.2
central,low,baseline,single,steady,Q14,229160.27904328838,13411.021427018093,242571.30047030648,57292.929607936894,11458.585921587377,1.2
central,low,baseline,single,steady,Q15,256604.61863320804,15707.06797761162,272311.68661081966,67267.15349857343,13453.430699714683,1.2
central,low,baseline,single,steady,Q16,286104.0274869955,17981.884786788065,304085.9122737836,78423.23496640848,15684.64699328169,1.2
central,low,baseline,single,steady,Q17,365672.77465859,20171.783671979574,385844.55833056953,103938.80779382955,20787.761558765906,1.2
central,low,baseline,single,steady,Q18,454207.47990899155,22310.551161133753,476518.0310701253,133247.78854778223,26649.55770955644,1.2
central,low,baseline,single,steady,Q19,504785.2778497712,27992.57715976871,532777.8550095399,154781.1644252731,30956.232885054615,1.2
central,low,baseline,single,steady,Q20,564287.0507457736,29805.146863429043,594092.1976092026,179032.83784716,35806.567569431994,1.2
central,low,baseline,single,steady,Q21,625690.6899519813,31620.520592424757,657311.2105444061,205221.15526602897,41044.23105320579,1.2
central,low,baseline,single,steady,Q22,695016.3289228294,37021.55568511684,732037.8846079462,236541.24383497154,47308.2487669943,1.2
central,low,baseline,single,steady,Q23,770789.260701814,46379.164224442386,817168.4249262563,272908.59843096015,54581.71968619202,1.2
central,low,baseline,single,steady,Q24,857719.369435968,55711.1821679177,913430.5516038857,315014.96139971056,63002.9922799421,1.2
central,low,baseline,single,transition,Q01,24373.44,2302.56,26676.0,2667.6,533.5199999999999,1.2
central,low,baseline,single,transition,Q02,52576.468113403345,4639.305715200001,57215.77382860335,6052.058329480357,1210.411665896071,1.2
central,low,baseline,single,transition,Q03,60140.68872535825,4673.4914304,64814.18015575825,7558.286047653235,1511.6572095306467,1.2
central,low,baseline,single,transition,Q04,67253.58270003487,4640.416864868572,71893.99956490344,9159.547134036835,1831.9094268073666,1.2
central,low,baseline,single,transition,Q05,73093.57201687313,4470.891855634286,77564.46387250742,10719.557872316002,2143.9115744632,1.2
central,low,baseline,single,transition,Q06,77429.42312509181,4161.978336137144,81591.40146122895,12157.472628178093,2431.494525635618,1.2
central,low,baseline,single,transition,Q07,84166.08870496666,6492.312447161459,90658.40115212812,14525.237860347861,2905.0475720695717,1.2
central,low,baseline,single,transition,Q08,93206.72401522961,8716.934171317454,101923.65818654707,17412.434374587916,3482.4868749175826,1.2
central,low,baseline,single,transition,Q09,122130.8513531452,8011.810427786275,130142.66178093148,23755.344128780715,4751.068825756141,1.2
central,low,baseline,single,transition,Q10,154832.26692254824,7214.76330890804,162047.03023145627,31214.22415323341,6242.84483064668,1.2
central,low,baseline,single,transition,Q11,170567.23443111576,9502.469938007418,180069.70436912318,36656.94370570909,7331.388741141816,1.2
central,low,baseline,single,transition,Q12,190860.24403629795,11798.824877117697,202659.06891341566,43457.47143756091,8691.49428751218,1.2
central,low,baseline,single,transition,Q13,210195.30754665614,10941.52811474229,221136.83566139842,49788.670616523,9957.734123304597,1.2
central,low,baseline,single,transition,Q14,229160.27904328838,13411.021427018093,242571.30047030648,57292.929607936894,11458.585921587377,1.2
central,low,baseline,single,transition,Q15,256604.61863320804,15707.06797761162,272311.68661081966,67267.15349857343,13453.430699714683,1.2
central,low,baseline,single,transition,Q16,286104.0274869955,17981.884786788065,304085.9122737836,78423.23496640848,15684.64699328169,1.2
central,low,baseline,single,transition,Q17,365672.77465859,20171.783671979574,385844.55833056953,103938.80779382955,20787.761558765906,1.2
central,low,baseline,single,transition,Q18,454207.47990899155,22310.551161133753,476518.0310701253,133247.78854778223,26649.55770955644,1.2
central,low,baseline,single,transition,Q19,504785.2778497712,27992.57715976871,532777.8550095399,154781.1644252731,30956.232885054615,1.2
central,low,baseline,single,transition,Q20,564287.0507457736,29805.146863429043,594092.1976092026,179032.83784716,35806.567569431994,1.2
central,low,baseline,single,transition,Q21,625690.6899519813,31620.520592424757,657311.2105444061,205221.15526602897,41044.23105320579,1.2
central,low,baseline,single,transition,Q22,695016.3289228294,37021.55568511684,732037.8846079462,236541.24383497154,47308.2487669943,1.2
central,low,baseline,single,transition,Q23,770789.260701814,46379.164224442386,817168.4249262563,272908.59843096015,54581.71968619202,1.2
central,low,baseline,single,transition,Q24,857719.369435968,55711.1821679177,913430.5516038857,315014.96139971056,63002.9922799421,1.2
central,low,baseline,two,steady,Q01,24373.44,2302.56,26676.0,2667.6,266.7600000000002,1.1
central,low,baseline,two,steady,Q02,52576.468113403345,4639.305715200001,57215.77382860335,6052.058329480357,605.2058329480362,1.1
central,low,baseline,two,steady,Q03,60140.68872535825,4673.4914304,64814.18015575825,7558.286047653235,755.8286047653241,1.1
central,low,baseline,two,steady,Q04,67253.58270003487,4640.416864868572,71893.99956490344,9159.547134036835,915.9547134036843,1.1
central,low,baseline,two,steady,Q05,73093.57201687313,4470.891855634286,77564.46387250742,10719.557872316002,1071.955787231601,1.1
central,low,baseline,two,steady,Q06,77429.42312509181,4161.978336137144,81591.40146122895,12157.472628178093,1215.7472628178105,1.1
central,low,baseline,two,steady,Q07,84166.08870496666,6492.312447161459,90658.40115212812,14525.237860347861,1452.5237860347875,1.1
central,low,baseline,two,steady,Q08,93206.72401522961,8716.934171317454,101923.65818654707,17412.434374587916,1741.243437458793,1.1
central,low,baseline,two,steady,Q09,122130.8513531452,8011.810427786275,130142.66178093148,23755.344128780715,2375.5344128780735,1.1
central,low,baseline,two,steady,Q10,154832.26692254824,7214.76330890804,162047.03023145627,31214.22415323341,3121.4224153233436,1.1
central,low,baseline,two,steady,Q11,170567.23443111576,9502.469938007418,180069.70436912318,36656.94370570909,3665.6943705709123,1.1
central,low,baseline,two,steady,Q12,190860.24403629795,11798.824877117697,202659.06891341566,43457.47143756091,4345.747143756095,1.1
central,low,baseline,two,steady,Q13,210195.30754665614,10941.52811474229,221136.83566139842,49788.670616523,4978.867061652304,1.1
central,low,baseline,two,steady,Q14,229160.27904328838,13411.021427018093,242571.30047030648,57292.929607936894,5729.292960793695,1.1
central,low,baseline,two,steady,Q15,256604.61863320804,15707.06797761162,272311.68661081966,67267.15349857343,6726.715349857349,1.1
central,low,baseline,two,steady,Q16,286104.0274869955,17981.884786788065,304085.9122737836,78423.23496640848,7842.3234966408545,1.1
central,low,baseline,two,steady,Q17,365672.77465859,20171.783671979574,385844.55833056953,103938.80779382955,10393.880779382964,1.1
central,low,baseline,two,steady,Q18,454207.47990899155,22310.551161133753,476518.0310701253,133247.78854778223,13324.778854778235,1.1
central,low,baseline,two,steady,Q19,504785.2778497712,27992.57715976871,532777.8550095399,154781.1644252731,15478.116442527324,1.1
central,low,baseline,two,steady,Q20,564287.0507457736,29805.146863429043,594092.1976092026,179032.83784716,17903.283784716015,1.1
central,low,baseline,two,steady,Q21,625690.6899519813,31620.520592424757,657311.2105444061,205221.15526602897,20522.115526602916,1.1
central,low,baseline,two,steady,Q22,695016.3289228294,37021.55568511684,732037.8846079462,236541.24383497154,23654.124383497176,1.1
central,low,baseline,two,steady,Q23,770789.260701814,46379.164224442386,817168.4249262563,272908.59843096015,27290.859843096037,1.1
central,low,baseline,two,steady,Q24,857719.369435968,55711.1821679177,913430.5516038857,315014.96139971056,31501.496139971085,1.1
central,low,baseline,two,transition,Q01,24373.44,2302.56,26676.0,2667.6,266.7600000000002,1.1
central,low,baseline,two,transition,Q02,52576.468113403345,4639.305715200001,57215.77382860335,6052.058329480357,605.2058329480362,1.1
central,low,baseline,two,transition,Q03,60140.68872535825,4673.4914304,64814.18015575825,7558.286047653235,755.8286047653241,1.1
central,low,baseline,two,transition,Q04,67253.58270003487,4640.416864868572,71893.99956490344,9159.547134036835,915.9547134036843,1.1
central,low,baseline,two,transition,Q05,73093.57201687313,4470.891855634286,77564.46387250742,10719.557872316002,1071.955787231601,1.1
central,low,baseline,two,transition,Q06,77429.42312509181,4161.978336137144,81591.40146122895,12157.472628178093,1215.7472628178105,1.1
central,low,baseline,two,transition,Q07,84166.08870496666,6492.312447161459,90658.40115212812,14525.237860347861,1452.5237860347875,1.1
central,low,baseline,two,transition,Q08,93206.72401522961,8716.934171317454,101923.65818654707,17412.434374587916,1741.243437458793,1.1
central,low,baseline,two,transition,Q09,122130.8513531452,8011.810427786275,130142.66178093148,23755.344128780715,2375.5344128780735,1.1
central,low,baseline,two,transition,Q10,154832.26692254824,7214.76330890804,162047.03023145627,31214.22415323341,3121.4224153233436,1.1
central,low,baseline,two,transition,Q11,170567.23443111576,9502.469938007418,180069.70436912318,36656.94370570909,3665.6943705709123,1.1
central,low,baseline,two,transition,Q12,190860.24403629795,11798.824877117697,202659.06891341566,43457.47143756091,4345.747143756095,1.1
central,low,baseline,two,transition,Q13,210195.30754665614,10941.52811474229,221136.83566139842,49788.670616523,4978.867061652304,1.1
central,low,baseline,two,transition,Q14,229160.27904328838,13411.021427018093,242571.30047030648,57292.929607936894,5729.292960793695,1.1
central,low,baseline,two,transition,Q15,256604.61863320804,15707.06797761162,272311.68661081966,67267.15349857343,6726.715349857349,1.1
central,low,baseline,two,transition,Q16,286104.0274869955,17981.884786788065,304085.9122737836,78423.23496640848,7842.3234966408545,1.1
central,low,baseline,two,transition,Q17,365672.77465859,20171.783671979574,385844.55833056953,103938.80779382955,10393.880779382964,1.1
central,low,baseline,two,transition,Q18,454207.47990899155,22310.551161133753,476518.0310701253,133247.78854778223,13324.778854778235,1.1
central,low,baseline,two,transition,Q19,504785.2778497712,27992.57715976871,532777.8550095399,154781.1644252731,15478.116442527324,1.1
central,low,baseline,two,transition,Q20,564287.0507457736,29805.146863429043,594092.1976092026,179032.83784716,17903.283784716015,1.1
central,low,baseline,two,transition,Q21,625690.6899519813,31620.520592424757,657311.2105444061,205221.15526602897,20522.115526602916,1.1
central,low,baseline,two,transition,Q22,695016.3289228294,37021.55568511684,732037.8846079462,236541.24383497154,23654.124383497176,1.1
central,low,baseline,two,transition,Q23,770789.260701814,46379.164224442386,817168.4249262563,272908.59843096015,27290.859843096037,1.1
central,low,baseline,two,transition,Q24,857719.369435968,55711.1821679177,913430.5516038857,315014.96139971056,31501.496139971085,1.1
central,low,improved_pue,single,steady,Q01,24373.44,2302.56,26676.0,2667.6,533.5199999999999,1.2
central,low,improved_pue,single,steady,Q02,52576.468113403345,4639.305715200001,57215.77382860335,6052.058329480357,1197.255017353722,1.1978260869565216
central,low,improved_pue,single,steady,Q03,60140.68872535825,4673.4914304,64814.18015575825,7558.286047653235,1478.7950962799807,1.1956521739130435
central,low,improved_pue,single,steady,Q04,67253.58270003487,4640.416864868572,71893.99956490344,9159.547134036835,1772.173249846256,1.193478260869565
central,low,improved_pue,single,steady,Q05,73093.57201687313,4470.891855634286,77564.46387250742,10719.557872316002,2050.698027747409,1.191304347826087
central,low,improved_pue,single,steady,Q06,77429.42312509181,4161.978336137144,81591.40146122895,12157.472628178093,2299.348084024986,1.1891304347826086
central,low,improved_pue,single,steady,Q07,84166.08870496666,6492.312447161459,90658.40115212812,14525.237860347861,2715.5879478041657,1.1869565217391305
central,low,improved_pue,single,steady,Q08,93206.72401522961,8716.934171317454,101923.65818654707,17412.434374587916,3217.515047478201,1.184782608695652
central,low,improved_pue,single,steady,Q09,122130.8513531452,8011.810427786275,130142.66178093148,23755.344128780715,4337.9324061251755,1.182608695652174
central,low,improved_pue,single,steady,Q10,154832.26692254824,7214.76330890804,162047.03023145627,31214.22415323341,5632.131749387766,1.1804347826086956
central,low,improved_pue,single,steady,Q11,170567.23443111576,9502.469938007418,180069.70436912318,36656.94370570909,6534.49866058292,1.1782608695652173
central,low,improved_pue,single,steady,Q12,190860.24403629795,11798.824877117697,202659.06891341566,43457.47143756091,7652.293883570507,1.1760869565217391
central,low,improved_pue,single,steady,Q13,210195.30754665614,10941.52811474229,221136.83566139842,49788.670616523,8658.899237656167,1.1739130434782608
central,low,improved_pue,single,steady,Q14,229160.27904328838,13411.021427018093,242571.30047030648,57292.929607936894,9839.437910928293,1.1717391304347826
central,low,improved_pue,single,steady,Q15,256604.61863320804,15707.06797761162,272311.68661081966,67267.15349857343,11406.169506279837,1.1695652173913043
central,low,improved_pue,single,steady,Q16,286104.0274869955,17981.884786788065,304085.9122737836,78423.23496640848,13127.36759220316,1.1673913043478261
central,low,improved_pue,single,steady,Q17,365672.77465859,20171.783671979574,385844.55833056953,103938.80779382955,17172.498678980526,1.1652173913043478
central,low,improved_pue,single,steady,Q18,454207.47990899155,22310.551161133753,476518.0310701253,133247.78854778223,21725.182915399284,1.1630434782608696
central,low,improved_pue,single,steady,Q19,504785.2778497712,27992.57715976871,532777.8550095399,154781.1644252731,24899.57862493523,1.1608695652173913
central,low,improved_pue,single,steady,Q20,564287.0507457736,29805.146863429043,594092.1976092026,179032.83784716,28411.732962701455,1.158695652173913
central,low,improved_pue,single,steady,Q21,625690.6899519813,31620.520592424757,657311.2105444061,205221.15526602897,32121.572128595835,1.1565217391304348
central,low,improved_pue,single,steady,Q22,695016.3289228294,37021.55568511684,732037.8846079462,236541.24383497154,36509.62676583254,1.1543478260869564
central,low,improved_pue,single,steady,Q23,770789.260701814,46379.164224442386,817168.4249262563,272908.59843096015,41529.56932645046,1.1521739130434783
central,low,improved_pue,single,steady,Q24,857719.369435968,55711.1821679177,913430.5516038857,315014.96139971056,47252.24420995656,1.15
central,low,improved_pue,single,transition,Q01,24373.44,2302.56,26676.0,2667.6,533.5199999999999,1.2
central,low,improved_pue,single,transition,Q02,52576.468113403345,4639.305715200001,57215.77382860335,6052.058329480357,1197.255017353722,1.1978260869565216
central,low,improved_pue,single,transition,Q03,60140.68872535825,4673.4914304,64814.18015575825,7558.286047653235,1478.7950962799807,1.1956521739130435
central,low,improved_pue,single,transition,Q04,67253.58270003487,4640.416864868572,71893.99956490344,9159.547134036835,1772.173249846256,1.193478260869565
central,low,improved_pue,single,transition,Q05,73093.57201687313,4470.891855634286,77564.46387250742,10719.557872316002,2050.698027747409,1.191304347826087
central,low,improved_pue,single,transition,Q06,77429.42312509181,4161.978336137144,81591.40146122895,12157.472628178093,2299.348084024986,1.1891304347826086
central,low,improved_pue,single,transition,Q07,84166.08870496666,6492.312447161459,90658.40115212812,14525.237860347861,2715.5879478041657,1.1869565217391305
central,low,improved_pue,single,transition,Q08,93206.72401522961,8716.934171317454,101923.65818654707,17412.434374587916,3217.515047478201,1.184782608695652
central,low,improved_pue,single,transition,Q09,122130.8513531452,8011.810427786275,130142.66178093148,23755.344128780715,4337.9324061251755,1.182608695652174
central,low,improved_pue,single,transition,Q10,154832.26692254824,7214.76330890804,162047.03023145627,31214.22415323341,5632.131749387766,1.1804347826086956
central,low,improved_pue,single,transition,Q11,170567.23443111576,9502.469938007418,180069.70436912318,36656.94370570909,6534.49866058292,1.1782608695652173
central,low,improved_pue,single,transition,Q12,190860.24403629795,11798.824877117697,202659.06891341566,43457.47143756091,7652.293883570507,1.1760869565217391
central,low,improved_pue,single,transition,Q13,210195.30754665614,10941.52811474229,221136.83566139842,49788.670616523,8658.899237656167,1.1739130434782608
central,low,improved_pue,single,transition,Q14,229160.27904328838,13411.021427018093,242571.30047030648,57292.929607936894,9839.437910928293,1.1717391304347826
central,low,improved_pue,single,transition,Q15,256604.61863320804,15707.06797761162,272311.68661081966,67267.15349857343,11406.169506279837,1.1695652173913043
central,low,improved_pue,single,transition,Q16,286104.0274869955,17981.884786788065,304085.9122737836,78423.23496640848,13127.36759220316,1.1673913043478261
central,low,improved_pue,single,transition,Q17,365672.77465859,20171.783671979574,385844.55833056953,103938.80779382955,17172.498678980526,1.1652173913043478
central,low,improved_pue,single,transition,Q18,454207.47990899155,22310.551161133753,476518.0310701253,133247.78854778223,21725.182915399284,1.1630434782608696
central,low,improved_pue,single,transition,Q19,504785.2778497712,27992.57715976871,532777.8550095399,154781.1644252731,24899.57862493523,1.1608695652173913
central,low,improved_pue,single,transition,Q20,564287.0507457736,29805.146863429043,594092.1976092026,179032.83784716,28411.732962701455,1.158695652173913
central,low,improved_pue,single,transition,Q21,625690.6899519813,31620.520592424757,657311.2105444061,205221.15526602897,32121.572128595835,1.1565217391304348
central,low,improved_pue,single,transition,Q22,695016.3289228294,37021.55568511684,732037.8846079462,236541.24383497154,36509.62676583254,1.1543478260869564
central,low,improved_pue,single,transition,Q23,770789.260701814,46379.164224442386,817168.4249262563,272908.59843096015,41529.56932645046,1.1521739130434783
central,low,improved_pue,single,transition,Q24,857719.369435968,55711.1821679177,913430.5516038857,315014.96139971056,47252.24420995656,1.15
central,low,improved_pue,two,steady,Q01,24373.44,2302.56,26676.0,2667.6,266.7600000000002,1.1
central,low,improved_pue,two,steady,Q02,52576.468113403345,4639.305715200001,57215.77382860335,6052.058329480357,598.6275086768624,1.098913043478261
central,low,improved_pue,two,steady,Q03,60140.68872535825,4673.4914304,64814.18015575825,7558.286047653235,739.3975481399904,1.0978260869565217
central,low,improved_pue,two,steady,Q04,67253.58270003487,4640.416864868572,71893.99956490344,9159.547134036835,886.0866249231291,1.0967391304347827
central,low,improved_pue,two,steady,Q05,73093.57201687313,4470.891855634286,77564.46387250742,10719.557872316002,1025.3490138737056,1.0956521739130436
central,low,improved_pue,two,steady,Q06,77429.42312509181,4161.978336137144,81591.40146122895,12157.472628178093,1149.6740420124956,1.0945652173913045
central,low,improved_pue,two,steady,Q07,84166.08870496666,6492.312447161459,90658.40115212812,14525.237860347861,1357.7939739020828,1.0934782608695652
central,low,improved_pue,two,steady,Q08,93206.72401522961,8716.934171317454,101923.65818654707,17412.434374587916,1608.7575237391022,1.0923913043478262
central,low,improved_pue,two,steady,Q09,122130.8513531452,8011.810427786275,130142.66178093148,23755.344128780715,2168.9662030625905,1.091304347826087
central,low,improved_pue,two,steady,Q10,154832.26692254824,7214.76330890804,162047.03023145627,31214.22415323341,2816.065874693883,1.0902173913043478
central,low,improved_pue,two,steady,Q11,170567.23443111576,9502.469938007418,180069.70436912318,36656.94370570909,3267.249330291464,1.0891304347826087
central,low,improved_pue,two,steady,Q12,190860.24403629795,11798.824877117697,202659.06891341566,43457.47143756091,3826.1469417852586,1.0880434782608697
central,low,improved_pue,two,steady,Q13,210195.30754665614,10941.52811474229,221136.83566139842,49788.670616523,4329.4496188280955,1.0869565217391306
central,low,improved_pue,two,steady,Q14,229160.27904328838,13411.021427018093,242571.30047030648,57292.929607936894,4919.718955464146,1.0858695652173913
central,low,improved_pue,two,steady,Q15,256604.61863320804,15707.06797761162,272311.68661081966,67267.15349857343,5703.084753139926,1.0847826086956522
central,low,improved_pue,two,steady,Q16,286104.0274869955,17981.884786788065,304085.9122737836,78423.23496640848,6563.683796101589,1.0836956521739132
central,low,improved_pue,two,steady,Q17,365672.77465859,20171.783671979574,385844.55833056953,103938.80779382955,8586.249339490287,1.082608695652174
central,low,improved_pue,two,steady,Q18,454207.47990899155,22310.551161133753,476518.0310701253,133247.78854778223,10862.591457699642,1.0815217391304348
central,low,improved_pue,two,steady,Q19,504785.2778497712,27992.57715976871,532777.8550095399,154781.1644252731,12449.789312467634,1.0804347826086957
central,low,improved_pue,two,steady,Q20,564287.0507457736,29805.146863429043,594092.1976092026,179032.83784716,14205.866481350766,1.0793478260869567
central,low,improved_pue,two,steady,Q21,625690.6899519813,31620.520592424757,657311.2105444061,205221.15526602897,16060.786064297918,1.0782608695652174
central,low,improved_pue,two,steady,Q22,695016.3289228294,37021.55568511684,732037.8846079462,236541.24383497154,18254.813382916294,1.0771739130434783
central,low,improved_pue,two,steady,Q23,770789.260701814,46379.164224442386,817168.4249262563,272908.59843096015,20764.78466322526,1.0760869565217392
central,low,improved_pue,two,steady,Q24,857719.369435968,55711.1821679177,913430.5516038857,315014.96139971056,23626.12210497835,1.0750000000000002
central,low,improved_pue,two,transition,Q01,24373.44,2302.56,26676.0,2667.6,266.7600000000002,1.1
central,low,improved_pue,two,transition,Q02,52576.468113403345,4639.305715200001,57215.77382860335,6052.058329480357,598.6275086768624,1.098913043478261
central,low,improved_pue,two,transition,Q03,60140.68872535825,4673.4914304,64814.18015575825,7558.286047653235,739.3975481399904,1.0978260869565217
central,low,improved_pue,two,transition,Q04,67253.58270003487,4640.416864868572,71893.99956490344,9159.547134036835,886.0866249231291,1.0967391304347827
central,low,improved_pue,two,transition,Q05,73093.57201687313,4470.891855634286,77564.46387250742,10719.557872316002,1025.3490138737056,1.0956521739130436
central,low,improved_pue,two,transition,Q06,77429.42312509181,4161.978336137144,81591.40146122895,12157.472628178093,1149.6740420124956,1.0945652173913045
central,low,improved_pue,two,transition,Q07,84166.08870496666,6492.312447161459,90658.40115212812,14525.237860347861,1357.7939739020828,1.0934782608695652
central,low,improved_pue,two,transition,Q08,93206.72401522961,8716.934171317454,101923.65818654707,17412.434374587916,1608.7575237391022,1.0923913043478262
central,low,improved_pue,two,transition,Q09,122130.8513531452,8011.810427786275,130142.66178093148,23755.344128780715,2168.9662030625905,1.091304347826087
central,low,improved_pue,two,transition,Q10,154832.26692254824,7214.76330890804,162047.03023145627,31214.22415323341,2816.065874693883,1.0902173913043478
central,low,improved_pue,two,transition,Q11,170567.23443111576,9502.469938007418,180069.70436912318,36656.94370570909,3267.249330291464,1.0891304347826087
central,low,improved_pue,two,transition,Q12,190860.24403629795,11798.824877117697,202659.06891341566,43457.47143756091,3826.1469417852586,1.0880434782608697
central,low,improved_pue,two,transition,Q13,210195.30754665614,10941.52811474229,221136.83566139842,49788.670616523,4329.4496188280955,1.0869565217391306
central,low,improved_pue,two,transition,Q14,229160.27904328838,13411.021427018093,242571.30047030648,57292.929607936894,4919.718955464146,1.0858695652173913
central,low,improved_pue,two,transition,Q15,256604.61863320804,15707.06797761162,272311.68661081966,67267.15349857343,5703.084753139926,1.0847826086956522
central,low,improved_pue,two,transition,Q16,286104.0274869955,17981.884786788065,304085.9122737836,78423.23496640848,6563.683796101589,1.0836956521739132
central,low,improved_pue,two,transition,Q17,365672.77465859,20171.783671979574,385844.55833056953,103938.80779382955,8586.249339490287,1.082608695652174
central,low,improved_pue,two,transition,Q18,454207.47990899155,22310.551161133753,476518.0310701253,133247.78854778223,10862.591457699642,1.0815217391304348
central,low,improved_pue,two,transition,Q19,504785.2778497712,27992.57715976871,532777.8550095399,154781.1644252731,12449.789312467634,1.0804347826086957
central,low,improved_pue,two,transition,Q20,564287.0507457736,29805.146863429043,594092.1976092026,179032.83784716,14205.866481350766,1.0793478260869567
central,low,improved_pue,two,transition,Q21,625690.6899519813,31620.520592424757,657311.2105444061,205221.15526602897,16060.786064297918,1.0782608695652174
central,low,improved_pue,two,transition,Q22,695016.3289228294,37021.55568511684,732037.8846079462,236541.24383497154,18254.813382916294,1.0771739130434783
central,low,improved_pue,two,transition,Q23,770789.260701814,46379.164224442386,817168.4249262563,272908.59843096015,20764.78466322526,1.0760869565217392
central,low,improved_pue,two,transition,Q24,857719.369435968,55711.1821679177,913430.5516038857,315014.96139971056,23626.12210497835,1.0750000000000002
central,low,advanced_coolant,single,steady,Q01,24373.44,2302.56,26676.0,2667.6,533.5199999999999,1.2
central,low,advanced_coolant,single,steady,Q02,52576.468113403345,4639.305715200001,57215.77382860335,6052.058329480357,1210.411665896071,1.2
central,low,advanced_coolant,single,steady,Q03,60140.68872535825,4673.4914304,64814.18015575825,7558.286047653235,1511.6572095306467,1.2
central,low,advanced_coolant,single,steady,Q04,67253.58270003487,4640.416864868572,71893.99956490344,9159.547134036835,1831.9094268073666,1.2
central,low,advanced_coolant,single,steady,Q05,73093.57201687313,4470.891855634286,77564.46387250742,10719.557872316002,2143.9115744632,1.2
central,low,advanced_coolant,single,steady,Q06,77429.42312509181,4161.978336137144,81591.40146122895,12157.472628178093,2431.494525635618,1.2
central,low,advanced_coolant,single,steady,Q07,84166.08870496666,6492.312447161459,90658.40115212812,14525.237860347861,2905.0475720695717,1.2
central,low,advanced_coolant,single,steady,Q08,93206.72401522961,8716.934171317454,101923.65818654707,17412.434374587916,3482.4868749175826,1.2
central,low,advanced_coolant,single,steady,Q09,122130.8513531452,8011.810427786275,130142.66178093148,23755.344128780715,4751.068825756141,1.2
central,low,advanced_coolant,single,steady,Q10,154832.26692254824,7214.76330890804,162047.03023145627,31214.22415323341,6242.84483064668,1.2
central,low,advanced_coolant,single,steady,Q11,170567.23443111576,9502.469938007418,180069.70436912318,36656.94370570909,7331.388741141816,1.2
central,low,advanced_coolant,single,steady,Q12,190860.24403629795,11798.824877117697,202659.06891341566,43457.47143756091,8691.49428751218,1.2
central,low,advanced_coolant,single,steady,Q13,210195.30754665614,10941.52811474229,221136.83566139842,49788.670616523,9957.734123304597,1.2
central,low,advanced_coolant,single,steady,Q14,229160.27904328838,13411.021427018093,242571.30047030648,57292.929607936894,11458.585921587377,1.2
central,low,advanced_coolant,single,steady,Q15,256604.61863320804,15707.06797761162,272311.68661081966,67267.15349857343,13453.430699714683,1.2
central,low,advanced_coolant,single,steady,Q16,286104.0274869955,17981.884786788065,304085.9122737836,78423.23496640848,15684.64699328169,1.2
central,low,advanced_coolant,single,steady,Q17,365672.77465859,20171.783671979574,385844.55833056953,103938.80779382955,20787.761558765906,1.2
central,low,advanced_coolant,single,steady,Q18,454207.47990899155,22310.551161133753,476518.0310701253,133247.78854778223,26649.55770955644,1.2
central,low,advanced_coolant,single,steady,Q19,504785.2778497712,27992.57715976871,532777.8550095399,154781.1644252731,30956.232885054615,1.2
central,low,advanced_coolant,single,steady,Q20,564287.0507457736,29805.146863429043,594092.1976092026,179032.83784716,35806.567569431994,1.2
central,low,advanced_coolant,single,steady,Q21,625690.6899519813,31620.520592424757,657311.2105444061,205221.15526602897,41044.23105320579,1.2
central,low,advanced_coolant,single,steady,Q22,695016.3289228294,37021.55568511684,732037.8846079462,236541.24383497154,47308.2487669943,1.2
central,low,advanced_coolant,single,steady,Q23,770789.260701814,46379.164224442386,817168.4249262563,272908.59843096015,54581.71968619202,1.2
central,low,advanced_coolant,single,steady,Q24,857719.369435968,55711.1821679177,913430.5516038857,315014.96139971056,63002.9922799421,1.2
central,low,advanced_coolant,single,transition,Q01,24373.44,2302.56,26676.0,2667.6,533.5199999999999,1.2
central,low,advanced_coolant,single,transition,Q02,52576.468113403345,4639.305715200001,57215.77382860335,6052.058329480357,1210.411665896071,1.2
central,low,advanced_coolant,single,transition,Q03,60140.68872535825,4673.4914304,64814.18015575825,7558.286047653235,1511.6572095306467,1.2
central,low,advanced_coolant,single,transition,Q04,67253.58270003487,4640.416864868572,71893.99956490344,9159.547134036835,1831.9094268073666,1.2
central,low,advanced_coolant,single,transition,Q05,73093.57201687313,4470.891855634286,77564.46387250742,10719.557872316002,2143.9115744632,1.2
central,low,advanced_coolant,single,transition,Q06,77429.42312509181,4161.978336137144,81591.40146122895,12157.472628178093,2431.494525635618,1.2
central,low,advanced_coolant,single,transition,Q07,84166.08870496666,6492.312447161459,90658.40115212812,14525.237860347861,2905.0475720695717,1.2
central,low,advanced_coolant,single,transition,Q08,93206.72401522961,8716.934171317454,101923.65818654707,17412.434374587916,3482.4868749175826,1.2
central,low,advanced_coolant,single,transition,Q09,122130.8513531452,8011.810427786275,130142.66178093148,23755.344128780715,4751.068825756141,1.2
central,low,advanced_coolant,single,transition,Q10,154832.26692254824,7214.76330890804,162047.03023145627,31214.22415323341,6242.84483064668,1.2
central,low,advanced_coolant,single,transition,Q11,170567.23443111576,9502.469938007418,180069.70436912318,36656.94370570909,7331.388741141816,1.2
central,low,advanced_coolant,single,transition,Q12,190860.24403629795,11798.824877117697,202659.06891341566,43457.47143756091,8691.49428751218,1.2
central,low,advanced_coolant,single,transition,Q13,210195.30754665614,10941.52811474229,221136.83566139842,49788.670616523,9957.734123304597,1.2
central,low,advanced_coolant,single,transition,Q14,229160.27904328838,13411.021427018093,242571.30047030648,57292.929607936894,11458.585921587377,1.2
central,low,advanced_coolant,single,transition,Q15,256604.61863320804,15707.06797761162,272311.68661081966,67267.15349857343,13453.430699714683,1.2
central,low,advanced_coolant,single,transition,Q16,286104.0274869955,17981.884786788065,304085.9122737836,78423.23496640848,15684.64699328169,1.2
central,low,advanced_coolant,single,transition,Q17,365672.77465859,20171.783671979574,385844.55833056953,103938.80779382955,20787.761558765906,1.2
central,low,advanced_coolant,single,transition,Q18,454207.47990899155,22310.551161133753,476518.0310701253,133247.78854778223,26649.55770955644,1.2
central,low,advanced_coolant,single,transition,Q19,504785.2778497712,27992.57715976871,532777.8550095399,154781.1644252731,30956.232885054615,1.2
central,low,advanced_coolant,single,transition,Q20,564287.0507457736,29805.146863429043,594092.1976092026,179032.83784716,35806.567569431994,1.2
central,low,advanced_coolant,single,transition,Q21,625690.6899519813,31620.520592424757,657311.2105444061,205221.15526602897,41044.23105320579,1.2
central,low,advanced_coolant,single,transition,Q22,695016.3289228294,37021.55568511684,732037.8846079462,236541.24383497154,47308.2487669943,1.2
central,low,advanced_coolant,single,transition,Q23,770789.260701814,46379.164224442386,817168.4249262563,272908.59843096015,54581.71968619202,1.2
central,low,advanced_coolant,single,transition,Q24,857719.369435968,55711.1821679177,913430.5516038857,315014.96139971056,63002.9922799421,1.2
central,low,advanced_coolant,two,steady,Q01,24373.44,2302.56,26676.0,2667.6,266.7600000000002,1.1
central,low,advanced_coolant,two,steady,Q02,52576.468113403345,4639.305715200001,57215.77382860335,6052.058329480357,605.2058329480362,1.1
central,low,advanced_coolant,two,steady,Q03,60140.68872535825,4673.4914304,64814.18015575825,7558.286047653235,755.8286047653241,1.1
central,low,advanced_coolant,two,steady,Q04,67253.58270003487,4640.416864868572,71893.99956490344,9159.547134036835,915.9547134036843,1.1
central,low,advanced_coolant,two,steady,Q05,73093.57201687313,4470.891855634286,77564.46387250742,10719.557872316002,1071.955787231601,1.1
central,low,advanced_coolant,two,steady,Q06,77429.42312509181,4161.978336137144,81591.40146122895,12157.472628178093,1215.7472628178105,1.1
central,low,advanced_coolant,two,steady,Q07,84166.08870496666,6492.312447161459,90658.40115212812,14525.237860347861,1452.5237860347875,1.1
central,low,advanced_coolant,two,steady,Q08,93206.72401522961,8716.934171317454,101923.65818654707,17412.434374587916,1741.243437458793,1.1
central,low,advanced_coolant,two,steady,Q09,122130.8513531452,8011.810427786275,130142.66178093148,23755.344128780715,2375.5344128780735,1.1
central,low,advanced_coolant,two,steady,Q10,154832.26692254824,7214.76330890804,162047.03023145627,31214.22415323341,3121.4224153233436,1.1
central,low,advanced_coolant,two,steady,Q11,170567.23443111576,9502.469938007418,180069.70436912318,36656.94370570909,3665.6943705709123,1.1
central,low,advanced_coolant,two,steady,Q12,190860.24403629795,11798.824877117697,202659.06891341566,43457.47143756091,4345.747143756095,1.1
central,low,advanced_coolant,two,steady,Q13,210195.30754665614,10941.52811474229,221136.83566139842,49788.670616523,4978.867061652304,1.1
central,low,advanced_coolant,two,steady,Q14,229160.27904328838,13411.021427018093,242571.30047030648,57292.929607936894,5729.292960793695,1.1
central,low,advanced_coolant,two,steady,Q15,256604.61863320804,15707.06797761162,272311.68661081966,67267.15349857343,6726.715349857349,1.1
central,low,advanced_coolant,two,steady,Q16,286104.0274869955,17981.884786788065,304085.9122737836,78423.23496640848,7842.3234966408545,1.1
central,low,advanced_coolant,two,steady,Q17,365672.77465859,20171.783671979574,385844.55833056953,103938.80779382955,10393.880779382964,1.1
central,low,advanced_coolant,two,steady,Q18,454207.47990899155,22310.551161133753,476518.0310701253,133247.78854778223,13324.778854778235,1.1
central,low,advanced_coolant,two,steady,Q19,504785.2778497712,27992.57715976871,532777.8550095399,154781.1644252731,15478.116442527324,1.1
central,low,advanced_coolant,two,steady,Q20,564287.0507457736,29805.146863429043,594092.1976092026,179032.83784716,17903.283784716015,1.1
central,low,advanced_coolant,two,steady,Q21,625690.6899519813,31620.520592424757,657311.2105444061,205221.15526602897,20522.115526602916,1.1
central,low,advanced_coolant,two,steady,Q22,695016.3289228294,37021.55568511684,732037.8846079462,236541.24383497154,23654.124383497176,1.1
central,low,advanced_coolant,two,steady,Q23,770789.260701814,46379.164224442386,817168.4249262563,272908.59843096015,27290.859843096037,1.1
central,low,advanced_coolant,two,steady,Q24,857719.369435968,55711.1821679177,913430.5516038857,315014.96139971056,31501.496139971085,1.1
central,low,advanced_coolant,two,transition,Q01,24373.44,2302.56,26676.0,2667.6,266.7600000000002,1.1
central,low,advanced_coolant,two,transition,Q02,52576.468113403345,4639.305715200001,57215.77382860335,6052.058329480357,605.2058329480362,1.1
central,low,advanced_coolant,two,transition,Q03,60140.68872535825,4673.4914304,64814.18015575825,7558.286047653235,755.8286047653241,1.1
central,low,advanced_coolant,two,transition,Q04,67253.58270003487,4640.416864868572,71893.99956490344,9159.547134036835,915.9547134036843,1.1
central,low,advanced_coolant,two,transition,Q05,73093.57201687313,4470.891855634286,77564.46387250742,10719.557872316002,1071.955787231601,1.1
central,low,advanced_coolant,two,transition,Q06,77429.42312509181,4161.978336137144,81591.40146122895,12157.472628178093,1215.7472628178105,1.1
central,low,advanced_coolant,two,transition,Q07,84166.08870496666,6492.312447161459,90658.40115212812,14525.237860347861,1452.5237860347875,1.1
central,low,advanced_coolant,two,transition,Q08,93206.72401522961,8716.934171317454,101923.65818654707,17412.434374587916,1741.243437458793,1.1
central,low,advanced_coolant,two,transition,Q09,122130.8513531452,8011.810427786275,130142.66178093148,23755.344128780715,2375.5344128780735,1.1
central,low,advanced_coolant,two,transition,Q10,154832.26692254824,7214.76330890804,162047.03023145627,31214.22415323341,3121.4224153233436,1.1
central,low,advanced_coolant,two,transition,Q11,170567.23443111576,9502.469938007418,180069.70436912318,36656.94370570909,3665.6943705709123,1.1
central,low,advanced_coolant,two,transition,Q12,190860.24403629795,11798.824877117697,202659.06891341566,43457.47143756091,4345.747143756095,1.1
central,low,advanced_coolant,two,transition,Q13,210195.30754665614,10941.52811474229,221136.83566139842,49788.670616523,4978.867061652304,1.1
central,low,advanced_coolant,two,transition,Q14,229160.27904328838,13411.021427018093,242571.30047030648,57292.929607936894,5729.292960793695,1.1
central,low,advanced_coolant,two,transition,Q15,256604.61863320804,15707.06797761162,272311.68661081966,67267.15349857343,6726.715349857349,1.1
central,low,advanced_coolant,two,transition,Q16,286104.0274869955,17981.884786788065,304085.9122737836,78423.23496640848,7842.3234966408545,1.1
central,low,advanced_coolant,two,transition,Q17,365672.77465859,20171.783671979574,385844.55833056953,103938.80779382955,10393.880779382964,1.1
central,low,advanced_coolant,two,transition,Q18,454207.47990899155,22310.551161133753,476518.0310701253,133247.78854778223,13324.778854778235,1.1
central,low,advanced_coolant,two,transition,Q19,504785.2778497712,27992.57715976871,532777.8550095399,154781.1644252731,15478.116442527324,1.1
central,low,advanced_coolant,two,transition,Q20,564287.0507457736,29805.146863429043,594092.1976092026,179032.83784716,17903.283784716015,1.1
central,low,advanced_coolant,two,transition,Q21,625690.6899519813,31620.520592424757,657311.2105444061,205221.15526602897,20522.115526602916,1.1
central,low,advanced_coolant,two,transition,Q22,695016.3289228294,37021.55568511684,732037.8846079462,236541.24383497154,23654.124383497176,1.1
central,low,advanced_coolant,two,transition,Q23,770789.260701814,46379.164224442386,817168.4249262563,272908.59843096015,27290.859843096037,1.1
central,low,advanced_coolant,two,transition,Q24,857719.369435968,55711.1821679177,913430.5516038857,315014.96139971056,31501.496139971085,1.1
central,low,coolant_recovery,single,steady,Q01,24373.44,2302.56,26676.0,2667.6,533.5199999999999,1.2
central,low,coolant_recovery,single,steady,Q02,52576.468113403345,4639.305715200001,57215.77382860335,6052.058329480357,1210.411665896071,1.2
central,low,coolant_recovery,single,steady,Q03,60140.68872535825,4673.4914304,64814.18015575825,7558.286047653235,1511.6572095306467,1.2
central,low,coolant_recovery,single,steady,Q04,67253.58270003487,4640.416864868572,71893.99956490344,9159.547134036835,1831.9094268073666,1.2
central,low,coolant_recovery,single,steady,Q05,73093.57201687313,4470.891855634286,77564.46387250742,10719.557872316002,2143.9115744632,1.2
central,low,coolant_recovery,single,steady,Q06,77429.42312509181,4161.978336137144,81591.40146122895,12157.472628178093,2431.494525635618,1.2
central,low,coolant_recovery,single,steady,Q07,84166.08870496666,6492.312447161459,90658.40115212812,14525.237860347861,2905.0475720695717,1.2
central,low,coolant_recovery,single,steady,Q08,93206.72401522961,8716.934171317454,101923.65818654707,17412.434374587916,3482.4868749175826,1.2
central,low,coolant_recovery,single,steady,Q09,122130.8513531452,8011.810427786275,130142.66178093148,23755.344128780715,4751.068825756141,1.2
central,low,coolant_recovery,single,steady,Q10,154832.26692254824,7214.76330890804,162047.03023145627,31214.22415323341,6242.84483064668,1.2
central,low,coolant_recovery,single,steady,Q11,170567.23443111576,9502.469938007418,180069.70436912318,36656.94370570909,7331.388741141816,1.2
central,low,coolant_recovery,single,steady,Q12,190860.24403629795,11798.824877117697,202659.06891341566,43457.47143756091,8691.49428751218,1.2
central,low,coolant_recovery,single,steady,Q13,210195.30754665614,10941.52811474229,221136.83566139842,49788.670616523,9957.734123304597,1.2
central,low,coolant_recovery,single,steady,Q14,229160.27904328838,13411.021427018093,242571.30047030648,57292.929607936894,11458.585921587377,1.2
central,low,coolant_recovery,single,steady,Q15,256604.61863320804,15707.06797761162,272311.68661081966,67267.15349857343,13453.430699714683,1.2
central,low,coolant_recovery,single,steady,Q16,286104.0274869955,17981.884786788065,304085.9122737836,78423.23496640848,15684.64699328169,1.2
central,low,coolant_recovery,single,steady,Q17,365672.77465859,20171.783671979574,385844.55833056953,103938.80779382955,20787.761558765906,1.2
central,low,coolant_recovery,single,steady,Q18,454207.47990899155,22310.551161133753,476518.0310701253,133247.78854778223,26649.55770955644,1.2
central,low,coolant_recovery,single,steady,Q19,504785.2778497712,27992.57715976871,532777.8550095399,154781.1644252731,30956.232885054615,1.2
central,low,coolant_recovery,single,steady,Q20,564287.0507457736,29805.146863429043,594092.1976092026,179032.83784716,35806.567569431994,1.2
central,low,coolant_recovery,single,steady,Q21,625690.6899519813,31620.520592424757,657311.2105444061,205221.15526602897,41044.23105320579,1.2
central,low,coolant_recovery,single,steady,Q22,695016.3289228294,37021.55568511684,732037.8846079462,236541.24383497154,47308.2487669943,1.2
central,low,coolant_recovery,single,steady,Q23,770789.260701814,46379.164224442386,817168.4249262563,272908.59843096015,54581.71968619202,1.2
central,low,coolant_recovery,single,steady,Q24,857719.369435968,55711.1821679177,913430.5516038857,315014.96139971056,63002.9922799421,1.2
central,low,coolant_recovery,single,transition,Q01,24373.44,2302.56,26676.0,2667.6,533.5199999999999,1.2
central,low,coolant_recovery,single,transition,Q02,52576.468113403345,4639.305715200001,57215.77382860335,6052.058329480357,1210.411665896071,1.2
central,low,coolant_recovery,single,transition,Q03,60140.68872535825,4673.4914304,64814.18015575825,7558.286047653235,1511.6572095306467,1.2
central,low,coolant_recovery,single,transition,Q04,67253.58270003487,4640.416864868572,71893.99956490344,9159.547134036835,1831.9094268073666,1.2
central,low,coolant_recovery,single,transition,Q05,73093.57201687313,4470.891855634286,77564.46387250742,10719.557872316002,2143.9115744632,1.2
central,low,coolant_recovery,single,transition,Q06,77429.42312509181,4161.978336137144,81591.40146122895,12157.472628178093,2431.494525635618,1.2
central,low,coolant_recovery,single,transition,Q07,84166.08870496666,6492.312447161459,90658.40115212812,14525.237860347861,2905.0475720695717,1.2
central,low,coolant_recovery,single,transition,Q08,93206.72401522961,8716.934171317454,101923.65818654707,17412.434374587916,3482.4868749175826,1.2
central,low,coolant_recovery,single,transition,Q09,122130.8513531452,8011.810427786275,130142.66178093148,23755.344128780715,4751.068825756141,1.2
central,low,coolant_recovery,single,transition,Q10,154832.26692254824,7214.76330890804,162047.03023145627,31214.22415323341,6242.84483064668,1.2
central,low,coolant_recovery,single,transition,Q11,170567.23443111576,9502.469938007418,180069.70436912318,36656.94370570909,7331.388741141816,1.2
central,low,coolant_recovery,single,transition,Q12,190860.24403629795,11798.824877117697,202659.06891341566,43457.47143756091,8691.49428751218,1.2
central,low,coolant_recovery,single,transition,Q13,210195.30754665614,10941.52811474229,221136.83566139842,49788.670616523,9957.734123304597,1.2
central,low,coolant_recovery,single,transition,Q14,229160.27904328838,13411.021427018093,242571.30047030648,57292.929607936894,11458.585921587377,1.2
central,low,coolant_recovery,single,transition,Q15,256604.61863320804,15707.06797761162,272311.68661081966,67267.15349857343,13453.430699714683,1.2
central,low,coolant_recovery,single,transition,Q16,286104.0274869955,17981.884786788065,304085.9122737836,78423.23496640848,15684.64699328169,1.2
central,low,coolant_recovery,single,transition,Q17,365672.77465859,20171.783671979574,385844.55833056953,103938.80779382955,20787.761558765906,1.2
central,low,coolant_recovery,single,transition,Q18,454207.47990899155,22310.551161133753,476518.0310701253,133247.78854778223,26649.55770955644,1.2
central,low,coolant_recovery,single,transition,Q19,504785.2778497712,27992.57715976871,532777.8550095399,154781.1644252731,30956.232885054615,1.2
central,low,coolant_recovery,single,transition,Q20,564287.0507457736,29805.146863429043,594092.1976092026,179032.83784716,35806.567569431994,1.2
central,low,coolant_recovery,single,transition,Q21,625690.6899519813,31620.520592424757,657311.2105444061,205221.15526602897,41044.23105320579,1.2
central,low,coolant_recovery,single,transition,Q22,695016.3289228294,37021.55568511684,732037.8846079462,236541.24383497154,47308.2487669943,1.2
central,low,coolant_recovery,single,transition,Q23,770789.260701814,46379.164224442386,817168.4249262563,272908.59843096015,54581.71968619202,1.2
central,low,coolant_recovery,single,transition,Q24,857719.369435968,55711.1821679177,913430.5516038857,315014.96139971056,63002.9922799421,1.2
central,low,coolant_recovery,two,steady,Q01,24373.44,2302.56,26676.0,2667.6,266.7600000000002,1.1
central,low,coolant_recovery,two,steady,Q02,52576.468113403345,4639.305715200001,57215.77382860335,6052.058329480357,605.2058329480362,1.1
central,low,coolant_recovery,two,steady,Q03,60140.68872535825,4673.4914304,64814.18015575825,7558.286047653235,755.8286047653241,1.1
central,low,coolant_recovery,two,steady,Q04,67253.58270003487,4640.416864868572,71893.99956490344,9159.547134036835,915.9547134036843,1.1
central,low,coolant_recovery,two,steady,Q05,73093.57201687313,4470.891855634286,77564.46387250742,10719.557872316002,1071.955787231601,1.1
central,low,coolant_recovery,two,steady,Q06,77429.42312509181,4161.978336137144,81591.40146122895,12157.472628178093,1215.7472628178105,1.1
central,low,coolant_recovery,two,steady,Q07,84166.08870496666,6492.312447161459,90658.40115212812,14525.237860347861,1452.5237860347875,1.1
central,low,coolant_recovery,two,steady,Q08,93206.72401522961,8716.934171317454,101923.65818654707,17412.434374587916,1741.243437458793,1.1
central,low,coolant_recovery,two,steady,Q09,122130.8513531452,8011.810427786275,130142.66178093148,23755.344128780715,2375.5344128780735,1.1
central,low,coolant_recovery,two,steady,Q10,154832.26692254824,7214.76330890804,162047.03023145627,31214.22415323341,3121.4224153233436,1.1
central,low,coolant_recovery,two,steady,Q11,170567.23443111576,9502.469938007418,180069.70436912318,36656.94370570909,3665.6943705709123,1.1
central,low,coolant_recovery,two,steady,Q12,190860.24403629795,11798.824877117697,202659.06891341566,43457.47143756091,4345.747143756095,1.1
central,low,coolant_recovery,two,steady,Q13,210195.30754665614,10941.52811474229,221136.83566139842,49788.670616523,4978.867061652304,1.1
central,low,coolant_recovery,two,steady,Q14,229160.27904328838,13411.021427018093,242571.30047030648,57292.929607936894,5729.292960793695,1.1
central,low,coolant_recovery,two,steady,Q15,256604.61863320804,15707.06797761162,272311.68661081966,67267.15349857343,6726.715349857349,1.1
central,low,coolant_recovery,two,steady,Q16,286104.0274869955,17981.884786788065,304085.9122737836,78423.23496640848,7842.3234966408545,1.1
central,low,coolant_recovery,two,steady,Q17,365672.77465859,20171.783671979574,385844.55833056953,103938.80779382955,10393.880779382964,1.1
central,low,coolant_recovery,two,steady,Q18,454207.47990899155,22310.551161133753,476518.0310701253,133247.78854778223,13324.778854778235,1.1
central,low,coolant_recovery,two,steady,Q19,504785.2778497712,27992.57715976871,532777.8550095399,154781.1644252731,15478.116442527324,1.1
central,low,coolant_recovery,two,steady,Q20,564287.0507457736,29805.146863429043,594092.1976092026,179032.83784716,17903.283784716015,1.1
central,low,coolant_recovery,two,steady,Q21,625690.6899519813,31620.520592424757,657311.2105444061,205221.15526602897,20522.115526602916,1.1
central,low,coolant_recovery,two,steady,Q22,695016.3289228294,37021.55568511684,732037.8846079462,236541.24383497154,23654.124383497176,1.1
central,low,coolant_recovery,two,steady,Q23,770789.260701814,46379.164224442386,817168.4249262563,272908.59843096015,27290.859843096037,1.1
central,low,coolant_recovery,two,steady,Q24,857719.369435968,55711.1821679177,913430.5516038857,315014.96139971056,31501.496139971085,1.1
central,low,coolant_recovery,two,transition,Q01,24373.44,2302.56,26676.0,2667.6,266.7600000000002,1.1
central,low,coolant_recovery,two,transition,Q02,52576.468113403345,4639.305715200001,57215.77382860335,6052.058329480357,605.2058329480362,1.1
central,low,coolant_recovery,two,transition,Q03,60140.68872535825,4673.4914304,64814.18015575825,7558.286047653235,755.8286047653241,1.1
central,low,coolant_recovery,two,transition,Q04,67253.58270003487,4640.416864868572,71893.99956490344,9159.547134036835,915.9547134036843,1.1
central,low,coolant_recovery,two,transition,Q05,73093.57201687313,4470.891855634286,77564.46387250742,10719.557872316002,1071.955787231601,1.1
central,low,coolant_recovery,two,transition,Q06,77429.42312509181,4161.978336137144,81591.40146122895,12157.472628178093,1215.7472628178105,1.1
central,low,coolant_recovery,two,transition,Q07,84166.08870496666,6492.312447161459,90658.40115212812,14525.237860347861,1452.5237860347875,1.1
central,low,coolant_recovery,two,transition,Q08,93206.72401522961,8716.934171317454,101923.65818654707,17412.434374587916,1741.243437458793,1.1
central,low,coolant_recovery,two,transition,Q09,122130.8513531452,8011.810427786275,130142.66178093148,23755.344128780715,2375.5344128780735,1.1
central,low,coolant_recovery,two,transition,Q10,154832.26692254824,7214.76330890804,162047.03023145627,31214.22415323341,3121.4224153233436,1.1
central,low,coolant_recovery,two,transition,Q11,170567.23443111576,9502.469938007418,180069.70436912318,36656.94370570909,3665.6943705709123,1.1
central,low,coolant_recovery,two,transition,Q12,190860.24403629795,11798.824877117697,202659.06891341566,43457.47143756091,4345.747143756095,1.1
central,low,coolant_recovery,two,transition,Q13,210195.30754665614,10941.52811474229,221136.83566139842,49788.670616523,4978.867061652304,1.1
central,low,coolant_recovery,two,transition,Q14,229160.27904328838,13411.021427018093,242571.30047030648,57292.929607936894,5729.292960793695,1.1
central,low,coolant_recovery,two,transition,Q15,256604.61863320804,15707.06797761162,272311.68661081966,67267.15349857343,6726.715349857349,1.1
central,low,coolant_recovery,two,transition,Q16,286104.0274869955,17981.884786788065,304085.9122737836,78423.23496640848,7842.3234966408545,1.1
central,low,coolant_recovery,two,transition,Q17,365672.77465859,20171.783671979574,385844.55833056953,103938.80779382955,10393.880779382964,1.1
central,low,coolant_recovery,two,transition,Q18,454207.47990899155,22310.551161133753,476518.0310701253,133247.78854778223,13324.778854778235,1.1
central,low,coolant_recovery,two,transition,Q19,504785.2778497712,27992.57715976871,532777.8550095399,154781.1644252731,15478.116442527324,1.1
central,low,coolant_recovery,two,transition,Q20,564287.0507457736,29805.146863429043,594092.1976092026,179032.83784716,17903.283784716015,1.1
central,low,coolant_recovery,two,transition,Q21,625690.6899519813,31620.520592424757,657311.2105444061,205221.15526602897,20522.115526602916,1.1
central,low,coolant_recovery,two,transition,Q22,695016.3289228294,37021.55568511684,732037.8846079462,236541.24383497154,23654.124383497176,1.1
central,low,coolant_recovery,two,transition,Q23,770789.260701814,46379.164224442386,817168.4249262563,272908.59843096015,27290.859843096037,1.1
central,low,coolant_recovery,two,transition,Q24,857719.369435968,55711.1821679177,913430.5516038857,315014.96139971056,31501.496139971085,1.1
central,low,combined_strategy,single,steady,Q01,24373.44,2302.56,26676.0,2667.6,533.5199999999999,1.2
central,low,combined_strategy,single,steady,Q02,52576.468113403345,4639.305715200001,57215.77382860335,6052.058329480357,1197.255017353722,1.1978260869565216
central,low,combined_strategy,single,steady,Q03,60140.68872535825,4673.4914304,64814.18015575825,7558.286047653235,1478.7950962799807,1.1956521739130435
central,low,combined_strategy,single,steady,Q04,67253.58270003487,4640.416864868572,71893.99956490344,9159.547134036835,1772.173249846256,1.193478260869565
central,low,combined_strategy,single,steady,Q05,73093.57201687313,4470.891855634286,77564.46387250742,10719.557872316002,2050.698027747409,1.191304347826087
central,low,combined_strategy,single,steady,Q06,77429.42312509181,4161.978336137144,81591.40146122895,12157.472628178093,2299.348084024986,1.1891304347826086
central,low,combined_strategy,single,steady,Q07,84166.08870496666,6492.312447161459,90658.40115212812,14525.237860347861,2715.5879478041657,1.1869565217391305
central,low,combined_strategy,single,steady,Q08,93206.72401522961,8716.934171317454,101923.65818654707,17412.434374587916,3217.515047478201,1.184782608695652
central,low,combined_strategy,single,steady,Q09,122130.8513531452,8011.810427786275,130142.66178093148,23755.344128780715,4337.9324061251755,1.182608695652174
central,low,combined_strategy,single,steady,Q10,154832.26692254824,7214.76330890804,162047.03023145627,31214.22415323341,5632.131749387766,1.1804347826086956
central,low,combined_strategy,single,steady,Q11,170567.23443111576,9502.469938007418,180069.70436912318,36656.94370570909,6534.49866058292,1.1782608695652173
central,low,combined_strategy,single,steady,Q12,190860.24403629795,11798.824877117697,202659.06891341566,43457.47143756091,7652.293883570507,1.1760869565217391
central,low,combined_strategy,single,steady,Q13,210195.30754665614,10941.52811474229,221136.83566139842,49788.670616523,8658.899237656167,1.1739130434782608
central,low,combined_strategy,single,steady,Q14,229160.27904328838,13411.021427018093,242571.30047030648,57292.929607936894,9839.437910928293,1.1717391304347826
central,low,combined_strategy,single,steady,Q15,256604.61863320804,15707.06797761162,272311.68661081966,67267.15349857343,11406.169506279837,1.1695652173913043
central,low,combined_strategy,single,steady,Q16,286104.0274869955,17981.884786788065,304085.9122737836,78423.23496640848,13127.36759220316,1.1673913043478261
central,low,combined_strategy,single,steady,Q17,365672.77465859,20171.783671979574,385844.55833056953,103938.80779382955,17172.498678980526,1.1652173913043478
central,low,combined_strategy,single,steady,Q18,454207.47990899155,22310.551161133753,476518.0310701253,133247.78854778223,21725.182915399284,1.1630434782608696
central,low,combined_strategy,single,steady,Q19,504785.2778497712,27992.57715976871,532777.8550095399,154781.1644252731,24899.57862493523,1.1608695652173913
central,low,combined_strategy,single,steady,Q20,564287.0507457736,29805.146863429043,594092.1976092026,179032.83784716,28411.732962701455,1.158695652173913
central,low,combined_strategy,single,steady,Q21,625690.6899519813,31620.520592424757,657311.2105444061,205221.15526602897,32121.572128595835,1.1565217391304348
central,low,combined_strategy,single,steady,Q22,695016.3289228294,37021.55568511684,732037.8846079462,236541.24383497154,36509.62676583254,1.1543478260869564
central,low,combined_strategy,single,steady,Q23,770789.260701814,46379.164224442386,817168.4249262563,272908.59843096015,41529.56932645046,1.1521739130434783
central,low,combined_strategy,single,steady,Q24,857719.369435968,55711.1821679177,913430.5516038857,315014.96139971056,47252.24420995656,1.15
central,low,combined_strategy,single,transition,Q01,24373.44,2302.56,26676.0,2667.6,533.5199999999999,1.2
central,low,combined_strategy,single,transition,Q02,52576.468113403345,4639.305715200001,57215.77382860335,6052.058329480357,1197.255017353722,1.1978260869565216
central,low,combined_strategy,single,transition,Q03,60140.68872535825,4673.4914304,64814.18015575825,7558.286047653235,1478.7950962799807,1.1956521739130435
central,low,combined_strategy,single,transition,Q04,67253.58270003487,4640.416864868572,71893.99956490344,9159.547134036835,1772.173249846256,1.193478260869565
central,low,combined_strategy,single,transition,Q05,73093.57201687313,4470.891855634286,77564.46387250742,10719.557872316002,2050.698027747409,1.191304347826087
central,low,combined_strategy,single,transition,Q06,77429.42312509181,4161.978336137144,81591.40146122895,12157.472628178093,2299.348084024986,1.1891304347826086
central,low,combined_strategy,single,transition,Q07,84166.08870496666,6492.312447161459,90658.40115212812,14525.237860347861,2715.5879478041657,1.1869565217391305
central,low,combined_strategy,single,transition,Q08,93206.72401522961,8716.934171317454,101923.65818654707,17412.434374587916,3217.515047478201,1.184782608695652
central,low,combined_strategy,single,transition,Q09,122130.8513531452,8011.810427786275,130142.66178093148,23755.344128780715,4337.9324061251755,1.182608695652174
central,low,combined_strategy,single,transition,Q10,154832.26692254824,7214.76330890804,162047.03023145627,31214.22415323341,5632.131749387766,1.1804347826086956
central,low,combined_strategy,single,transition,Q11,170567.23443111576,9502.469938007418,180069.70436912318,36656.94370570909,6534.49866058292,1.1782608695652173
central,low,combined_strategy,single,transition,Q12,190860.24403629795,11798.824877117697,202659.06891341566,43457.47143756091,7652.293883570507,1.1760869565217391
central,low,combined_strategy,single,transition,Q13,210195.30754665614,10941.52811474229,221136.83566139842,49788.670616523,8658.899237656167,1.1739130434782608
central,low,combined_strategy,single,transition,Q14,229160.27904328838,13411.021427018093,242571.30047030648,57292.929607936894,9839.437910928293,1.1717391304347826
central,low,combined_strategy,single,transition,Q15,256604.61863320804,15707.06797761162,272311.68661081966,67267.15349857343,11406.169506279837,1.1695652173913043
central,low,combined_strategy,single,transition,Q16,286104.0274869955,17981.884786788065,304085.9122737836,78423.23496640848,13127.36759220316,1.1673913043478261
central,low,combined_strategy,single,transition,Q17,365672.77465859,20171.783671979574,385844.55833056953,103938.80779382955,17172.498678980526,1.1652173913043478
central,low,combined_strategy,single,transition,Q18,454207.47990899155,22310.551161133753,476518.0310701253,133247.78854778223,21725.182915399284,1.1630434782608696
central,low,combined_strategy,single,transition,Q19,504785.2778497712,27992.57715976871,532777.8550095399,154781.1644252731,24899.57862493523,1.1608695652173913
central,low,combined_strategy,single,transition,Q20,564287.0507457736,29805.146863429043,594092.1976092026,179032.83784716,28411.732962701455,1.158695652173913
central,low,combined_strategy,single,transition,Q21,625690.6899519813,31620.520592424757,657311.2105444061,205221.15526602897,32121.572128595835,1.1565217391304348
central,low,combined_strategy,single,transition,Q22,695016.3289228294,37021.55568511684,732037.8846079462,236541.24383497154,36509.62676583254,1.1543478260869564
central,low,combined_strategy,single,transition,Q23,770789.260701814,46379.164224442386,817168.4249262563,272908.59843096015,41529.56932645046,1.1521739130434783
central,low,combined_strategy,single,transition,Q24,857719.369435968,55711.1821679177,913430.5516038857,315014.96139971056,47252.24420995656,1.15
central,low,combined_strategy,two,steady,Q01,24373.44,2302.56,26676.0,2667.6,266.7600000000002,1.1
central,low,combined_strategy,two,steady,Q02,52576.468113403345,4639.305715200001,57215.77382860335,6052.058329480357,598.6275086768624,1.098913043478261
central,low,combined_strategy,two,steady,Q03,60140.68872535825,4673.4914304,64814.18015575825,7558.286047653235,739.3975481399904,1.0978260869565217
central,low,combined_strategy,two,steady,Q04,67253.58270003487,4640.416864868572,71893.99956490344,9159.547134036835,886.0866249231291,1.0967391304347827
central,low,combined_strategy,two,steady,Q05,73093.57201687313,4470.891855634286,77564.46387250742,10719.557872316002,1025.3490138737056,1.0956521739130436
central,low,combined_strategy,two,steady,Q06,77429.42312509181,4161.978336137144,81591.40146122895,12157.472628178093,1149.6740420124956,1.0945652173913045
central,low,combined_strategy,two,steady,Q07,84166.08870496666,6492.312447161459,90658.40115212812,14525.237860347861,1357.7939739020828,1.0934782608695652
central,low,combined_strategy,two,steady,Q08,93206.72401522961,8716.934171317454,101923.65818654707,17412.434374587916,1608.7575237391022,1.0923913043478262
central,low,combined_strategy,two,steady,Q09,122130.8513531452,8011.810427786275,130142.66178093148,23755.344128780715,2168.9662030625905,1.091304347826087
central,low,combined_strategy,two,steady,Q10,154832.26692254824,7214.76330890804,162047.03023145627,31214.22415323341,2816.065874693883,1.0902173913043478
central,low,combined_strategy,two,steady,Q11,170567.23443111576,9502.469938007418,180069.70436912318,36656.94370570909,3267.249330291464,1.0891304347826087
central,low,combined_strategy,two,steady,Q12,190860.24403629795,11798.824877117697,202659.06891341566,43457.47143756091,3826.1469417852586,1.0880434782608697
central,low,combined_strategy,two,steady,Q13,210195.30754665614,10941.52811474229,221136.83566139842,49788.670616523,4329.4496188280955,1.0869565217391306
central,low,combined_strategy,two,steady,Q14,229160.27904328838,13411.021427018093,242571.30047030648,57292.929607936894,4919.718955464146,1.0858695652173913
central,low,combined_strategy,two,steady,Q15,256604.61863320804,15707.06797761162,272311.68661081966,67267.15349857343,5703.084753139926,1.0847826086956522
central,low,combined_strategy,two,steady,Q16,286104.0274869955,17981.884786788065,304085.9122737836,78423.23496640848,6563.683796101589,1.0836956521739132
central,low,combined_strategy,two,steady,Q17,365672.77465859,20171.783671979574,385844.55833056953,103938.80779382955,8586.249339490287,1.082608695652174
central,low,combined_strategy,two,steady,Q18,454207.47990899155,22310.551161133753,476518.0310701253,133247.78854778223,10862.591457699642,1.0815217391304348
central,low,combined_strategy,two,steady,Q19,504785.2778497712,27992.57715976871,532777.8550095399,154781.1644252731,12449.789312467634,1.0804347826086957
central,low,combined_strategy,two,steady,Q20,564287.0507457736,29805.146863429043,594092.1976092026,179032.83784716,14205.866481350766,1.0793478260869567
central,low,combined_strategy,two,steady,Q21,625690.6899519813,31620.520592424757,657311.2105444061,205221.15526602897,16060.786064297918,1.0782608695652174
central,low,combined_strategy,two,steady,Q22,695016.3289228294,37021.55568511684,732037.8846079462,236541.24383497154,18254.813382916294,1.0771739130434783
central,low,combined_strategy,two,steady,Q23,770789.260701814,46379.164224442386,817168.4249262563,272908.59843096015,20764.78466322526,1.0760869565217392
central,low,combined_strategy,two,steady,Q24,857719.369435968,55711.1821679177,913430.5516038857,315014.96139971056,23626.12210497835,1.0750000000000002
central,low,combined_strategy,two,transition,Q01,24373.44,2302.56,26676.0,2667.6,266.7600000000002,1.1
central,low,combined_strategy,two,transition,Q02,52576.468113403345,4639.305715200001,57215.77382860335,6052.058329480357,598.6275086768624,1.098913043478261
central,low,combined_strategy,two,transition,Q03,60140.68872535825,4673.4914304,64814.18015575825,7558.286047653235,739.3975481399904,1.0978260869565217
central,low,combined_strategy,two,transition,Q04,67253.58270003487,4640.416864868572,71893.99956490344,9159.547134036835,886.0866249231291,1.0967391304347827
central,low,combined_strategy,two,transition,Q05,73093.57201687313,4470.891855634286,77564.46387250742,10719.557872316002,1025.3490138737056,1.0956521739130436
central,low,combined_strategy,two,transition,Q06,77429.42312509181,4161.978336137144,81591.40146122895,12157.472628178093,1149.6740420124956,1.0945652173913045
central,low,combined_strategy,two,transition,Q07,84166.08870496666,6492.312447161459,90658.40115212812,14525.237860347861,1357.7939739020828,1.0934782608695652
central,low,combined_strategy,two,transition,Q08,93206.72401522961,8716.934171317454,101923.65818654707,17412.434374587916,1608.7575237391022,1.0923913043478262
central,low,combined_strategy,two,transition,Q09,122130.8513531452,8011.810427786275,130142.66178093148,23755.344128780715,2168.9662030625905,1.091304347826087
central,low,combined_strategy,two,transition,Q10,154832.26692254824,7214.76330890804,162047.03023145627,31214.22415323341,2816.065874693883,1.0902173913043478
central,low,combined_strategy,two,transition,Q11,170567.23443111576,9502.469938007418,180069.70436912318,36656.94370570909,3267.249330291464,1.0891304347826087
central,low,combined_strategy,two,transition,Q12,190860.24403629795,11798.824877117697,202659.06891341566,43457.47143756091,3826.1469417852586,1.0880434782608697
central,low,combined_strategy,two,transition,Q13,210195.30754665614,10941.52811474229,221136.83566139842,49788.670616523,4329.4496188280955,1.0869565217391306
central,low,combined_strategy,two,transition,Q14,229160.27904328838,13411.021427018093,242571.30047030648,57292.929607936894,4919.718955464146,1.0858695652173913
central,low,combined_strategy,two,transition,Q15,256604.61863320804,15707.06797761162,272311.68661081966,67267.15349857343,5703.084753139926,1.0847826086956522
central,low,combined_strategy,two,transition,Q16,286104.0274869955,17981.884786788065,304085.9122737836,78423.23496640848,6563.683796101589,1.0836956521739132
central,low,combined_strategy,two,transition,Q17,365672.77465859,20171.783671979574,385844.55833056953,103938.80779382955,8586.249339490287,1.082608695652174
central,low,combined_strategy,two,transition,Q18,454207.47990899155,22310.551161133753,476518.0310701253,133247.78854778223,10862.591457699642,1.0815217391304348
central,low,combined_strategy,two,transition,Q19,504785.2778497712,27992.57715976871,532777.8550095399,154781.1644252731,12449.789312467634,1.0804347826086957
central,low,combined_strategy,two,transition,Q20,564287.0507457736,29805.146863429043,594092.1976092026,179032.83784716,14205.866481350766,1.0793478260869567
central,low,combined_strategy,two,transition,Q21,625690.6899519813,31620.520592424757,657311.2105444061,205221.15526602897,16060.786064297918,1.0782608695652174
central,low,combined_strategy,two,transition,Q22,695016.3289228294,37021.55568511684,732037.8846079462,236541.24383497154,18254.813382916294,1.0771739130434783
central,low,combined_strategy,two,transition,Q23,770789.260701814,46379.164224442386,817168.4249262563,272908.59843096015,20764.78466322526,1.0760869565217392
central,low,combined_strategy,two,transition,Q24,857719.369435968,55711.1821679177,913430.5516038857,315014.96139971056,23626.12210497835,1.0750000000000002
central,central,baseline,single,steady,Q01,24373.44,2302.56,26676.0,4001.3999999999996,800.2799999999997,1.2
central,central,baseline,single,steady,Q02,52576.468113403345,4639.305715200001,57215.77382860335,9177.201375175577,1835.4402750351148,1.2
central,central,baseline,single,steady,Q03,60140.68872535825,4673.4914304,64814.18015575825,11660.452072416987,2332.0904144833967,1.2
central,central,baseline,single,steady,Q04,67253.58270003487,4640.416864868572,71893.99956490344,14330.350475519286,2866.0700951038566,1.2
central,central,baseline,single,steady,Q05,73093.57201687313,4470.891855634286,77564.46387250742,16968.28667131574,3393.657334263147,1.2
central,central,baseline,single,steady,Q06,77429.42312509181,4161.978336137144,81591.40146122895,19435.71616044313,3887.1432320886256,1.2
central,central,baseline,single,steady,Q07,84166.08870496666,6492.312447161459,90658.40115212812,23425.679029648152,4685.135805929629,1.2
central,central,baseline,single,steady,Q08,93206.72401522961,8716.934171317454,101923.65818654707,28284.712898125115,5656.942579625022,1.2
central,central,baseline,single,steady,Q09,122130.8513531452,8011.810427786275,130142.66178093148,38855.314458510715,7771.062891702141,1.2
central,central,baseline,single,steady,Q10,154832.26692254824,7214.76330890804,162047.03023145627,51324.16293823101,10264.8325876462,1.2
central,central,baseline,single,steady,Q11,170567.23443111576,9502.469938007418,180069.70436912318,60580.34838530829,12116.069677061654,1.2
central,central,baseline,single,steady,Q12,190860.24403629795,11798.824877117697,202659.06891341566,72143.6000188158,14428.720003763157,1.2
central,central,baseline,single,steady,Q13,210195.30754665614,10941.52811474229,221136.83566139842,82985.50203989945,16597.100407979888,1.2
central,central,baseline,single,steady,Q14,229160.27904328838,13411.021427018093,242571.30047030648,95850.23703200235,19170.047406400467,1.2
central,central,baseline,single,steady,Q15,256604.61863320804,15707.06797761162,272311.68661081966,112911.60028679427,22582.32005735885,1.2
central,central,baseline,single,steady,Q16,286104.0274869955,17981.884786788065,304085.9122737836,132039.31287441708,26407.86257488341,1.2
central,central,baseline,single,steady,Q17,365672.77465859,20171.783671979574,385844.55833056953,175514.52384572604,35102.9047691452,1.2
central,central,baseline,single,steady,Q18,454207.47990899155,22310.551161133753,476518.0310701253,225550.28784669182,45110.05756933835,1.2
central,central,baseline,single,steady,Q19,504785.2778497712,27992.57715976871,532777.8550095399,262622.7720702731,52524.55441405461,1.2
central,central,baseline,single,steady,Q20,564287.0507457736,29805.146863429043,594092.1976092026,304436.2681231469,60887.25362462937,1.2
central,central,baseline,single,steady,Q21,625690.6899519813,31620.520592424757,657311.2105444061,349678.62411360856,69935.72482272169,1.2
central,central,baseline,single,steady,Q22,695016.3289228294,37021.55568511684,732037.8846079462,403813.2487722873,80762.64975445744,1.2
central,central,baseline,single,steady,Q23,770789.260701814,46379.164224442386,817168.4249262563,466720.9311553304,93344.18623106605,1.2
central,central,baseline,single,steady,Q24,857719.369435968,55711.1821679177,913430.5516038857,539624.4450414325,107924.88900828648,1.2
central,central,baseline,single,transition,Q01,24373.44,2302.56,26676.0,4001.3999999999996,800.2799999999997,1.2
central,central,baseline,single,transition,Q02,52576.468113403345,4639.305715200001,57215.77382860335,9177.201375175577,1835.4402750351148,1.2
central,central,baseline,single,transition,Q03,60140.68872535825,4673.4914304,64814.18015575825,11660.452072416987,2332.0904144833967,1.2
central,central,baseline,single,transition,Q04,67253.58270003487,4640.416864868572,71893.99956490344,14330.350475519286,2866.0700951038566,1.2
central,central,baseline,single,transition,Q05,73093.57201687313,4470.891855634286,77564.46387250742,16968.28667131574,3393.657334263147,1.2
central,central,baseline,single,transition,Q06,77429.42312509181,4161.978336137144,81591.40146122895,19435.71616044313,3887.1432320886256,1.2
central,central,baseline,single,transition,Q07,84166.08870496666,6492.312447161459,90658.40115212812,23425.679029648152,4685.135805929629,1.2
central,central,baseline,single,transition,Q08,93206.72401522961,8716.934171317454,101923.65818654707,28284.712898125115,5656.942579625022,1.2
central,central,baseline,single,transition,Q09,122130.8513531452,8011.810427786275,130142.66178093148,38855.314458510715,7771.062891702141,1.2
central,central,baseline,single,transition,Q10,154832.26692254824,7214.76330890804,162047.03023145627,51324.16293823101,10264.8325876462,1.2
central,central,baseline,single,transition,Q11,170567.23443111576,9502.469938007418,180069.70436912318,60580.34838530829,12116.069677061654,1.2
central,central,baseline,single,transition,Q12,190860.24403629795,11798.824877117697,202659.06891341566,72143.6000188158,14428.720003763157,1.2
central,central,baseline,single,transition,Q13,210195.30754665614,10941.52811474229,221136.83566139842,82985.50203989945,16597.100407979888,1.2
central,central,baseline,single,transition,Q14,229160.27904328838,13411.021427018093,242571.30047030648,95850.23703200235,19170.047406400467,1.2
central,central,baseline,single,transition,Q15,256604.61863320804,15707.06797761162,272311.68661081966,112911.60028679427,22582.32005735885,1.2
central,central,baseline,single,transition,Q16,286104.0274869955,17981.884786788065,304085.9122737836,132039.31287441708,26407.86257488341,1.2
central,central,baseline,single,transition,Q17,365672.77465859,20171.783671979574,385844.55833056953,175514.52384572604,35102.9047691452,1.2
central,central,baseline,single,transition,Q18,454207.47990899155,22310.551161133753,476518.0310701253,225550.28784669182,45110.05756933835,1.2
central,central,baseline,single,transition,Q19,504785.2778497712,27992.57715976871,532777.8550095399,262622.7720702731,52524.55441405461,1.2
central,central,baseline,single,transition,Q20,564287.0507457736,29805.146863429043,594092.1976092026,304436.2681231469,60887.25362462937,1.2
central,central,baseline,single,transition,Q21,625690.6899519813,31620.520592424757,657311.2105444061,349678.62411360856,69935.72482272169,1.2
central,central,baseline,single,transition,Q22,695016.3289228294,37021.55568511684,732037.8846079462,403813.2487722873,80762.64975445744,1.2
central,central,baseline,single,transition,Q23,770789.260701814,46379.164224442386,817168.4249262563,466720.9311553304,93344.18623106605,1.2
central,central,baseline,single,transition,Q24,857719.369435968,55711.1821679177,913430.5516038857,539624.4450414325,107924.88900828648,1.2
central,central,baseline,two,steady,Q01,24373.44,2302.56,26676.0,4001.3999999999996,400.1400000000003,1.1
central,central,baseline,two,steady,Q02,52576.468113403345,4639.305715200001,57215.77382860335,9177.201375175577,917.7201375175584,1.1
central,central,baseline,two,steady,Q03,60140.68872535825,4673.4914304,64814.18015575825,11660.452072416987,1166.0452072416997,1.1
central,central,baseline,two,steady,Q04,67253.58270003487,4640.416864868572,71893.99956490344,14330.350475519286,1433.03504755193,1.1
central,central,baseline,two,steady,Q05,73093.57201687313,4470.891855634286,77564.46387250742,16968.28667131574,1696.8286671315752,1.1
central,central,baseline,two,steady,Q06,77429.42312509181,4161.978336137144,81591.40146122895,19435.71616044313,1943.5716160443149,1.1
central,central,baseline,two,steady,Q07,84166.08870496666,6492.312447161459,90658.40115212812,23425.679029648152,2342.567902964817,1.1
central,central,baseline,two,steady,Q08,93206.72401522961,8716.934171317454,101923.65818654707,28284.712898125115,2828.471289812514,1.1
central,central,baseline,two,steady,Q09,122130.8513531452,8011.810427786275,130142.66178093148,38855.314458510715,3885.5314458510747,1.1
central,central,baseline,two,steady,Q10,154832.26692254824,7214.76330890804,162047.03023145627,51324.16293823101,5132.416293823106,1.1
central,central,baseline,two,steady,Q11,170567.23443111576,9502.469938007418,180069.70436912318,60580.34838530829,6058.034838530834,1.1
central,central,baseline,two,steady,Q12,190860.24403629795,11798.824877117697,202659.06891341566,72143.6000188158,7214.360001881587,1.1
central,central,baseline,two,steady,Q13,210195.30754665614,10941.52811474229,221136.83566139842,82985.50203989945,8298.550203989953,1.1
central,central,baseline,two,steady,Q14,229160.27904328838,13411.021427018093,242571.30047030648,95850.23703200235,9585.023703200242,1.1
central,central,baseline,two,steady,Q15,256604.61863320804,15707.06797761162,272311.68661081966,112911.60028679427,11291.160028679438,1.1
central,central,baseline,two,steady,Q16,286104.0274869955,17981.884786788065,304085.9122737836,132039.31287441708,13203.93128744172,1.1
central,central,baseline,two,steady,Q17,365672.77465859,20171.783671979574,385844.55833056953,175514.52384572604,17551.452384572618,1.1
central,central,baseline,two,steady,Q18,454207.47990899155,22310.551161133753,476518.0310701253,225550.28784669182,22555.0287846692,1.1
central,central,baseline,two,steady,Q19,504785.2778497712,27992.57715976871,532777.8550095399,262622.7720702731,26262.277207027335,1.1
central,central,baseline,two,steady,Q20,564287.0507457736,29805.146863429043,594092.1976092026,304436.2681231469,30443.626812314717,1.1
central,central,baseline,two,steady,Q21,625690.6899519813,31620.520592424757,657311.2105444061,349678.62411360856,34967.86241136089,1.1
central,central,baseline,two,steady,Q22,695016.3289228294,37021.55568511684,732037.8846079462,403813.2487722873,40381.32487722876,1.1
central,central,baseline,two,steady,Q23,770789.260701814,46379.164224442386,817168.4249262563,466720.9311553304,46672.093115533076,1.1
central,central,baseline,two,steady,Q24,857719.369435968,55711.1821679177,913430.5516038857,539624.4450414325,53962.4445041433,1.1
central,central,baseline,two,transition,Q01,24373.44,2302.56,26676.0,4001.3999999999996,400.1400000000003,1.1
central,central,baseline,two,transition,Q02,52576.468113403345,4639.305715200001,57215.77382860335,9177.201375175577,917.7201375175584,1.1
central,central,baseline,two,transition,Q03,60140.68872535825,4673.4914304,64814.18015575825,11660.452072416987,1166.0452072416997,1.1
central,central,baseline,two,transition,Q04,67253.58270003487,4640.416864868572,71893.99956490344,14330.350475519286,1433.03504755193,1.1
central,central,baseline,two,transition,Q05,73093.57201687313,4470.891855634286,77564.46387250742,16968.28667131574,1696.8286671315752,1.1
central,central,baseline,two,transition,Q06,77429.42312509181,4161.978336137144,81591.40146122895,19435.71616044313,1943.5716160443149,1.1
central,central,baseline,two,transition,Q07,84166.08870496666,6492.312447161459,90658.40115212812,23425.679029648152,2342.567902964817,1.1
central,central,baseline,two,transition,Q08,93206.72401522961,8716.934171317454,101923.65818654707,28284.712898125115,2828.471289812514,1.1
central,central,baseline,two,transition,Q09,122130.8513531452,8011.810427786275,130142.66178093148,38855.314458510715,3885.5314458510747,1.1
central,central,baseline,two,transition,Q10,154832.26692254824,7214.76330890804,162047.03023145627,51324.16293823101,5132.416293823106,1.1
central,central,baseline,two,transition,Q11,170567.23443111576,9502.469938007418,180069.70436912318,60580.34838530829,6058.034838530834,1.1
central,central,baseline,two,transition,Q12,190860.24403629795,11798.824877117697,202659.06891341566,72143.6000188158,7214.360001881587,1.1
central,central,baseline,two,transition,Q13,210195.30754665614,10941.52811474229,221136.83566139842,82985.50203989945,8298.550203989953,1.1
central,central,baseline,two,transition,Q14,229160.27904328838,13411.021427018093,242571.30047030648,95850.23703200235,9585.023703200242,1.1
central,central,baseline,two,transition,Q15,256604.61863320804,15707.06797761162,272311.68661081966,112911.60028679427,11291.160028679438,1.1
central,central,baseline,two,transition,Q16,286104.0274869955,17981.884786788065,304085.9122737836,132039.31287441708,13203.93128744172,1.1
central,central,baseline,two,transition,Q17,365672.77465859,20171.783671979574,385844.55833056953,175514.52384572604,17551.452384572618,1.1
central,central,baseline,two,transition,Q18,454207.47990899155,22310.551161133753,476518.0310701253,225550.28784669182,22555.0287846692,1.1
central,central,baseline,two,transition,Q19,504785.2778497712,27992.57715976871,532777.8550095399,262622.7720702731,26262.277207027335,1.1
central,central,baseline,two,transition,Q20,564287.0507457736,29805.146863429043,594092.1976092026,304436.2681231469,30443.626812314717,1.1
central,central,baseline,two,transition,Q21,625690.6899519813,31620.520592424757,657311.2105444061,349678.62411360856,34967.86241136089,1.1
central,central,baseline,two,transition,Q22,695016.3289228294,37021.55568511684,732037.8846079462,403813.2487722873,40381.32487722876,1.1
central,central,baseline,two,transition,Q23,770789.260701814,46379.164224442386,817168.4249262563,466720.9311553304,46672.093115533076,1.1
central,central,baseline,two,transition,Q24,857719.369435968,55711.1821679177,913430.5516038857,539624.4450414325,53962.4445041433,1.1
central,central,improved_pue,single,steady,Q01,24373.44,2302.56,26676.0,4001.3999999999996,800.2799999999997,1.2
central,central,improved_pue,single,steady,Q02,52576.468113403345,4639.305715200001,57215.77382860335,9177.201375175577,1815.4898372629932,1.1978260869565216
central,central,improved_pue,single,steady,Q03,60140.68872535825,4673.4914304,64814.18015575825,11660.452072416987,2281.3927967772365,1.1956521739130435
central,central,improved_pue,single,steady,Q04,67253.58270003487,4640.416864868572,71893.99956490344,14330.350475519286,2772.611287654817,1.193478260869565
central,central,improved_pue,single,steady,Q05,73093.57201687313,4470.891855634286,77564.46387250742,16968.28667131574,3246.1070153821415,1.191304347826087
central,central,improved_pue,single,steady,Q06,77429.42312509181,4161.978336137144,81591.40146122895,19435.71616044313,3675.885447735982,1.1891304347826086
central,central,improved_pue,single,steady,Q07,84166.08870496666,6492.312447161459,90658.40115212812,23425.679029648152,4379.583470760307,1.1869565217391305
central,central,improved_pue,single,steady,Q08,93206.72401522961,8716.934171317454,101923.65818654707,28284.712898125115,5226.523035523117,1.184782608695652
central,central,improved_pue,single,steady,Q09,122130.8513531452,8011.810427786275,130142.66178093148,38855.314458510715,7095.318292423698,1.182608695652174
central,central,improved_pue,single,steady,Q10,154832.26692254824,7214.76330890804,162047.03023145627,51324.16293823101,9260.664182332985,1.1804347826086956
central,central,improved_pue,single,steady,Q11,170567.23443111576,9502.469938007418,180069.70436912318,60580.34838530829,10799.10558172886,1.1782608695652173
central,central,improved_pue,single,steady,Q12,190860.24403629795,11798.824877117697,202659.06891341566,72143.6000188158,12703.546959834955,1.1760869565217391
central,central,improved_pue,single,steady,Q13,210195.30754665614,10941.52811474229,221136.83566139842,82985.50203989945,14432.26122433033,1.1739130434782608
central,central,improved_pue,single,steady,Q14,229160.27904328838,13411.021427018093,242571.30047030648,95850.23703200235,16461.236359843882,1.1717391304347826
central,central,improved_pue,single,steady,Q15,256604.61863320804,15707.06797761162,272311.68661081966,112911.60028679427,19145.880048630323,1.1695652173913043
central,central,improved_pue,single,steady,Q16,286104.0274869955,17981.884786788065,304085.9122737836,132039.31287441708,22102.232807239387,1.1673913043478261
central,central,improved_pue,single,steady,Q17,365672.77465859,20171.783671979574,385844.55833056953,175514.52384572604,28998.051765815595,1.1652173913043478
central,central,improved_pue,single,steady,Q18,454207.47990899155,22310.551161133753,476518.0310701253,225550.28784669182,36774.50345326498,1.1630434782608696
central,central,improved_pue,single,steady,Q19,504785.2778497712,27992.57715976871,532777.8550095399,262622.7720702731,42248.01115913088,1.1608695652173913
central,central,improved_pue,single,steady,Q20,564287.0507457736,29805.146863429043,594092.1976092026,304436.2681231469,48312.71211519501,1.158695652173913
central,central,improved_pue,single,steady,Q21,625690.6899519813,31620.520592424757,657311.2105444061,349678.62411360856,54732.306382999595,1.1565217391304348
central,central,improved_pue,single,steady,Q22,695016.3289228294,37021.55568511684,732037.8846079462,403813.2487722873,62327.69709311386,1.1543478260869564
central,central,improved_pue,single,steady,Q23,770789.260701814,46379.164224442386,817168.4249262563,466720.9311553304,71022.75039320246,1.1521739130434783
central,central,improved_pue,single,steady,Q24,857719.369435968,55711.1821679177,913430.5516038857,539624.4450414325,80943.66675621484,1.15
central,central,improved_pue,single,transition,Q01,24373.44,2302.56,26676.0,4001.3999999999996,800.2799999999997,1.2
central,central,improved_pue,single,transition,Q02,52576.468113403345,4639.305715200001,57215.77382860335,9177.201375175577,1815.4898372629932,1.1978260869565216
central,central,improved_pue,single,transition,Q03,60140.68872535825,4673.4914304,64814.18015575825,11660.452072416987,2281.3927967772365,1.1956521739130435
central,central,improved_pue,single,transition,Q04,67253.58270003487,4640.416864868572,71893.99956490344,14330.350475519286,2772.611287654817,1.193478260869565
central,central,improved_pue,single,transition,Q05,73093.57201687313,4470.891855634286,77564.46387250742,16968.28667131574,3246.1070153821415,1.191304347826087
central,central,improved_pue,single,transition,Q06,77429.42312509181,4161.978336137144,81591.40146122895,19435.71616044313,3675.885447735982,1.1891304347826086
central,central,improved_pue,single,transition,Q07,84166.08870496666,6492.312447161459,90658.40115212812,23425.679029648152,4379.583470760307,1.1869565217391305
central,central,improved_pue,single,transition,Q08,93206.72401522961,8716.934171317454,101923.65818654707,28284.712898125115,5226.523035523117,1.184782608695652
central,central,improved_pue,single,transition,Q09,122130.8513531452,8011.810427786275,130142.66178093148,38855.314458510715,7095.318292423698,1.182608695652174
central,central,improved_pue,single,transition,Q10,154832.26692254824,7214.76330890804,162047.03023145627,51324.16293823101,9260.664182332985,1.1804347826086956
central,central,improved_pue,single,transition,Q11,170567.23443111576,9502.469938007418,180069.70436912318,60580.34838530829,10799.10558172886,1.1782608695652173
central,central,improved_pue,single,transition,Q12,190860.24403629795,11798.824877117697,202659.06891341566,72143.6000188158,12703.546959834955,1.1760869565217391
central,central,improved_pue,single,transition,Q13,210195.30754665614,10941.52811474229,221136.83566139842,82985.50203989945,14432.26122433033,1.1739130434782608
central,central,improved_pue,single,transition,Q14,229160.27904328838,13411.021427018093,242571.30047030648,95850.23703200235,16461.236359843882,1.1717391304347826
central,central,improved_pue,single,transition,Q15,256604.61863320804,15707.06797761162,272311.68661081966,112911.60028679427,19145.880048630323,1.1695652173913043
central,central,improved_pue,single,transition,Q16,286104.0274869955,17981.884786788065,304085.9122737836,132039.31287441708,22102.232807239387,1.1673913043478261
central,central,improved_pue,single,transition,Q17,365672.77465859,20171.783671979574,385844.55833056953,175514.52384572604,28998.051765815595,1.1652173913043478
central,central,improved_pue,single,transition,Q18,454207.47990899155,22310.551161133753,476518.0310701253,225550.28784669182,36774.50345326498,1.1630434782608696
central,central,improved_pue,single,transition,Q19,504785.2778497712,27992.57715976871,532777.8550095399,262622.7720702731,42248.01115913088,1.1608695652173913
central,central,improved_pue,single,transition,Q20,564287.0507457736,29805.146863429043,594092.1976092026,304436.2681231469,48312.71211519501,1.158695652173913
central,central,improved_pue,single,transition,Q21,625690.6899519813,31620.520592424757,657311.2105444061,349678.62411360856,54732.306382999595,1.1565217391304348
central,central,improved_pue,single,transition,Q22,695016.3289228294,37021.55568511684,732037.8846079462,403813.2487722873,62327.69709311386,1.1543478260869564
central,central,improved_pue,single,transition,Q23,770789.260701814,46379.164224442386,817168.4249262563,466720.9311553304,71022.75039320246,1.1521739130434783
central,central,improved_pue,single,transition,Q24,857719.369435968,55711.1821679177,913430.5516038857,539624.4450414325,80943.66675621484,1.15
central,central,improved_pue,two,steady,Q01,24373.44,2302.56,26676.0,4001.3999999999996,400.1400000000003,1.1
central,central,improved_pue,two,steady,Q02,52576.468113403345,4639.305715200001,57215.77382860335,9177.201375175577,907.7449186314986,1.098913043478261
central,central,improved_pue,two,steady,Q03,60140.68872535825,4673.4914304,64814.18015575825,11660.452072416987,1140.6963983886183,1.0978260869565217
central,central,improved_pue,two,steady,Q04,67253.58270003487,4640.416864868572,71893.99956490344,14330.350475519286,1386.30564382741,1.0967391304347827
central,central,improved_pue,two,steady,Q05,73093.57201687313,4470.891855634286,77564.46387250742,16968.28667131574,1623.0535076910726,1.0956521739130436
central,central,improved_pue,two,steady,Q06,77429.42312509181,4161.978336137144,81591.40146122895,19435.71616044313,1837.9427238679953,1.0945652173913045
central,central,improved_pue,two,steady,Q07,84166.08870496666,6492.312447161459,90658.40115212812,23425.679029648152,2189.7917353801536,1.0934782608695652
central,central,improved_pue,two,steady,Q08,93206.72401522961,8716.934171317454,101923.65818654707,28284.712898125115,2613.2615177615617,1.0923913043478262
central,central,improved_pue,two,steady,Q09,122130.8513531452,8011.810427786275,130142.66178093148,38855.314458510715,3547.659146211853,1.091304347826087
central,central,improved_pue,two,steady,Q10,154832.26692254824,7214.76330890804,162047.03023145627,51324.16293823101,4630.332091166492,1.0902173913043478
central,central,improved_pue,two,steady,Q11,170567.23443111576,9502.469938007418,180069.70436912318,60580.34838530829,5399.552790864437,1.0891304347826087
central,central,improved_pue,two,steady,Q12,190860.24403629795,11798.824877117697,202659.06891341566,72143.6000188158,6351.773479917486,1.0880434782608697
central,central,improved_pue,two,steady,Q13,210195.30754665614,10941.52811474229,221136.83566139842,82985.50203989945,7216.130612165183,1.0869565217391306
central,central,improved_pue,two,steady,Q14,229160.27904328838,13411.021427018093,242571.30047030648,95850.23703200235,8230.618179921941,1.0858695652173913
central,central,improved_pue,two,steady,Q15,256604.61863320804,15707.06797761162,272311.68661081966,112911.60028679427,9572.940024315174,1.0847826086956522
central,central,improved_pue,two,steady,Q16,286104.0274869955,17981.884786788065,304085.9122737836,132039.31287441708,11051.116403619708,1.0836956521739132
central,central,improved_pue,two,steady,Q17,365672.77465859,20171.783671979574,385844.55833056953,175514.52384572604,14499.025882907838,1.082608695652174
central,central,improved_pue,two,steady,Q18,454207.47990899155,22310.551161133753,476518.0310701253,225550.28784669182,18387.25172663249,1.0815217391304348
central,central,improved_pue,two,steady,Q19,504785.2778497712,27992.57715976871,532777.8550095399,262622.7720702731,21124.00557956547,1.0804347826086957
central,central,improved_pue,two,steady,Q20,564287.0507457736,29805.146863429043,594092.1976092026,304436.2681231469,24156.35605759757,1.0793478260869567
central,central,improved_pue,two,steady,Q21,625690.6899519813,31620.520592424757,657311.2105444061,349678.62411360856,27366.153191499798,1.0782608695652174
central,central,improved_pue,two,steady,Q22,695016.3289228294,37021.55568511684,732037.8846079462,403813.2487722873,31163.848546556976,1.0771739130434783
central,central,improved_pue,two,steady,Q23,770789.260701814,46379.164224442386,817168.4249262563,466720.9311553304,35511.37519660128,1.0760869565217392
central,central,improved_pue,two,steady,Q24,857719.369435968,55711.1821679177,913430.5516038857,539624.4450414325,40471.833378107534,1.0750000000000002
central,central,improved_pue,two,transition,Q01,24373.44,2302.56,26676.0,4001.3999999999996,400.1400000000003,1.1
central,central,improved_pue,two,transition,Q02,52576.468113403345,4639.305715200001,57215.77382860335,9177.201375175577,907.7449186314986,1.098913043478261
central,central,improved_pue,two,transition,Q03,60140.68872535825,4673.4914304,64814.18015575825,11660.452072416987,1140.6963983886183,1.0978260869565217
central,central,improved_pue,two,transition,Q04,67253.58270003487,4640.416864868572,71893.99956490344,14330.350475519286,1386.30564382741,1.0967391304347827
central,central,improved_pue,two,transition,Q05,73093.57201687313,4470.891855634286,77564.46387250742,16968.28667131574,1623.0535076910726,1.0956521739130436
central,central,improved_pue,two,transition,Q06,77429.42312509181,4161.978336137144,81591.40146122895,19435.71616044313,1837.9427238679953,1.0945652173913045
central,central,improved_pue,two,transition,Q07,84166.08870496666,6492.312447161459,90658.40115212812,23425.679029648152,2189.7917353801536,1.0934782608695652
central,central,improved_pue,two,transition,Q08,93206.72401522961,8716.934171317454,101923.65818654707,28284.712898125115,2613.2615177615617,1.0923913043478262
central,central,improved_pue,two,transition,Q09,122130.8513531452,8011.810427786275,130142.66178093148,38855.314458510715,3547.659146211853,1.091304347826087
central,central,improved_pue,two,transition,Q10,154832.26692254824,7214.76330890804,162047.03023145627,51324.16293823101,4630.332091166492,1.0902173913043478
central,central,improved_pue,two,transition,Q11,170567.23443111576,9502.469938007418,180069.70436912318,60580.34838530829,5399.552790864437,1.0891304347826087
central,central,improved_pue,two,transition,Q12,190860.24403629795,11798.824877117697,202659.06891341566,72143.6000188158,6351.773479917486,1.0880434782608697
central,central,improved_pue,two,transition,Q13,210195.30754665614,10941.52811474229,221136.83566139842,82985.50203989945,7216.130612165183,1.0869565217391306
central,central,improved_pue,two,transition,Q14,229160.27904328838,13411.021427018093,242571.30047030648,95850.23703200235,8230.618179921941,1.0858695652173913
central,central,improved_pue,two,transition,Q15,256604.61863320804,15707.06797761162,272311.68661081966,112911.60028679427,9572.940024315174,1.0847826086956522
central,central,improved_pue,two,transition,Q16,286104.0274869955,17981.884786788065,304085.9122737836,132039.31287441708,11051.116403619708,1.0836956521739132
central,central,improved_pue,two,transition,Q17,365672.77465859,20171.783671979574,385844.55833056953,175514.52384572604,14499.025882907838,1.082608695652174
central,central,improved_pue,two,transition,Q18,454207.47990899155,22310.551161133753,476518.0310701253,225550.28784669182,18387.25172663249,1.0815217391304348
central,central,improved_pue,two,transition,Q19,504785.2778497712,27992.57715976871,532777.8550095399,262622.7720702731,21124.00557956547,1.0804347826086957
central,central,improved_pue,two,transition,Q20,564287.0507457736,29805.146863429043,594092.1976092026,304436.2681231469,24156.35605759757,1.0793478260869567
central,central,improved_pue,two,transition,Q21,625690.6899519813,31620.520592424757,657311.2105444061,349678.62411360856,27366.153191499798,1.0782608695652174
central,central,improved_pue,two,transition,Q22,695016.3289228294,37021.55568511684,732037.8846079462,403813.2487722873,31163.848546556976,1.0771739130434783
central,central,improved_pue,two,transition,Q23,770789.260701814,46379.164224442386,817168.4249262563,466720.9311553304,35511.37519660128,1.0760869565217392
central,central,improved_pue,two,transition,Q24,857719.369435968,55711.1821679177,913430.5516038857,539624.4450414325,40471.833378107534,1.0750000000000002
central,central,advanced_coolant,single,steady,Q01,24373.44,2302.56,26676.0,4001.3999999999996,800.2799999999997,1.2
central,central,advanced_coolant,single,steady,Q02,52576.468113403345,4639.305715200001,57215.77382860335,9177.201375175577,1835.4402750351148,1.2
central,central,advanced_coolant,single,steady,Q03,60140.68872535825,4673.4914304,64814.18015575825,11660.452072416987,2332.0904144833967,1.2
central,central,advanced_coolant,single,steady,Q04,67253.58270003487,4640.416864868572,71893.99956490344,14330.350475519286,2866.0700951038566,1.2
central,central,advanced_coolant,single,steady,Q05,73093.57201687313,4470.891855634286,77564.46387250742,16968.28667131574,3393.657334263147,1.2
central,central,advanced_coolant,single,steady,Q06,77429.42312509181,4161.978336137144,81591.40146122895,19435.71616044313,3887.1432320886256,1.2
central,central,advanced_coolant,single,steady,Q07,84166.08870496666,6492.312447161459,90658.40115212812,23425.679029648152,4685.135805929629,1.2
central,central,advanced_coolant,single,steady,Q08,93206.72401522961,8716.934171317454,101923.65818654707,28284.712898125115,5656.942579625022,1.2
central,central,advanced_coolant,single,steady,Q09,122130.8513531452,8011.810427786275,130142.66178093148,38855.314458510715,7771.062891702141,1.2
central,central,advanced_coolant,single,steady,Q10,154832.26692254824,7214.76330890804,162047.03023145627,51324.16293823101,10264.8325876462,1.2
central,central,advanced_coolant,single,steady,Q11,170567.23443111576,9502.469938007418,180069.70436912318,60580.34838530829,12116.069677061654,1.2
central,central,advanced_coolant,single,steady,Q12,190860.24403629795,11798.824877117697,202659.06891341566,72143.6000188158,14428.720003763157,1.2
central,central,advanced_coolant,single,steady,Q13,210195.30754665614,10941.52811474229,221136.83566139842,82985.50203989945,16597.100407979888,1.2
central,central,advanced_coolant,single,steady,Q14,229160.27904328838,13411.021427018093,242571.30047030648,95850.23703200235,19170.047406400467,1.2
central,central,advanced_coolant,single,steady,Q15,256604.61863320804,15707.06797761162,272311.68661081966,112911.60028679427,22582.32005735885,1.2
central,central,advanced_coolant,single,steady,Q16,286104.0274869955,17981.884786788065,304085.9122737836,132039.31287441708,26407.86257488341,1.2
central,central,advanced_coolant,single,steady,Q17,365672.77465859,20171.783671979574,385844.55833056953,175514.52384572604,35102.9047691452,1.2
central,central,advanced_coolant,single,steady,Q18,454207.47990899155,22310.551161133753,476518.0310701253,225550.28784669182,45110.05756933835,1.2
central,central,advanced_coolant,single,steady,Q19,504785.2778497712,27992.57715976871,532777.8550095399,262622.7720702731,52524.55441405461,1.2
central,central,advanced_coolant,single,steady,Q20,564287.0507457736,29805.146863429043,594092.1976092026,304436.2681231469,60887.25362462937,1.2
central,central,advanced_coolant,single,steady,Q21,625690.6899519813,31620.520592424757,657311.2105444061,349678.62411360856,69935.72482272169,1.2
central,central,advanced_coolant,single,steady,Q22,695016.3289228294,37021.55568511684,732037.8846079462,403813.2487722873,80762.64975445744,1.2
central,central,advanced_coolant,single,steady,Q23,770789.260701814,46379.164224442386,817168.4249262563,466720.9311553304,93344.18623106605,1.2
central,central,advanced_coolant,single,steady,Q24,857719.369435968,55711.1821679177,913430.5516038857,539624.4450414325,107924.88900828648,1.2
central,central,advanced_coolant,single,transition,Q01,24373.44,2302.56,26676.0,4001.3999999999996,800.2799999999997,1.2
central,central,advanced_coolant,single,transition,Q02,52576.468113403345,4639.305715200001,57215.77382860335,9177.201375175577,1835.4402750351148,1.2
central,central,advanced_coolant,single,transition,Q03,60140.68872535825,4673.4914304,64814.18015575825,11660.452072416987,2332.0904144833967,1.2
central,central,advanced_coolant,single,transition,Q04,67253.58270003487,4640.416864868572,71893.99956490344,14330.350475519286,2866.0700951038566,1.2
central,central,advanced_coolant,single,transition,Q05,73093.57201687313,4470.891855634286,77564.46387250742,16968.28667131574,3393.657334263147,1.2
central,central,advanced_coolant,single,transition,Q06,77429.42312509181,4161.978336137144,81591.40146122895,19435.71616044313,3887.1432320886256,1.2
central,central,advanced_coolant,single,transition,Q07,84166.08870496666,6492.312447161459,90658.40115212812,23425.679029648152,4685.135805929629,1.2
central,central,advanced_coolant,single,transition,Q08,93206.72401522961,8716.934171317454,101923.65818654707,28284.712898125115,5656.942579625022,1.2
central,central,advanced_coolant,single,transition,Q09,122130.8513531452,8011.810427786275,130142.66178093148,38855.314458510715,7771.062891702141,1.2
central,central,advanced_coolant,single,transition,Q10,154832.26692254824,7214.76330890804,162047.03023145627,51324.16293823101,10264.8325876462,1.2
central,central,advanced_coolant,single,transition,Q11,170567.23443111576,9502.469938007418,180069.70436912318,60580.34838530829,12116.069677061654,1.2
central,central,advanced_coolant,single,transition,Q12,190860.24403629795,11798.824877117697,202659.06891341566,72143.6000188158,14428.720003763157,1.2
central,central,advanced_coolant,single,transition,Q13,210195.30754665614,10941.52811474229,221136.83566139842,82985.50203989945,16597.100407979888,1.2
central,central,advanced_coolant,single,transition,Q14,229160.27904328838,13411.021427018093,242571.30047030648,95850.23703200235,19170.047406400467,1.2
central,central,advanced_coolant,single,transition,Q15,256604.61863320804,15707.06797761162,272311.68661081966,112911.60028679427,22582.32005735885,1.2
central,central,advanced_coolant,single,transition,Q16,286104.0274869955,17981.884786788065,304085.9122737836,132039.31287441708,26407.86257488341,1.2
central,central,advanced_coolant,single,transition,Q17,365672.77465859,20171.783671979574,385844.55833056953,175514.52384572604,35102.9047691452,1.2
central,central,advanced_coolant,single,transition,Q18,454207.47990899155,22310.551161133753,476518.0310701253,225550.28784669182,45110.05756933835,1.2
central,central,advanced_coolant,single,transition,Q19,504785.2778497712,27992.57715976871,532777.8550095399,262622.7720702731,52524.55441405461,1.2
central,central,advanced_coolant,single,transition,Q20,564287.0507457736,29805.146863429043,594092.1976092026,304436.2681231469,60887.25362462937,1.2
central,central,advanced_coolant,single,transition,Q21,625690.6899519813,31620.520592424757,657311.2105444061,349678.62411360856,69935.72482272169,1.2
central,central,advanced_coolant,single,transition,Q22,695016.3289228294,37021.55568511684,732037.8846079462,403813.2487722873,80762.64975445744,1.2
central,central,advanced_coolant,single,transition,Q23,770789.260701814,46379.164224442386,817168.4249262563,466720.9311553304,93344.18623106605,1.2
central,central,advanced_coolant,single,transition,Q24,857719.369435968,55711.1821679177,913430.5516038857,539624.4450414325,107924.88900828648,1.2
central,central,advanced_coolant,two,steady,Q01,24373.44,2302.56,26676.0,4001.3999999999996,400.1400000000003,1.1
central,central,advanced_coolant,two,steady,Q02,52576.468113403345,4639.305715200001,57215.77382860335,9177.201375175577,917.7201375175584,1.1
central,central,advanced_coolant,two,steady,Q03,60140.68872535825,4673.4914304,64814.18015575825,11660.452072416987,1166.0452072416997,1.1
central,central,advanced_coolant,two,steady,Q04,67253.58270003487,4640.416864868572,71893.99956490344,14330.350475519286,1433.03504755193,1.1
central,central,advanced_coolant,two,steady,Q05,73093.57201687313,4470.891855634286,77564.46387250742,16968.28667131574,1696.8286671315752,1.1
central,central,advanced_coolant,two,steady,Q06,77429.42312509181,4161.978336137144,81591.40146122895,19435.71616044313,1943.5716160443149,1.1
central,central,advanced_coolant,two,steady,Q07,84166.08870496666,6492.312447161459,90658.40115212812,23425.679029648152,2342.567902964817,1.1
central,central,advanced_coolant,two,steady,Q08,93206.72401522961,8716.934171317454,101923.65818654707,28284.712898125115,2828.471289812514,1.1
central,central,advanced_coolant,two,steady,Q09,122130.8513531452,8011.810427786275,130142.66178093148,38855.314458510715,3885.5314458510747,1.1
central,central,advanced_coolant,two,steady,Q10,154832.26692254824,7214.76330890804,162047.03023145627,51324.16293823101,5132.416293823106,1.1
central,central,advanced_coolant,two,steady,Q11,170567.23443111576,9502.469938007418,180069.70436912318,60580.34838530829,6058.034838530834,1.1
central,central,advanced_coolant,two,steady,Q12,190860.24403629795,11798.824877117697,202659.06891341566,72143.6000188158,7214.360001881587,1.1
central,central,advanced_coolant,two,steady,Q13,210195.30754665614,10941.52811474229,221136.83566139842,82985.50203989945,8298.550203989953,1.1
central,central,advanced_coolant,two,steady,Q14,229160.27904328838,13411.021427018093,242571.30047030648,95850.23703200235,9585.023703200242,1.1
central,central,advanced_coolant,two,steady,Q15,256604.61863320804,15707.06797761162,272311.68661081966,112911.60028679427,11291.160028679438,1.1
central,central,advanced_coolant,two,steady,Q16,286104.0274869955,17981.884786788065,304085.9122737836,132039.31287441708,13203.93128744172,1.1
central,central,advanced_coolant,two,steady,Q17,365672.77465859,20171.783671979574,385844.55833056953,175514.52384572604,17551.452384572618,1.1
central,central,advanced_coolant,two,steady,Q18,454207.47990899155,22310.551161133753,476518.0310701253,225550.28784669182,22555.0287846692,1.1
central,central,advanced_coolant,two,steady,Q19,504785.2778497712,27992.57715976871,532777.8550095399,262622.7720702731,26262.277207027335,1.1
central,central,advanced_coolant,two,steady,Q20,564287.0507457736,29805.146863429043,594092.1976092026,304436.2681231469,30443.626812314717,1.1
central,central,advanced_coolant,two,steady,Q21,625690.6899519813,31620.520592424757,657311.2105444061,349678.62411360856,34967.86241136089,1.1
central,central,advanced_coolant,two,steady,Q22,695016.3289228294,37021.55568511684,732037.8846079462,403813.2487722873,40381.32487722876,1.1
central,central,advanced_coolant,two,steady,Q23,770789.260701814,46379.164224442386,817168.4249262563,466720.9311553304,46672.093115533076,1.1
central,central,advanced_coolant,two,steady,Q24,857719.369435968,55711.1821679177,913430.5516038857,539624.4450414325,53962.4445041433,1.1
central,central,advanced_coolant,two,transition,Q01,24373.44,2302.56,26676.0,4001.3999999999996,400.1400000000003,1.1
central,central,advanced_coolant,two,transition,Q02,52576.468113403345,4639.305715200001,57215.77382860335,9177.201375175577,917.7201375175584,1.1
central,central,advanced_coolant,two,transition,Q03,60140.68872535825,4673.4914304,64814.18015575825,11660.452072416987,1166.0452072416997,1.1
central,central,advanced_coolant,two,transition,Q04,67253.58270003487,4640.416864868572,71893.99956490344,14330.350475519286,1433.03504755193,1.1
central,central,advanced_coolant,two,transition,Q05,73093.57201687313,4470.891855634286,77564.46387250742,16968.28667131574,1696.8286671315752,1.1
central,central,advanced_coolant,two,transition,Q06,77429.42312509181,4161.978336137144,81591.40146122895,19435.71616044313,1943.5716160443149,1.1
central,central,advanced_coolant,two,transition,Q07,84166.08870496666,6492.312447161459,90658.40115212812,23425.679029648152,2342.567902964817,1.1
central,central,advanced_coolant,two,transition,Q08,93206.72401522961,8716.934171317454,101923.65818654707,28284.712898125115,2828.471289812514,1.1
central,central,advanced_coolant,two,transition,Q09,122130.8513531452,8011.810427786275,130142.66178093148,38855.314458510715,3885.5314458510747,1.1
central,central,advanced_coolant,two,transition,Q10,154832.26692254824,7214.76330890804,162047.03023145627,51324.16293823101,5132.416293823106,1.1
central,central,advanced_coolant,two,transition,Q11,170567.23443111576,9502.469938007418,180069.70436912318,60580.34838530829,6058.034838530834,1.1
central,central,advanced_coolant,two,transition,Q12,190860.24403629795,11798.824877117697,202659.06891341566,72143.6000188158,7214.360001881587,1.1
central,central,advanced_coolant,two,transition,Q13,210195.30754665614,10941.52811474229,221136.83566139842,82985.50203989945,8298.550203989953,1.1
central,central,advanced_coolant,two,transition,Q14,229160.27904328838,13411.021427018093,242571.30047030648,95850.23703200235,9585.023703200242,1.1
central,central,advanced_coolant,two,transition,Q15,256604.61863320804,15707.06797761162,272311.68661081966,112911.60028679427,11291.160028679438,1.1
central,central,advanced_coolant,two,transition,Q16,286104.0274869955,17981.884786788065,304085.9122737836,132039.31287441708,13203.93128744172,1.1
central,central,advanced_coolant,two,transition,Q17,365672.77465859,20171.783671979574,385844.55833056953,175514.52384572604,17551.452384572618,1.1
central,central,advanced_coolant,two,transition,Q18,454207.47990899155,22310.551161133753,476518.0310701253,225550.28784669182,22555.0287846692,1.1
central,central,advanced_coolant,two,transition,Q19,504785.2778497712,27992.57715976871,532777.8550095399,262622.7720702731,26262.277207027335,1.1
central,central,advanced_coolant,two,transition,Q20,564287.0507457736,29805.146863429043,594092.1976092026,304436.2681231469,30443.626812314717,1.1
central,central,advanced_coolant,two,transition,Q21,625690.6899519813,31620.520592424757,657311.2105444061,349678.62411360856,34967.86241136089,1.1
central,central,advanced_coolant,two,transition,Q22,695016.3289228294,37021.55568511684,732037.8846079462,403813.2487722873,40381.32487722876,1.1
central,central,advanced_coolant,two,transition,Q23,770789.260701814,46379.164224442386,817168.4249262563,466720.9311553304,46672.093115533076,1.1
central,central,advanced_coolant,two,transition,Q24,857719.369435968,55711.1821679177,913430.5516038857,539624.4450414325,53962.4445041433,1.1
central,central,coolant_recovery,single,steady,Q01,24373.44,2302.56,26676.0,4001.3999999999996,800.2799999999997,1.2
central,central,coolant_recovery,single,steady,Q02,52576.468113403345,4639.305715200001,57215.77382860335,9177.201375175577,1835.4402750351148,1.2
central,central,coolant_recovery,single,steady,Q03,60140.68872535825,4673.4914304,64814.18015575825,11660.452072416987,2332.0904144833967,1.2
central,central,coolant_recovery,single,steady,Q04,67253.58270003487,4640.416864868572,71893.99956490344,14330.350475519286,2866.0700951038566,1.2
central,central,coolant_recovery,single,steady,Q05,73093.57201687313,4470.891855634286,77564.46387250742,16968.28667131574,3393.657334263147,1.2
central,central,coolant_recovery,single,steady,Q06,77429.42312509181,4161.978336137144,81591.40146122895,19435.71616044313,3887.1432320886256,1.2
central,central,coolant_recovery,single,steady,Q07,84166.08870496666,6492.312447161459,90658.40115212812,23425.679029648152,4685.135805929629,1.2
central,central,coolant_recovery,single,steady,Q08,93206.72401522961,8716.934171317454,101923.65818654707,28284.712898125115,5656.942579625022,1.2
central,central,coolant_recovery,single,steady,Q09,122130.8513531452,8011.810427786275,130142.66178093148,38855.314458510715,7771.062891702141,1.2
central,central,coolant_recovery,single,steady,Q10,154832.26692254824,7214.76330890804,162047.03023145627,51324.16293823101,10264.8325876462,1.2
central,central,coolant_recovery,single,steady,Q11,170567.23443111576,9502.469938007418,180069.70436912318,60580.34838530829,12116.069677061654,1.2
central,central,coolant_recovery,single,steady,Q12,190860.24403629795,11798.824877117697,202659.06891341566,72143.6000188158,14428.720003763157,1.2
central,central,coolant_recovery,single,steady,Q13,210195.30754665614,10941.52811474229,221136.83566139842,82985.50203989945,16597.100407979888,1.2
central,central,coolant_recovery,single,steady,Q14,229160.27904328838,13411.021427018093,242571.30047030648,95850.23703200235,19170.047406400467,1.2
central,central,coolant_recovery,single,steady,Q15,256604.61863320804,15707.06797761162,272311.68661081966,112911.60028679427,22582.32005735885,1.2
central,central,coolant_recovery,single,steady,Q16,286104.0274869955,17981.884786788065,304085.9122737836,132039.31287441708,26407.86257488341,1.2
central,central,coolant_recovery,single,steady,Q17,365672.77465859,20171.783671979574,385844.55833056953,175514.52384572604,35102.9047691452,1.2
central,central,coolant_recovery,single,steady,Q18,454207.47990899155,22310.551161133753,476518.0310701253,225550.28784669182,45110.05756933835,1.2
central,central,coolant_recovery,single,steady,Q19,504785.2778497712,27992.57715976871,532777.8550095399,262622.7720702731,52524.55441405461,1.2
central,central,coolant_recovery,single,steady,Q20,564287.0507457736,29805.146863429043,594092.1976092026,304436.2681231469,60887.25362462937,1.2
central,central,coolant_recovery,single,steady,Q21,625690.6899519813,31620.520592424757,657311.2105444061,349678.62411360856,69935.72482272169,1.2
central,central,coolant_recovery,single,steady,Q22,695016.3289228294,37021.55568511684,732037.8846079462,403813.2487722873,80762.64975445744,1.2
central,central,coolant_recovery,single,steady,Q23,770789.260701814,46379.164224442386,817168.4249262563,466720.9311553304,93344.18623106605,1.2
central,central,coolant_recovery,single,steady,Q24,857719.369435968,55711.1821679177,913430.5516038857,539624.4450414325,107924.88900828648,1.2
central,central,coolant_recovery,single,transition,Q01,24373.44,2302.56,26676.0,4001.3999999999996,800.2799999999997,1.2
central,central,coolant_recovery,single,transition,Q02,52576.468113403345,4639.305715200001,57215.77382860335,9177.201375175577,1835.4402750351148,1.2
central,central,coolant_recovery,single,transition,Q03,60140.68872535825,4673.4914304,64814.18015575825,11660.452072416987,2332.0904144833967,1.2
central,central,coolant_recovery,single,transition,Q04,67253.58270003487,4640.416864868572,71893.99956490344,14330.350475519286,2866.0700951038566,1.2
central,central,coolant_recovery,single,transition,Q05,73093.57201687313,4470.891855634286,77564.46387250742,16968.28667131574,3393.657334263147,1.2
central,central,coolant_recovery,single,transition,Q06,77429.42312509181,4161.978336137144,81591.40146122895,19435.71616044313,3887.1432320886256,1.2
central,central,coolant_recovery,single,transition,Q07,84166.08870496666,6492.312447161459,90658.40115212812,23425.679029648152,4685.135805929629,1.2
central,central,coolant_recovery,single,transition,Q08,93206.72401522961,8716.934171317454,101923.65818654707,28284.712898125115,5656.942579625022,1.2
central,central,coolant_recovery,single,transition,Q09,122130.8513531452,8011.810427786275,130142.66178093148,38855.314458510715,7771.062891702141,1.2
central,central,coolant_recovery,single,transition,Q10,154832.26692254824,7214.76330890804,162047.03023145627,51324.16293823101,10264.8325876462,1.2
central,central,coolant_recovery,single,transition,Q11,170567.23443111576,9502.469938007418,180069.70436912318,60580.34838530829,12116.069677061654,1.2
central,central,coolant_recovery,single,transition,Q12,190860.24403629795,11798.824877117697,202659.06891341566,72143.6000188158,14428.720003763157,1.2
central,central,coolant_recovery,single,transition,Q13,210195.30754665614,10941.52811474229,221136.83566139842,82985.50203989945,16597.100407979888,1.2
central,central,coolant_recovery,single,transition,Q14,229160.27904328838,13411.021427018093,242571.30047030648,95850.23703200235,19170.047406400467,1.2
central,central,coolant_recovery,single,transition,Q15,256604.61863320804,15707.06797761162,272311.68661081966,112911.60028679427,22582.32005735885,1.2
central,central,coolant_recovery,single,transition,Q16,286104.0274869955,17981.884786788065,304085.9122737836,132039.31287441708,26407.86257488341,1.2
central,central,coolant_recovery,single,transition,Q17,365672.77465859,20171.783671979574,385844.55833056953,175514.52384572604,35102.9047691452,1.2
central,central,coolant_recovery,single,transition,Q18,454207.47990899155,22310.551161133753,476518.0310701253,225550.28784669182,45110.05756933835,1.2
central,central,coolant_recovery,single,transition,Q19,504785.2778497712,27992.57715976871,532777.8550095399,262622.7720702731,52524.55441405461,1.2
central,central,coolant_recovery,single,transition,Q20,564287.0507457736,29805.146863429043,594092.1976092026,304436.2681231469,60887.25362462937,1.2
central,central,coolant_recovery,single,transition,Q21,625690.6899519813,31620.520592424757,657311.2105444061,349678.62411360856,69935.72482272169,1.2
central,central,coolant_recovery,single,transition,Q22,695016.3289228294,37021.55568511684,732037.8846079462,403813.2487722873,80762.64975445744,1.2
central,central,coolant_recovery,single,transition,Q23,770789.260701814,46379.164224442386,817168.4249262563,466720.9311553304,93344.18623106605,1.2
central,central,coolant_recovery,single,transition,Q24,857719.369435968,55711.1821679177,913430.5516038857,539624.4450414325,107924.88900828648,1.2
central,central,coolant_recovery,two,steady,Q01,24373.44,2302.56,26676.0,4001.3999999999996,400.1400000000003,1.1
central,central,coolant_recovery,two,steady,Q02,52576.468113403345,4639.305715200001,57215.77382860335,9177.201375175577,917.7201375175584,1.1
central,central,coolant_recovery,two,steady,Q03,60140.68872535825,4673.4914304,64814.18015575825,11660.452072416987,1166.0452072416997,1.1
central,central,coolant_recovery,two,steady,Q04,67253.58270003487,4640.416864868572,71893.99956490344,14330.350475519286,1433.03504755193,1.1
central,central,coolant_recovery,two,steady,Q05,73093.57201687313,4470.891855634286,77564.46387250742,16968.28667131574,1696.8286671315752,1.1
central,central,coolant_recovery,two,steady,Q06,77429.42312509181,4161.978336137144,81591.40146122895,19435.71616044313,1943.5716160443149,1.1
central,central,coolant_recovery,two,steady,Q07,84166.08870496666,6492.312447161459,90658.40115212812,23425.679029648152,2342.567902964817,1.1
central,central,coolant_recovery,two,steady,Q08,93206.72401522961,8716.934171317454,101923.65818654707,28284.712898125115,2828.471289812514,1.1
central,central,coolant_recovery,two,steady,Q09,122130.8513531452,8011.810427786275,130142.66178093148,38855.314458510715,3885.5314458510747,1.1
central,central,coolant_recovery,two,steady,Q10,154832.26692254824,7214.76330890804,162047.03023145627,51324.16293823101,5132.416293823106,1.1
central,central,coolant_recovery,two,steady,Q11,170567.23443111576,9502.469938007418,180069.70436912318,60580.34838530829,6058.034838530834,1.1
central,central,coolant_recovery,two,steady,Q12,190860.24403629795,11798.824877117697,202659.06891341566,72143.6000188158,7214.360001881587,1.1
central,central,coolant_recovery,two,steady,Q13,210195.30754665614,10941.52811474229,221136.83566139842,82985.50203989945,8298.550203989953,1.1
central,central,coolant_recovery,two,steady,Q14,229160.27904328838,13411.021427018093,242571.30047030648,95850.23703200235,9585.023703200242,1.1
central,central,coolant_recovery,two,steady,Q15,256604.61863320804,15707.06797761162,272311.68661081966,112911.60028679427,11291.160028679438,1.1
central,central,coolant_recovery,two,steady,Q16,286104.0274869955,17981.884786788065,304085.9122737836,132039.31287441708,13203.93128744172,1.1
central,central,coolant_recovery,two,steady,Q17,365672.77465859,20171.783671979574,385844.55833056953,175514.52384572604,17551.452384572618,1.1
central,central,coolant_recovery,two,steady,Q18,454207.47990899155,22310.551161133753,476518.0310701253,225550.28784669182,22555.0287846692,1.1
central,central,coolant_recovery,two,steady,Q19,504785.2778497712,27992.57715976871,532777.8550095399,262622.7720702731,26262.277207027335,1.1
central,central,coolant_recovery,two,steady,Q20,564287.0507457736,29805.146863429043,594092.1976092026,304436.2681231469,30443.626812314717,1.1
central,central,coolant_recovery,two,steady,Q21,625690.6899519813,31620.520592424757,657311.2105444061,349678.62411360856,34967.86241136089,1.1
central,central,coolant_recovery,two,steady,Q22,695016.3289228294,37021.55568511684,732037.8846079462,403813.2487722873,40381.32487722876,1.1
central,central,coolant_recovery,two,steady,Q23,770789.260701814,46379.164224442386,817168.4249262563,466720.9311553304,46672.093115533076,1.1
central,central,coolant_recovery,two,steady,Q24,857719.369435968,55711.1821679177,913430.5516038857,539624.4450414325,53962.4445041433,1.1
central,central,coolant_recovery,two,transition,Q01,24373.44,2302.56,26676.0,4001.3999999999996,400.1400000000003,1.1
central,central,coolant_recovery,two,transition,Q02,52576.468113403345,4639.305715200001,57215.77382860335,9177.201375175577,917.7201375175584,1.1
central,central,coolant_recovery,two,transition,Q03,60140.68872535825,4673.4914304,64814.18015575825,11660.452072416987,1166.0452072416997,1.1
central,central,coolant_recovery,two,transition,Q04,67253.58270003487,4640.416864868572,71893.99956490344,14330.350475519286,1433.03504755193,1.1
central,central,coolant_recovery,two,transition,Q05,73093.57201687313,4470.891855634286,77564.46387250742,16968.28667131574,1696.8286671315752,1.1
central,central,coolant_recovery,two,transition,Q06,77429.42312509181,4161.978336137144,81591.40146122895,19435.71616044313,1943.5716160443149,1.1
central,central,coolant_recovery,two,transition,Q07,84166.08870496666,6492.312447161459,90658.40115212812,23425.679029648152,2342.567902964817,1.1
central,central,coolant_recovery,two,transition,Q08,93206.72401522961,8716.934171317454,101923.65818654707,28284.712898125115,2828.471289812514,1.1
central,central,coolant_recovery,two,transition,Q09,122130.8513531452,8011.810427786275,130142.66178093148,38855.314458510715,3885.5314458510747,1.1
central,central,coolant_recovery,two,transition,Q10,154832.26692254824,7214.76330890804,162047.03023145627,51324.16293823101,5132.416293823106,1.1
central,central,coolant_recovery,two,transition,Q11,170567.23443111576,9502.469938007418,180069.70436912318,60580.34838530829,6058.034838530834,1.1
central,central,coolant_recovery,two,transition,Q12,190860.24403629795,11798.824877117697,202659.06891341566,72143.6000188158,7214.360001881587,1.1
central,central,coolant_recovery,two,transition,Q13,210195.30754665614,10941.52811474229,221136.83566139842,82985.50203989945,8298.550203989953,1.1
central,central,coolant_recovery,two,transition,Q14,229160.27904328838,13411.021427018093,242571.30047030648,95850.23703200235,9585.023703200242,1.1
central,central,coolant_recovery,two,transition,Q15,256604.61863320804,15707.06797761162,272311.68661081966,112911.60028679427,11291.160028679438,1.1
central,central,coolant_recovery,two,transition,Q16,286104.0274869955,17981.884786788065,304085.9122737836,132039.31287441708,13203.93128744172,1.1
central,central,coolant_recovery,two,transition,Q17,365672.77465859,20171.783671979574,385844.55833056953,175514.52384572604,17551.452384572618,1.1
central,central,coolant_recovery,two,transition,Q18,454207.47990899155,22310.551161133753,476518.0310701253,225550.28784669182,22555.0287846692,1.1
central,central,coolant_recovery,two,transition,Q19,504785.2778497712,27992.57715976871,532777.8550095399,262622.7720702731,26262.277207027335,1.1
central,central,coolant_recovery,two,transition,Q20,564287.0507457736,29805.146863429043,594092.1976092026,304436.2681231469,30443.626812314717,1.1
central,central,coolant_recovery,two,transition,Q21,625690.6899519813,31620.520592424757,657311.2105444061,349678.62411360856,34967.86241136089,1.1
central,central,coolant_recovery,two,transition,Q22,695016.3289228294,37021.55568511684,732037.8846079462,403813.2487722873,40381.32487722876,1.1
central,central,coolant_recovery,two,transition,Q23,770789.260701814,46379.164224442386,817168.4249262563,466720.9311553304,46672.093115533076,1.1
central,central,coolant_recovery,two,transition,Q24,857719.369435968,55711.1821679177,913430.5516038857,539624.4450414325,53962.4445041433,1.1
central,central,combined_strategy,single,steady,Q01,24373.44,2302.56,26676.0,4001.3999999999996,800.2799999999997,1.2
central,central,combined_strategy,single,steady,Q02,52576.468113403345,4639.305715200001,57215.77382860335,9177.201375175577,1815.4898372629932,1.1978260869565216
central,central,combined_strategy,single,steady,Q03,60140.68872535825,4673.4914304,64814.18015575825,11660.452072416987,2281.3927967772365,1.1956521739130435
central,central,combined_strategy,single,steady,Q04,67253.58270003487,4640.416864868572,71893.99956490344,14330.350475519286,2772.611287654817,1.193478260869565
central,central,combined_strategy,single,steady,Q05,73093.57201687313,4470.891855634286,77564.46387250742,16968.28667131574,3246.1070153821415,1.191304347826087
central,central,combined_strategy,single,steady,Q06,77429.42312509181,4161.978336137144,81591.40146122895,19435.71616044313,3675.885447735982,1.1891304347826086
central,central,combined_strategy,single,steady,Q07,84166.08870496666,6492.312447161459,90658.40115212812,23425.679029648152,4379.583470760307,1.1869565217391305
central,central,combined_strategy,single,steady,Q08,93206.72401522961,8716.934171317454,101923.65818654707,28284.712898125115,5226.523035523117,1.184782608695652
central,central,combined_strategy,single,steady,Q09,122130.8513531452,8011.810427786275,130142.66178093148,38855.314458510715,7095.318292423698,1.182608695652174
central,central,combined_strategy,single,steady,Q10,154832.26692254824,7214.76330890804,162047.03023145627,51324.16293823101,9260.664182332985,1.1804347826086956
central,central,combined_strategy,single,steady,Q11,170567.23443111576,9502.469938007418,180069.70436912318,60580.34838530829,10799.10558172886,1.1782608695652173
central,central,combined_strategy,single,steady,Q12,190860.24403629795,11798.824877117697,202659.06891341566,72143.6000188158,12703.546959834955,1.1760869565217391
central,central,combined_strategy,single,steady,Q13,210195.30754665614,10941.52811474229,221136.83566139842,82985.50203989945,14432.26122433033,1.1739130434782608
central,central,combined_strategy,single,steady,Q14,229160.27904328838,13411.021427018093,242571.30047030648,95850.23703200235,16461.236359843882,1.1717391304347826
central,central,combined_strategy,single,steady,Q15,256604.61863320804,15707.06797761162,272311.68661081966,112911.60028679427,19145.880048630323,1.1695652173913043
central,central,combined_strategy,single,steady,Q16,286104.0274869955,17981.884786788065,304085.9122737836,132039.31287441708,22102.232807239387,1.1673913043478261
central,central,combined_strategy,single,steady,Q17,365672.77465859,20171.783671979574,385844.55833056953,175514.52384572604,28998.051765815595,1.1652173913043478
central,central,combined_strategy,single,steady,Q18,454207.47990899155,22310.551161133753,476518.0310701253,225550.28784669182,36774.50345326498,1.1630434782608696
central,central,combined_strategy,single,steady,Q19,504785.2778497712,27992.57715976871,532777.8550095399,262622.7720702731,42248.01115913088,1.1608695652173913
central,central,combined_strategy,single,steady,Q20,564287.0507457736,29805.146863429043,594092.1976092026,304436.2681231469,48312.71211519501,1.158695652173913
central,central,combined_strategy,single,steady,Q21,625690.6899519813,31620.520592424757,657311.2105444061,349678.62411360856,54732.306382999595,1.1565217391304348
central,central,combined_strategy,single,steady,Q22,695016.3289228294,37021.55568511684,732037.8846079462,403813.2487722873,62327.69709311386,1.1543478260869564
central,central,combined_strategy,single,steady,Q23,770789.260701814,46379.164224442386,817168.4249262563,466720.9311553304,71022.75039320246,1.1521739130434783
central,central,combined_strategy,single,steady,Q24,857719.369435968,55711.1821679177,913430.5516038857,539624.4450414325,80943.66675621484,1.15
central,central,combined_strategy,single,transition,Q01,24373.44,2302.56,26676.0,4001.3999999999996,800.2799999999997,1.2
central,central,combined_strategy,single,transition,Q02,52576.468113403345,4639.305715200001,57215.77382860335,9177.201375175577,1815.4898372629932,1.1978260869565216
central,central,combined_strategy,single,transition,Q03,60140.68872535825,4673.4914304,64814.18015575825,11660.452072416987,2281.3927967772365,1.1956521739130435
central,central,combined_strategy,single,transition,Q04,67253.58270003487,4640.416864868572,71893.99956490344,14330.350475519286,2772.611287654817,1.193478260869565
central,central,combined_strategy,single,transition,Q05,73093.57201687313,4470.891855634286,77564.46387250742,16968.28667131574,3246.1070153821415,1.191304347826087
central,central,combined_strategy,single,transition,Q06,77429.42312509181,4161.978336137144,81591.40146122895,19435.71616044313,3675.885447735982,1.1891304347826086
central,central,combined_strategy,single,transition,Q07,84166.08870496666,6492.312447161459,90658.40115212812,23425.679029648152,4379.583470760307,1.1869565217391305
central,central,combined_strategy,single,transition,Q08,93206.72401522961,8716.934171317454,101923.65818654707,28284.712898125115,5226.523035523117,1.184782608695652
central,central,combined_strategy,single,transition,Q09,122130.8513531452,8011.810427786275,130142.66178093148,38855.314458510715,7095.318292423698,1.182608695652174
central,central,combined_strategy,single,transition,Q10,154832.26692254824,7214.76330890804,162047.03023145627,51324.16293823101,9260.664182332985,1.1804347826086956
central,central,combined_strategy,single,transition,Q11,170567.23443111576,9502.469938007418,180069.70436912318,60580.34838530829,10799.10558172886,1.1782608695652173
central,central,combined_strategy,single,transition,Q12,190860.24403629795,11798.824877117697,202659.06891341566,72143.6000188158,12703.546959834955,1.1760869565217391
central,central,combined_strategy,single,transition,Q13,210195.30754665614,10941.52811474229,221136.83566139842,82985.50203989945,14432.26122433033,1.1739130434782608
central,central,combined_strategy,single,transition,Q14,229160.27904328838,13411.021427018093,242571.30047030648,95850.23703200235,16461.236359843882,1.1717391304347826
central,central,combined_strategy,single,transition,Q15,256604.61863320804,15707.06797761162,272311.68661081966,112911.60028679427,19145.880048630323,1.1695652173913043
central,central,combined_strategy,single,transition,Q16,286104.0274869955,17981.884786788065,304085.9122737836,132039.31287441708,22102.232807239387,1.1673913043478261
central,central,combined_strategy,single,transition,Q17,365672.77465859,20171.783671979574,385844.55833056953,175514.52384572604,28998.051765815595,1.1652173913043478
central,central,combined_strategy,single,transition,Q18,454207.47990899155,22310.551161133753,476518.0310701253,225550.28784669182,36774.50345326498,1.1630434782608696
central,central,combined_strategy,single,transition,Q19,504785.2778497712,27992.57715976871,532777.8550095399,262622.7720702731,42248.01115913088,1.1608695652173913
central,central,combined_strategy,single,transition,Q20,564287.0507457736,29805.146863429043,594092.1976092026,304436.2681231469,48312.71211519501,1.158695652173913
central,central,combined_strategy,single,transition,Q21,625690.6899519813,31620.520592424757,657311.2105444061,349678.62411360856,54732.306382999595,1.1565217391304348
central,central,combined_strategy,single,transition,Q22,695016.3289228294,37021.55568511684,732037.8846079462,403813.2487722873,62327.69709311386,1.1543478260869564
central,central,combined_strategy,single,transition,Q23,770789.260701814,46379.164224442386,817168.4249262563,466720.9311553304,71022.75039320246,1.1521739130434783
central,central,combined_strategy,single,transition,Q24,857719.369435968,55711.1821679177,913430.5516038857,539624.4450414325,80943.66675621484,1.15
central,central,combined_strategy,two,steady,Q01,24373.44,2302.56,26676.0,4001.3999999999996,400.1400000000003,1.1
central,central,combined_strategy,two,steady,Q02,52576.468113403345,4639.305715200001,57215.77382860335,9177.201375175577,907.7449186314986,1.098913043478261
central,central,combined_strategy,two,steady,Q03,60140.68872535825,4673.4914304,64814.18015575825,11660.452072416987,1140.6963983886183,1.0978260869565217
central,central,combined_strategy,two,steady,Q04,67253.58270003487,4640.416864868572,71893.99956490344,14330.350475519286,1386.30564382741,1.0967391304347827
central,central,combined_strategy,two,steady,Q05,73093.57201687313,4470.891855634286,77564.46387250742,16968.28667131574,1623.0535076910726,1.0956521739130436
central,central,combined_strategy,two,steady,Q06,77429.42312509181,4161.978336137144,81591.40146122895,19435.71616044313,1837.9427238679953,1.0945652173913045
central,central,combined_strategy,two,steady,Q07,84166.08870496666,6492.312447161459,90658.40115212812,23425.679029648152,2189.7917353801536,1.0934782608695652
central,central,combined_strategy,two,steady,Q08,93206.72401522961,8716.934171317454,101923.65818654707,28284.712898125115,2613.2615177615617,1.0923913043478262
central,central,combined_strategy,two,steady,Q09,122130.8513531452,8011.810427786275,130142.66178093148,38855.314458510715,3547.659146211853,1.091304347826087
central,central,combined_strategy,two,steady,Q10,154832.26692254824,7214.76330890804,162047.03023145627,51324.16293823101,4630.332091166492,1.0902173913043478
central,central,combined_strategy,two,steady,Q11,170567.23443111576,9502.469938007418,180069.70436912318,60580.34838530829,5399.552790864437,1.0891304347826087
central,central,combined_strategy,two,steady,Q12,190860.24403629795,11798.824877117697,202659.06891341566,72143.6000188158,6351.773479917486,1.0880434782608697
central,central,combined_strategy,two,steady,Q13,210195.30754665614,10941.52811474229,221136.83566139842,82985.50203989945,7216.130612165183,1.0869565217391306
central,central,combined_strategy,two,steady,Q14,229160.27904328838,13411.021427018093,242571.30047030648,95850.23703200235,8230.618179921941,1.0858695652173913
central,central,combined_strategy,two,steady,Q15,256604.61863320804,15707.06797761162,272311.68661081966,112911.60028679427,9572.940024315174,1.0847826086956522
central,central,combined_strategy,two,steady,Q16,286104.0274869955,17981.884786788065,304085.9122737836,132039.31287441708,11051.116403619708,1.0836956521739132
central,central,combined_strategy,two,steady,Q17,365672.77465859,20171.783671979574,385844.55833056953,175514.52384572604,14499.025882907838,1.082608695652174
central,central,combined_strategy,two,steady,Q18,454207.47990899155,22310.551161133753,476518.0310701253,225550.28784669182,18387.25172663249,1.0815217391304348
central,central,combined_strategy,two,steady,Q19,504785.2778497712,27992.57715976871,532777.8550095399,262622.7720702731,21124.00557956547,1.0804347826086957
central,central,combined_strategy,two,steady,Q20,564287.0507457736,29805.146863429043,594092.1976092026,304436.2681231469,24156.35605759757,1.0793478260869567
central,central,combined_strategy,two,steady,Q21,625690.6899519813,31620.520592424757,657311.2105444061,349678.62411360856,27366.153191499798,1.0782608695652174
central,central,combined_strategy,two,steady,Q22,695016.3289228294,37021.55568511684,732037.8846079462,403813.2487722873,31163.848546556976,1.0771739130434783
central,central,combined_strategy,two,steady,Q23,770789.260701814,46379.164224442386,817168.4249262563,466720.9311553304,35511.37519660128,1.0760869565217392
central,central,combined_strategy,two,steady,Q24,857719.369435968,55711.1821679177,913430.5516038857,539624.4450414325,40471.833378107534,1.0750000000000002
central,central,combined_strategy,two,transition,Q01,24373.44,2302.56,26676.0,4001.3999999999996,400.1400000000003,1.1
central,central,combined_strategy,two,transition,Q02,52576.468113403345,4639.305715200001,57215.77382860335,9177.201375175577,907.7449186314986,1.098913043478261
central,central,combined_strategy,two,transition,Q03,60140.68872535825,4673.4914304,64814.18015575825,11660.452072416987,1140.6963983886183,1.0978260869565217
central,central,combined_strategy,two,transition,Q04,67253.58270003487,4640.416864868572,71893.99956490344,14330.350475519286,1386.30564382741,1.0967391304347827
central,central,combined_strategy,two,transition,Q05,73093.57201687313,4470.891855634286,77564.46387250742,16968.28667131574,1623.0535076910726,1.0956521739130436
central,central,combined_strategy,two,transition,Q06,77429.42312509181,4161.978336137144,81591.40146122895,19435.71616044313,1837.9427238679953,1.0945652173913045
central,central,combined_strategy,two,transition,Q07,84166.08870496666,6492.312447161459,90658.40115212812,23425.679029648152,2189.7917353801536,1.0934782608695652
central,central,combined_strategy,two,transition,Q08,93206.72401522961,8716.934171317454,101923.65818654707,28284.712898125115,2613.2615177615617,1.0923913043478262
central,central,combined_strategy,two,transition,Q09,122130.8513531452,8011.810427786275,130142.66178093148,38855.314458510715,3547.659146211853,1.091304347826087
central,central,combined_strategy,two,transition,Q10,154832.26692254824,7214.76330890804,162047.03023145627,51324.16293823101,4630.332091166492,1.0902173913043478
central,central,combined_strategy,two,transition,Q11,170567.23443111576,9502.469938007418,180069.70436912318,60580.34838530829,5399.552790864437,1.0891304347826087
central,central,combined_strategy,two,transition,Q12,190860.24403629795,11798.824877117697,202659.06891341566,72143.6000188158,6351.773479917486,1.0880434782608697
central,central,combined_strategy,two,transition,Q13,210195.30754665614,10941.52811474229,221136.83566139842,82985.50203989945,7216.130612165183,1.0869565217391306
central,central,combined_strategy,two,transition,Q14,229160.27904328838,13411.021427018093,242571.30047030648,95850.23703200235,8230.618179921941,1.0858695652173913
central,central,combined_strategy,two,transition,Q15,256604.61863320804,15707.06797761162,272311.68661081966,112911.60028679427,9572.940024315174,1.0847826086956522
central,central,combined_strategy,two,transition,Q16,286104.0274869955,17981.884786788065,304085.9122737836,132039.31287441708,11051.116403619708,1.0836956521739132
central,central,combined_strategy,two,transition,Q17,365672.77465859,20171.783671979574,385844.55833056953,175514.52384572604,14499.025882907838,1.082608695652174
central,central,combined_strategy,two,transition,Q18,454207.47990899155,22310.551161133753,476518.0310701253,225550.28784669182,18387.25172663249,1.0815217391304348
central,central,combined_strategy,two,transition,Q19,504785.2778497712,27992.57715976871,532777.8550095399,262622.7720702731,21124.00557956547,1.0804347826086957
central,central,combined_strategy,two,transition,Q20,564287.0507457736,29805.146863429043,594092.1976092026,304436.2681231469,24156.35605759757,1.0793478260869567
central,central,combined_strategy,two,transition,Q21,625690.6899519813,31620.520592424757,657311.2105444061,349678.62411360856,27366.153191499798,1.0782608695652174
central,central,combined_strategy,two,transition,Q22,695016.3289228294,37021.55568511684,732037.8846079462,403813.2487722873,31163.848546556976,1.0771739130434783
central,central,combined_strategy,two,transition,Q23,770789.260701814,46379.164224442386,817168.4249262563,466720.9311553304,35511.37519660128,1.0760869565217392
central,central,combined_strategy,two,transition,Q24,857719.369435968,55711.1821679177,913430.5516038857,539624.4450414325,40471.833378107534,1.0750000000000002
central,high,baseline,single,steady,Q01,24373.44,2302.56,26676.0,5335.2,1067.0399999999997,1.2
central,high,baseline,single,steady,Q02,52576.468113403345,4639.305715200001,57215.77382860335,12302.37482390176,2460.4749647803515,1.2
central,high,baseline,single,steady,Q03,60140.68872535825,4673.4914304,64814.18015575825,15762.682911360895,3152.5365822721783,1.2
central,high,baseline,single,steady,Q04,67253.58270003487,4640.416864868572,71893.99956490344,19501.188246095964,3900.237649219192,1.2
central,high,baseline,single,steady,Q05,73093.57201687313,4470.891855634286,77564.46387250742,23216.97555754681,4643.395111509361,1.2
central,high,baseline,single,steady,Q06,77429.42312509181,4161.978336137144,81591.40146122895,26713.91958258815,5342.783916517629,1.2
central,high,baseline,single,steady,Q07,84166.08870496666,6492.312447161459,90658.40115212812,32326.120198948454,6465.224039789689,1.2
central,high,baseline,single,steady,Q08,93206.72401522961,8716.934171317454,101923.65818654707,39156.93871574327,7831.387743148653,1.2
central,high,baseline,single,steady,Q09,122130.8513531452,8011.810427786275,130142.66178093148,53955.23182251028,10791.046364502054,1.2
central,high,baseline,single,steady,Q10,154832.26692254824,7214.76330890804,162047.03023145627,71434.10172322862,14286.820344645721,1.2
central,high,baseline,single,steady,Q11,170567.23443111576,9502.469938007418,180069.70436912318,84503.84823274272,16900.76964654854,1.2
central,high,baseline,single,steady,Q12,190860.24403629795,11798.824877117697,202659.06891341566,100829.93125913962,20165.98625182792,1.2
central,high,baseline,single,steady,Q13,210195.30754665614,10941.52811474229,221136.83566139842,116182.32741312085,23236.465482624164,1.2
central,high,baseline,single,steady,Q14,229160.27904328838,13411.021427018093,242571.30047030648,134407.30188476734,26881.460376953462,1.2
central,high,baseline,single,steady,Q15,256604.61863320804,15707.06797761162,272311.68661081966,158555.91802499112,31711.183604998216,1.2
central,high,baseline,single,steady,Q16,286104.0274869955,17981.884786788065,304085.9122737836,185655.39078242573,37131.078156485135,1.2
central,high,baseline,single,steady,Q17,365672.77465859,20171.783671979574,385844.55833056953,247090.46483760764,49418.092967521516,1.2
central,high,baseline,single,steady,Q18,454207.47990899155,22310.551161133753,476518.0310701253,317853.01312958426,63570.602625916836,1.2
central,high,baseline,single,steady,Q19,504785.2778497712,27992.57715976871,532777.8550095399,370464.3797152732,74092.87594305462,1.2
central,high,baseline,single,steady,Q20,564287.0507457736,29805.146863429043,594092.1976092026,429840.0101094779,85968.00202189556,1.2
central,high,baseline,single,steady,Q21,625690.6899519813,31620.520592424757,657311.2105444061,494136.4061001302,98827.28122002601,1.2
central,high,baseline,single,steady,Q22,695016.3289228294,37021.55568511684,732037.8846079462,571084.8674163555,114216.97348327108,1.2
central,high,baseline,single,steady,Q23,770789.260701814,46379.164224442386,817168.4249262563,660532.4467112756,132106.48934225508,1.2
central,high,baseline,single,steady,Q24,857719.369435968,55711.1821679177,913430.5516038857,764233.4976130844,152846.69952261684,1.2
central,high,baseline,single,transition,Q01,24373.44,2302.56,26676.0,5335.2,1067.0399999999997,1.2
central,high,baseline,single,transition,Q02,52576.468113403345,4639.305715200001,57215.77382860335,12302.37482390176,2460.4749647803515,1.2
central,high,baseline,single,transition,Q03,60140.68872535825,4673.4914304,64814.18015575825,15762.682911360895,3152.5365822721783,1.2
central,high,baseline,single,transition,Q04,67253.58270003487,4640.416864868572,71893.99956490344,19501.188246095964,3900.237649219192,1.2
central,high,baseline,single,transition,Q05,73093.57201687313,4470.891855634286,77564.46387250742,23216.97555754681,4643.395111509361,1.2
central,high,baseline,single,transition,Q06,77429.42312509181,4161.978336137144,81591.40146122895,26713.91958258815,5342.783916517629,1.2
central,high,baseline,single,transition,Q07,84166.08870496666,6492.312447161459,90658.40115212812,32326.120198948454,6465.224039789689,1.2
central,high,baseline,single,transition,Q08,93206.72401522961,8716.934171317454,101923.65818654707,39156.93871574327,7831.387743148653,1.2
central,high,baseline,single,transition,Q09,122130.8513531452,8011.810427786275,130142.66178093148,53955.23182251028,10791.046364502054,1.2
central,high,baseline,single,transition,Q10,154832.26692254824,7214.76330890804,162047.03023145627,71434.10172322862,14286.820344645721,1.2
central,high,baseline,single,transition,Q11,170567.23443111576,9502.469938007418,180069.70436912318,84503.84823274272,16900.76964654854,1.2
central,high,baseline,single,transition,Q12,190860.24403629795,11798.824877117697,202659.06891341566,100829.93125913962,20165.98625182792,1.2
central,high,baseline,single,transition,Q13,210195.30754665614,10941.52811474229,221136.83566139842,116182.32741312085,23236.465482624164,1.2
central,high,baseline,single,transition,Q14,229160.27904328838,13411.021427018093,242571.30047030648,134407.30188476734,26881.460376953462,1.2
central,high,baseline,single,transition,Q15,256604.61863320804,15707.06797761162,272311.68661081966,158555.91802499112,31711.183604998216,1.2
central,high,baseline,single,transition,Q16,286104.0274869955,17981.884786788065,304085.9122737836,185655.39078242573,37131.078156485135,1.2
central,high,baseline,single,transition,Q17,365672.77465859,20171.783671979574,385844.55833056953,247090.46483760764,49418.092967521516,1.2
central,high,baseline,single,transition,Q18,454207.47990899155,22310.551161133753,476518.0310701253,317853.01312958426,63570.602625916836,1.2
central,high,baseline,single,transition,Q19,504785.2778497712,27992.57715976871,532777.8550095399,370464.3797152732,74092.87594305462,1.2
central,high,baseline,single,transition,Q20,564287.0507457736,29805.146863429043,594092.1976092026,429840.0101094779,85968.00202189556,1.2
central,high,baseline,single,transition,Q21,625690.6899519813,31620.520592424757,657311.2105444061,494136.4061001302,98827.28122002601,1.2
central,high,baseline,single,transition,Q22,695016.3289228294,37021.55568511684,732037.8846079462,571084.8674163555,114216.97348327108,1.2
central,high,baseline,single,transition,Q23,770789.260701814,46379.164224442386,817168.4249262563,660532.4467112756,132106.48934225508,1.2
central,high,baseline,single,transition,Q24,857719.369435968,55711.1821679177,913430.5516038857,764233.4976130844,152846.69952261684,1.2
central,high,baseline,two,steady,Q01,24373.44,2302.56,26676.0,5335.2,533.5200000000004,1.1
central,high,baseline,two,steady,Q02,52576.468113403345,4639.305715200001,57215.77382860335,12302.37482390176,1230.237482390177,1.1
central,high,baseline,two,steady,Q03,60140.68872535825,4673.4914304,64814.18015575825,15762.682911360895,1576.268291136091,1.1
central,high,baseline,two,steady,Q04,67253.58270003487,4640.416864868572,71893.99956490344,19501.188246095964,1950.118824609598,1.1
central,high,baseline,two,steady,Q05,73093.57201687313,4470.891855634286,77564.46387250742,23216.97555754681,2321.6975557546834,1.1
central,high,baseline,two,steady,Q06,77429.42312509181,4161.978336137144,81591.40146122895,26713.91958258815,2671.3919582588173,1.1
central,high,baseline,two,steady,Q07,84166.08870496666,6492.312447161459,90658.40115212812,32326.120198948454,3232.6120198948483,1.1
central,high,baseline,two,steady,Q08,93206.72401522961,8716.934171317454,101923.65818654707,39156.93871574327,3915.693871574331,1.1
central,high,baseline,two,steady,Q09,122130.8513531452,8011.810427786275,130142.66178093148,53955.23182251028,5395.523182251032,1.1
central,high,baseline,two,steady,Q10,154832.26692254824,7214.76330890804,162047.03023145627,71434.10172322862,7143.410172322869,1.1
central,high,baseline,two,steady,Q11,170567.23443111576,9502.469938007418,180069.70436912318,84503.84823274272,8450.38482327428,1.1
central,high,baseline,two,steady,Q12,190860.24403629795,11798.824877117697,202659.06891341566,100829.93125913962,10082.99312591397,1.1
central,high,baseline,two,steady,Q13,210195.30754665614,10941.52811474229,221136.83566139842,116182.32741312085,11618.232741312095,1.1
central,high,baseline,two,steady,Q14,229160.27904328838,13411.021427018093,242571.30047030648,134407.30188476734,13440.730188476746,1.1
central,high,baseline,two,steady,Q15,256604.61863320804,15707.06797761162,272311.68661081966,158555.91802499112,15855.591802499126,1.1
central,high,baseline,two,steady,Q16,286104.0274869955,17981.884786788065,304085.9122737836,185655.39078242573,18565.53907824259,1.1
central,high,baseline,two,steady,Q17,365672.77465859,20171.783671979574,385844.55833056953,247090.46483760764,24709.046483760787,1.1
central,high,baseline,two,steady,Q18,454207.47990899155,22310.551161133753,476518.0310701253,317853.01312958426,31785.301312958454,1.1
central,high,baseline,two,steady,Q19,504785.2778497712,27992.57715976871,532777.8550095399,370464.3797152732,37046.43797152735,1.1
central,high,baseline,two,steady,Q20,564287.0507457736,29805.146863429043,594092.1976092026,429840.0101094779,42984.00101094783,1.1
central,high,baseline,two,steady,Q21,625690.6899519813,31620.520592424757,657311.2105444061,494136.4061001302,49413.64061001306,1.1
central,high,baseline,two,steady,Q22,695016.3289228294,37021.55568511684,732037.8846079462,571084.8674163555,57108.48674163561,1.1
central,high,baseline,two,steady,Q23,770789.260701814,46379.164224442386,817168.4249262563,660532.4467112756,66053.24467112761,1.1
central,high,baseline,two,steady,Q24,857719.369435968,55711.1821679177,913430.5516038857,764233.4976130844,76423.3497613085,1.1
central,high,baseline,two,transition,Q01,24373.44,2302.56,26676.0,5335.2,533.5200000000004,1.1
central,high,baseline,two,transition,Q02,52576.468113403345,4639.305715200001,57215.77382860335,12302.37482390176,1230.237482390177,1.1
central,high,baseline,two,transition,Q03,60140.68872535825,4673.4914304,64814.18015575825,15762.682911360895,1576.268291136091,1.1
central,high,baseline,two,transition,Q04,67253.58270003487,4640.416864868572,71893.99956490344,19501.188246095964,1950.118824609598,1.1
central,high,baseline,two,transition,Q05,73093.57201687313,4470.891855634286,77564.46387250742,23216.97555754681,2321.6975557546834,1.1
central,high,baseline,two,transition,Q06,77429.42312509181,4161.978336137144,81591.40146122895,26713.91958258815,2671.3919582588173,1.1
central,high,baseline,two,transition,Q07,84166.08870496666,6492.312447161459,90658.40115212812,32326.120198948454,3232.6120198948483,1.1
central,high,baseline,two,transition,Q08,93206.72401522961,8716.934171317454,101923.65818654707,39156.93871574327,3915.693871574331,1.1
central,high,baseline,two,transition,Q09,122130.8513531452,8011.810427786275,130142.66178093148,53955.23182251028,5395.523182251032,1.1
central,high,baseline,two,transition,Q10,154832.26692254824,7214.76330890804,162047.03023145627,71434.10172322862,7143.410172322869,1.1
central,high,baseline,two,transition,Q11,170567.23443111576,9502.469938007418,180069.70436912318,84503.84823274272,8450.38482327428,1.1
central,high,baseline,two,transition,Q12,190860.24403629795,11798.824877117697,202659.06891341566,100829.93125913962,10082.99312591397,1.1
central,high,baseline,two,transition,Q13,210195.30754665614,10941.52811474229,221136.83566139842,116182.32741312085,11618.232741312095,1.1
central,high,baseline,two,transition,Q14,229160.27904328838,13411.021427018093,242571.30047030648,134407.30188476734,13440.730188476746,1.1
central,high,baseline,two,transition,Q15,256604.61863320804,15707.06797761162,272311.68661081966,158555.91802499112,15855.591802499126,1.1
central,high,baseline,two,transition,Q16,286104.0274869955,17981.884786788065,304085.9122737836,185655.39078242573,18565.53907824259,1.1
central,high,baseline,two,transition,Q17,365672.77465859,20171.783671979574,385844.55833056953,247090.46483760764,24709.046483760787,1.1
central,high,baseline,two,transition,Q18,454207.47990899155,22310.551161133753,476518.0310701253,317853.01312958426,31785.301312958454,1.1
central,high,baseline,two,transition,Q19,504785.2778497712,27992.57715976871,532777.8550095399,370464.3797152732,37046.43797152735,1.1
central,high,baseline,two,transition,Q20,564287.0507457736,29805.146863429043,594092.1976092026,429840.0101094779,42984.00101094783,1.1
central,high,baseline,two,transition,Q21,625690.6899519813,31620.520592424757,657311.2105444061,494136.4061001302,49413.64061001306,1.1
central,high,baseline,two,transition,Q22,695016.3289228294,37021.55568511684,732037.8846079462,571084.8674163555,57108.48674163561,1.1
central,high,baseline,two,transition,Q23,770789.260701814,46379.164224442386,817168.4249262563,660532.4467112756,66053.24467112761,1.1
central,high,baseline,two,transition,Q24,857719.369435968,55711.1821679177,913430.5516038857,764233.4976130844,76423.3497613085,1.1
central,high,improved_pue,single,steady,Q01,24373.44,2302.56,26676.0,5335.2,1067.0399999999997,1.2
central,high,improved_pue,single,steady,Q02,52576.468113403345,4639.305715200001,57215.77382860335,12302.37482390176,2433.7306716849116,1.1978260869565216
central,high,improved_pue,single,steady,Q03,60140.68872535825,4673.4914304,64814.18015575825,15762.682911360895,3084.00317830974,1.1956521739130435
central,high,improved_pue,single,steady,Q04,67253.58270003487,4640.416864868572,71893.99956490344,19501.188246095964,3773.055986744652,1.193478260869565
central,high,improved_pue,single,steady,Q05,73093.57201687313,4470.891855634286,77564.46387250742,23216.97555754681,4441.508367530694,1.191304347826087
central,high,improved_pue,single,steady,Q06,77429.42312509181,4161.978336137144,81591.40146122895,26713.91958258815,5052.415225402539,1.1891304347826086
central,high,improved_pue,single,steady,Q07,84166.08870496666,6492.312447161459,90658.40115212812,32326.120198948454,6043.578993716451,1.1869565217391305
central,high,improved_pue,single,steady,Q08,93206.72401522961,8716.934171317454,101923.65818654707,39156.93871574327,7235.521284430819,1.184782608695652
central,high,improved_pue,single,steady,Q09,122130.8513531452,8011.810427786275,130142.66178093148,53955.23182251028,9852.694506719272,1.182608695652174
central,high,improved_pue,single,steady,Q10,154832.26692254824,7214.76330890804,162047.03023145627,71434.10172322862,12889.196615278206,1.1804347826086956
central,high,improved_pue,single,steady,Q11,170567.23443111576,9502.469938007418,180069.70436912318,84503.84823274272,15063.729467575864,1.1782608695652173
central,high,improved_pue,single,steady,Q12,190860.24403629795,11798.824877117697,202659.06891341566,100829.93125913962,17754.83572171806,1.1760869565217391
central,high,improved_pue,single,steady,Q13,210195.30754665614,10941.52811474229,221136.83566139842,116182.32741312085,20205.622158803613,1.1739130434782608
central,high,improved_pue,single,steady,Q14,229160.27904328838,13411.021427018093,242571.30047030648,134407.30188476734,23082.993149775262,1.1717391304347826
central,high,improved_pue,single,steady,Q15,256604.61863320804,15707.06797761162,272311.68661081966,158555.91802499112,26885.568708585437,1.1695652173913043
central,high,improved_pue,single,steady,Q16,286104.0274869955,17981.884786788065,304085.9122737836,185655.39078242573,31077.09802227562,1.1673913043478261
central,high,improved_pue,single,steady,Q17,365672.77465859,20171.783671979574,385844.55833056953,247090.46483760764,40823.6420166482,1.1652173913043478
central,high,improved_pue,single,steady,Q18,454207.47990899155,22310.551161133753,476518.0310701253,317853.01312958426,51823.86083634528,1.1630434782608696
central,high,improved_pue,single,steady,Q19,504785.2778497712,27992.57715976871,532777.8550095399,370464.3797152732,59596.443693326546,1.1608695652173913
central,high,improved_pue,single,steady,Q20,564287.0507457736,29805.146863429043,594092.1976092026,429840.0101094779,68213.74073476491,1.158695652173913
central,high,improved_pue,single,steady,Q21,625690.6899519813,31620.520592424757,657311.2105444061,494136.4061001302,77343.08965045515,1.1565217391304348
central,high,improved_pue,single,steady,Q22,695016.3289228294,37021.55568511684,732037.8846079462,571084.8674163555,88145.7077968722,1.1543478260869564
central,high,improved_pue,single,steady,Q23,770789.260701814,46379.164224442386,817168.4249262563,660532.4467112756,100515.8071082376,1.1521739130434783
central,high,improved_pue,single,steady,Q24,857719.369435968,55711.1821679177,913430.5516038857,764233.4976130844,114635.02464196259,1.15
central,high,improved_pue,single,transition,Q01,24373.44,2302.56,26676.0,5335.2,1067.0399999999997,1.2
central,high,improved_pue,single,transition,Q02,52576.468113403345,4639.305715200001,57215.77382860335,12302.37482390176,2433.7306716849116,1.1978260869565216
central,high,improved_pue,single,transition,Q03,60140.68872535825,4673.4914304,64814.18015575825,15762.682911360895,3084.00317830974,1.1956521739130435
central,high,improved_pue,single,transition,Q04,67253.58270003487,4640.416864868572,71893.99956490344,19501.188246095964,3773.055986744652,1.193478260869565
central,high,improved_pue,single,transition,Q05,73093.57201687313,4470.891855634286,77564.46387250742,23216.97555754681,4441.508367530694,1.191304347826087
central,high,improved_pue,single,transition,Q06,77429.42312509181,4161.978336137144,81591.40146122895,26713.91958258815,5052.415225402539,1.1891304347826086
central,high,improved_pue,single,transition,Q07,84166.08870496666,6492.312447161459,90658.40115212812,32326.120198948454,6043.578993716451,1.1869565217391305
central,high,improved_pue,single,transition,Q08,93206.72401522961,8716.934171317454,101923.65818654707,39156.93871574327,7235.521284430819,1.184782608695652
central,high,improved_pue,single,transition,Q09,122130.8513531452,8011.810427786275,130142.66178093148,53955.23182251028,9852.694506719272,1.182608695652174
central,high,improved_pue,single,transition,Q10,154832.26692254824,7214.76330890804,162047.03023145627,71434.10172322862,12889.196615278206,1.1804347826086956
central,high,improved_pue,single,transition,Q11,170567.23443111576,9502.469938007418,180069.70436912318,84503.84823274272,15063.729467575864,1.1782608695652173
central,high,improved_pue,single,transition,Q12,190860.24403629795,11798.824877117697,202659.06891341566,100829.93125913962,17754.83572171806,1.1760869565217391
central,high,improved_pue,single,transition,Q13,210195.30754665614,10941.52811474229,221136.83566139842,116182.32741312085,20205.622158803613,1.1739130434782608
central,high,improved_pue,single,transition,Q14,229160.27904328838,13411.021427018093,242571.30047030648,134407.30188476734,23082.993149775262,1.1717391304347826
central,high,improved_pue,single,transition,Q15,256604.61863320804,15707.06797761162,272311.68661081966,158555.91802499112,26885.568708585437,1.1695652173913043
central,high,improved_pue,single,transition,Q16,286104.0274869955,17981.884786788065,304085.9122737836,185655.39078242573,31077.09802227562,1.1673913043478261
central,high,improved_pue,single,transition,Q17,365672.77465859,20171.783671979574,385844.55833056953,247090.46483760764,40823.6420166482,1.1652173913043478
central,high,improved_pue,single,transition,Q18,454207.47990899155,22310.551161133753,476518.0310701253,317853.01312958426,51823.86083634528,1.1630434782608696
central,high,improved_pue,single,transition,Q19,504785.2778497712,27992.57715976871,532777.8550095399,370464.3797152732,59596.443693326546,1.1608695652173913
central,high,improved_pue,single,transition,Q20,564287.0507457736,29805.146863429043,594092.1976092026,429840.0101094779,68213.74073476491,1.158695652173913
central,high,improved_pue,single,transition,Q21,625690.6899519813,31620.520592424757,657311.2105444061,494136.4061001302,77343.08965045515,1.1565217391304348
central,high,improved_pue,single,transition,Q22,695016.3289228294,37021.55568511684,732037.8846079462,571084.8674163555,88145.7077968722,1.1543478260869564
central,high,improved_pue,single,transition,Q23,770789.260701814,46379.164224442386,817168.4249262563,660532.4467112756,100515.8071082376,1.1521739130434783
central,high,improved_pue,single,transition,Q24,857719.369435968,55711.1821679177,913430.5516038857,764233.4976130844,114635.02464196259,1.15
central,high,improved_pue,two,steady,Q01,24373.44,2302.56,26676.0,5335.2,533.5200000000004,1.1
central,high,improved_pue,two,steady,Q02,52576.468113403345,4639.305715200001,57215.77382860335,12302.37482390176,1216.8653358424585,1.098913043478261
central,high,improved_pue,two,steady,Q03,60140.68872535825,4673.4914304,64814.18015575825,15762.682911360895,1542.00158915487,1.0978260869565217
central,high,improved_pue,two,steady,Q04,67253.58270003487,4640.416864868572,71893.99956490344,19501.188246095964,1886.527993372328,1.0967391304347827
central,high,improved_pue,two,steady,Q05,73093.57201687313,4470.891855634286,77564.46387250742,23216.97555754681,2220.75418376535,1.0956521739130436
central,high,improved_pue,two,steady,Q06,77429.42312509181,4161.978336137144,81591.40146122895,26713.91958258815,2526.2076127012756,1.0945652173913045
central,high,improved_pue,two,steady,Q07,84166.08870496666,6492.312447161459,90658.40115212812,32326.120198948454,3021.7894968582254,1.0934782608695652
central,high,improved_pue,two,steady,Q08,93206.72401522961,8716.934171317454,101923.65818654707,39156.93871574327,3617.760642215414,1.0923913043478262
central,high,improved_pue,two,steady,Q09,122130.8513531452,8011.810427786275,130142.66178093148,53955.23182251028,4926.347253359641,1.091304347826087
central,high,improved_pue,two,steady,Q10,154832.26692254824,7214.76330890804,162047.03023145627,71434.10172322862,6444.598307639103,1.0902173913043478
central,high,improved_pue,two,steady,Q11,170567.23443111576,9502.469938007418,180069.70436912318,84503.84823274272,7531.864733787941,1.0891304347826087
central,high,improved_pue,two,steady,Q12,190860.24403629795,11798.824877117697,202659.06891341566,100829.93125913962,8877.417860859041,1.0880434782608697
central,high,improved_pue,two,steady,Q13,210195.30754665614,10941.52811474229,221136.83566139842,116182.32741312085,10102.811079401832,1.0869565217391306
central,high,improved_pue,two,steady,Q14,229160.27904328838,13411.021427018093,242571.30047030648,134407.30188476734,11541.496574887631,1.0858695652173913
central,high,improved_pue,two,steady,Q15,256604.61863320804,15707.06797761162,272311.68661081966,158555.91802499112,13442.784354292735,1.0847826086956522
central,high,improved_pue,two,steady,Q16,286104.0274869955,17981.884786788065,304085.9122737836,185655.39078242573,15538.54901113783,1.0836956521739132
central,high,improved_pue,two,steady,Q17,365672.77465859,20171.783671979574,385844.55833056953,247090.46483760764,20411.821008324157,1.082608695652174
central,high,improved_pue,two,steady,Q18,454207.47990899155,22310.551161133753,476518.0310701253,317853.01312958426,25911.93041817264,1.0815217391304348
central,high,improved_pue,two,steady,Q19,504785.2778497712,27992.57715976871,532777.8550095399,370464.3797152732,29798.221846663313,1.0804347826086957
central,high,improved_pue,two,steady,Q20,564287.0507457736,29805.146863429043,594092.1976092026,429840.0101094779,34106.87036738255,1.0793478260869567
central,high,improved_pue,two,steady,Q21,625690.6899519813,31620.520592424757,657311.2105444061,494136.4061001302,38671.544825227575,1.0782608695652174
central,high,improved_pue,two,steady,Q22,695016.3289228294,37021.55568511684,732037.8846079462,571084.8674163555,44072.853898436166,1.0771739130434783
central,high,improved_pue,two,steady,Q23,770789.260701814,46379.164224442386,817168.4249262563,660532.4467112756,50257.90355411887,1.0760869565217392
central,high,improved_pue,two,steady,Q24,857719.369435968,55711.1821679177,913430.5516038857,764233.4976130844,57317.51232098146,1.0750000000000002
central,high,improved_pue,two,transition,Q01,24373.44,2302.56,26676.0,5335.2,533.5200000000004,1.1
central,high,improved_pue,two,transition,Q02,52576.468113403345,4639.305715200001,57215.77382860335,12302.37482390176,1216.8653358424585,1.098913043478261
central,high,improved_pue,two,transition,Q03,60140.68872535825,4673.4914304,64814.18015575825,15762.682911360895,1542.00158915487,1.0978260869565217
central,high,improved_pue,two,transition,Q04,67253.58270003487,4640.416864868572,71893.99956490344,19501.188246095964,1886.527993372328,1.0967391304347827
central,high,improved_pue,two,transition,Q05,73093.57201687313,4470.891855634286,77564.46387250742,23216.97555754681,2220.75418376535,1.0956521739130436
central,high,improved_pue,two,transition,Q06,77429.42312509181,4161.978336137144,81591.40146122895,26713.91958258815,2526.2076127012756,1.0945652173913045
central,high,improved_pue,two,transition,Q07,84166.08870496666,6492.312447161459,90658.40115212812,32326.120198948454,3021.7894968582254,1.0934782608695652
central,high,improved_pue,two,transition,Q08,93206.72401522961,8716.934171317454,101923.65818654707,39156.93871574327,3617.760642215414,1.0923913043478262
central,high,improved_pue,two,transition,Q09,122130.8513531452,8011.810427786275,130142.66178093148,53955.23182251028,4926.347253359641,1.091304347826087
central,high,improved_pue,two,transition,Q10,154832.26692254824,7214.76330890804,162047.03023145627,71434.10172322862,6444.598307639103,1.0902173913043478
central,high,improved_pue,two,transition,Q11,170567.23443111576,9502.469938007418,180069.70436912318,84503.84823274272,7531.864733787941,1.0891304347826087
central,high,improved_pue,two,transition,Q12,190860.24403629795,11798.824877117697,202659.06891341566,100829.93125913962,8877.417860859041,1.0880434782608697
central,high,improved_pue,two,transition,Q13,210195.30754665614,10941.52811474229,221136.83566139842,116182.32741312085,10102.811079401832,1.0869565217391306
central,high,improved_pue,two,transition,Q14,229160.27904328838,13411.021427018093,242571.30047030648,134407.30188476734,11541.496574887631,1.0858695652173913
central,high,improved_pue,two,transition,Q15,256604.61863320804,15707.06797761162,272311.68661081966,158555.91802499112,13442.784354292735,1.0847826086956522
central,high,improved_pue,two,transition,Q16,286104.0274869955,17981.884786788065,304085.9122737836,185655.39078242573,15538.54901113783,1.0836956521739132
central,high,improved_pue,two,transition,Q17,365672.77465859,20171.783671979574,385844.55833056953,247090.46483760764,20411.821008324157,1.082608695652174
central,high,improved_pue,two,transition,Q18,454207.47990899155,22310.551161133753,476518.0310701253,317853.01312958426,25911.93041817264,1.0815217391304348
central,high,improved_pue,two,transition,Q19,504785.2778497712,27992.57715976871,532777.8550095399,370464.3797152732,29798.221846663313,1.0804347826086957
central,high,improved_pue,two,transition,Q20,564287.0507457736,29805.146863429043,594092.1976092026,429840.0101094779,34106.87036738255,1.0793478260869567
central,high,improved_pue,two,transition,Q21,625690.6899519813,31620.520592424757,657311.2105444061,494136.4061001302,38671.544825227575,1.0782608695652174
central,high,improved_pue,two,transition,Q22,695016.3289228294,37021.55568511684,732037.8846079462,571084.8674163555,44072.853898436166,1.0771739130434783
central,high,improved_pue,two,transition,Q23,770789.260701814,46379.164224442386,817168.4249262563,660532.4467112756,50257.90355411887,1.0760869565217392
central,high,improved_pue,two,transition,Q24,857719.369435968,55711.1821679177,913430.5516038857,764233.4976130844,57317.51232098146,1.0750000000000002
central,high,advanced_coolant,single,steady,Q01,24373.44,2302.56,26676.0,5335.2,1067.0399999999997,1.2
central,high,advanced_coolant,single,steady,Q02,52576.468113403345,4639.305715200001,57215.77382860335,12302.37482390176,2460.4749647803515,1.2
central,high,advanced_coolant,single,steady,Q03,60140.68872535825,4673.4914304,64814.18015575825,15762.682911360895,3152.5365822721783,1.2
central,high,advanced_coolant,single,steady,Q04,67253.58270003487,4640.416864868572,71893.99956490344,19501.188246095964,3900.237649219192,1.2
central,high,advanced_coolant,single,steady,Q05,73093.57201687313,4470.891855634286,77564.46387250742,23216.97555754681,4643.395111509361,1.2
central,high,advanced_coolant,single,steady,Q06,77429.42312509181,4161.978336137144,81591.40146122895,26713.91958258815,5342.783916517629,1.2
central,high,advanced_coolant,single,steady,Q07,84166.08870496666,6492.312447161459,90658.40115212812,32326.120198948454,6465.224039789689,1.2
central,high,advanced_coolant,single,steady,Q08,93206.72401522961,8716.934171317454,101923.65818654707,39156.93871574327,7831.387743148653,1.2
central,high,advanced_coolant,single,steady,Q09,122130.8513531452,8011.810427786275,130142.66178093148,53955.23182251028,10791.046364502054,1.2
central,high,advanced_coolant,single,steady,Q10,154832.26692254824,7214.76330890804,162047.03023145627,71434.10172322862,14286.820344645721,1.2
central,high,advanced_coolant,single,steady,Q11,170567.23443111576,9502.469938007418,180069.70436912318,84503.84823274272,16900.76964654854,1.2
central,high,advanced_coolant,single,steady,Q12,190860.24403629795,11798.824877117697,202659.06891341566,100829.93125913962,20165.98625182792,1.2
central,high,advanced_coolant,single,steady,Q13,210195.30754665614,10941.52811474229,221136.83566139842,116182.32741312085,23236.465482624164,1.2
central,high,advanced_coolant,single,steady,Q14,229160.27904328838,13411.021427018093,242571.30047030648,134407.30188476734,26881.460376953462,1.2
central,high,advanced_coolant,single,steady,Q15,256604.61863320804,15707.06797761162,272311.68661081966,158555.91802499112,31711.183604998216,1.2
central,high,advanced_coolant,single,steady,Q16,286104.0274869955,17981.884786788065,304085.9122737836,185655.39078242573,37131.078156485135,1.2
central,high,advanced_coolant,single,steady,Q17,365672.77465859,20171.783671979574,385844.55833056953,247090.46483760764,49418.092967521516,1.2
central,high,advanced_coolant,single,steady,Q18,454207.47990899155,22310.551161133753,476518.0310701253,317853.01312958426,63570.602625916836,1.2
central,high,advanced_coolant,single,steady,Q19,504785.2778497712,27992.57715976871,532777.8550095399,370464.3797152732,74092.87594305462,1.2
central,high,advanced_coolant,single,steady,Q20,564287.0507457736,29805.146863429043,594092.1976092026,429840.0101094779,85968.00202189556,1.2
central,high,advanced_coolant,single,steady,Q21,625690.6899519813,31620.520592424757,657311.2105444061,494136.4061001302,98827.28122002601,1.2
central,high,advanced_coolant,single,steady,Q22,695016.3289228294,37021.55568511684,732037.8846079462,571084.8674163555,114216.97348327108,1.2
central,high,advanced_coolant,single,steady,Q23,770789.260701814,46379.164224442386,817168.4249262563,660532.4467112756,132106.48934225508,1.2
central,high,advanced_coolant,single,steady,Q24,857719.369435968,55711.1821679177,913430.5516038857,764233.4976130844,152846.69952261684,1.2
central,high,advanced_coolant,single,transition,Q01,24373.44,2302.56,26676.0,5335.2,1067.0399999999997,1.2
central,high,advanced_coolant,single,transition,Q02,52576.468113403345,4639.305715200001,57215.77382860335,12302.37482390176,2460.4749647803515,1.2
central,high,advanced_coolant,single,transition,Q03,60140.68872535825,4673.4914304,64814.18015575825,15762.682911360895,3152.5365822721783,1.2
central,high,advanced_coolant,single,transition,Q04,67253.58270003487,4640.416864868572,71893.99956490344,19501.188246095964,3900.237649219192,1.2
central,high,advanced_coolant,single,transition,Q05,73093.57201687313,4470.891855634286,77564.46387250742,23216.97555754681,4643.395111509361,1.2
central,high,advanced_coolant,single,transition,Q06,77429.42312509181,4161.978336137144,81591.40146122895,26713.91958258815,5342.783916517629,1.2
central,high,advanced_coolant,single,transition,Q07,84166.08870496666,6492.312447161459,90658.40115212812,32326.120198948454,6465.224039789689,1.2
central,high,advanced_coolant,single,transition,Q08,93206.72401522961,8716.934171317454,101923.65818654707,39156.93871574327,7831.387743148653,1.2
central,high,advanced_coolant,single,transition,Q09,122130.8513531452,8011.810427786275,130142.66178093148,53955.23182251028,10791.046364502054,1.2
central,high,advanced_coolant,single,transition,Q10,154832.26692254824,7214.76330890804,162047.03023145627,71434.10172322862,14286.820344645721,1.2
central,high,advanced_coolant,single,transition,Q11,170567.23443111576,9502.469938007418,180069.70436912318,84503.84823274272,16900.76964654854,1.2
central,high,advanced_coolant,single,transition,Q12,190860.24403629795,11798.824877117697,202659.06891341566,100829.93125913962,20165.98625182792,1.2
central,high,advanced_coolant,single,transition,Q13,210195.30754665614,10941.52811474229,221136.83566139842,116182.32741312085,23236.465482624164,1.2
central,high,advanced_coolant,single,transition,Q14,229160.27904328838,13411.021427018093,242571.30047030648,134407.30188476734,26881.460376953462,1.2
central,high,advanced_coolant,single,transition,Q15,256604.61863320804,15707.06797761162,272311.68661081966,158555.91802499112,31711.183604998216,1.2
central,high,advanced_coolant,single,transition,Q16,286104.0274869955,17981.884786788065,304085.9122737836,185655.39078242573,37131.078156485135,1.2
central,high,advanced_coolant,single,transition,Q17,365672.77465859,20171.783671979574,385844.55833056953,247090.46483760764,49418.092967521516,1.2
central,high,advanced_coolant,single,transition,Q18,454207.47990899155,22310.551161133753,476518.0310701253,317853.01312958426,63570.602625916836,1.2
central,high,advanced_coolant,single,transition,Q19,504785.2778497712,27992.57715976871,532777.8550095399,370464.3797152732,74092.87594305462,1.2
central,high,advanced_coolant,single,transition,Q20,564287.0507457736,29805.146863429043,594092.1976092026,429840.0101094779,85968.00202189556,1.2
central,high,advanced_coolant,single,transition,Q21,625690.6899519813,31620.520592424757,657311.2105444061,494136.4061001302,98827.28122002601,1.2
central,high,advanced_coolant,single,transition,Q22,695016.3289228294,37021.55568511684,732037.8846079462,571084.8674163555,114216.97348327108,1.2
central,high,advanced_coolant,single,transition,Q23,770789.260701814,46379.164224442386,817168.4249262563,660532.4467112756,132106.48934225508,1.2
central,high,advanced_coolant,single,transition,Q24,857719.369435968,55711.1821679177,913430.5516038857,764233.4976130844,152846.69952261684,1.2
central,high,advanced_coolant,two,steady,Q01,24373.44,2302.56,26676.0,5335.2,533.5200000000004,1.1
central,high,advanced_coolant,two,steady,Q02,52576.468113403345,4639.305715200001,57215.77382860335,12302.37482390176,1230.237482390177,1.1
central,high,advanced_coolant,two,steady,Q03,60140.68872535825,4673.4914304,64814.18015575825,15762.682911360895,1576.268291136091,1.1
central,high,advanced_coolant,two,steady,Q04,67253.58270003487,4640.416864868572,71893.99956490344,19501.188246095964,1950.118824609598,1.1
central,high,advanced_coolant,two,steady,Q05,73093.57201687313,4470.891855634286,77564.46387250742,23216.97555754681,2321.6975557546834,1.1
central,high,advanced_coolant,two,steady,Q06,77429.42312509181,4161.978336137144,81591.40146122895,26713.91958258815,2671.3919582588173,1.1
central,high,advanced_coolant,two,steady,Q07,84166.08870496666,6492.312447161459,90658.40115212812,32326.120198948454,3232.6120198948483,1.1
central,high,advanced_coolant,two,steady,Q08,93206.72401522961,8716.934171317454,101923.65818654707,39156.93871574327,3915.693871574331,1.1
central,high,advanced_coolant,two,steady,Q09,122130.8513531452,8011.810427786275,130142.66178093148,53955.23182251028,5395.523182251032,1.1
central,high,advanced_coolant,two,steady,Q10,154832.26692254824,7214.76330890804,162047.03023145627,71434.10172322862,7143.410172322869,1.1
central,high,advanced_coolant,two,steady,Q11,170567.23443111576,9502.469938007418,180069.70436912318,84503.84823274272,8450.38482327428,1.1
central,high,advanced_coolant,two,steady,Q12,190860.24403629795,11798.824877117697,202659.06891341566,100829.93125913962,10082.99312591397,1.1
central,high,advanced_coolant,two,steady,Q13,210195.30754665614,10941.52811474229,221136.83566139842,116182.32741312085,11618.232741312095,1.1
central,high,advanced_coolant,two,steady,Q14,229160.27904328838,13411.021427018093,242571.30047030648,134407.30188476734,13440.730188476746,1.1
central,high,advanced_coolant,two,steady,Q15,256604.61863320804,15707.06797761162,272311.68661081966,158555.91802499112,15855.591802499126,1.1
central,high,advanced_coolant,two,steady,Q16,286104.0274869955,17981.884786788065,304085.9122737836,185655.39078242573,18565.53907824259,1.1
central,high,advanced_coolant,two,steady,Q17,365672.77465859,20171.783671979574,385844.55833056953,247090.46483760764,24709.046483760787,1.1
central,high,advanced_coolant,two,steady,Q18,454207.47990899155,22310.551161133753,476518.0310701253,317853.01312958426,31785.301312958454,1.1
central,high,advanced_coolant,two,steady,Q19,504785.2778497712,27992.57715976871,532777.8550095399,370464.3797152732,37046.43797152735,1.1
central,high,advanced_coolant,two,steady,Q20,564287.0507457736,29805.146863429043,594092.1976092026,429840.0101094779,42984.00101094783,1.1
central,high,advanced_coolant,two,steady,Q21,625690.6899519813,31620.520592424757,657311.2105444061,494136.4061001302,49413.64061001306,1.1
central,high,advanced_coolant,two,steady,Q22,695016.3289228294,37021.55568511684,732037.8846079462,571084.8674163555,57108.48674163561,1.1
central,high,advanced_coolant,two,steady,Q23,770789.260701814,46379.164224442386,817168.4249262563,660532.4467112756,66053.24467112761,1.1
central,high,advanced_coolant,two,steady,Q24,857719.369435968,55711.1821679177,913430.5516038857,764233.4976130844,76423.3497613085,1.1
central,high,advanced_coolant,two,transition,Q01,24373.44,2302.56,26676.0,5335.2,533.5200000000004,1.1
central,high,advanced_coolant,two,transition,Q02,52576.468113403345,4639.305715200001,57215.77382860335,12302.37482390176,1230.237482390177,1.1
central,high,advanced_coolant,two,transition,Q03,60140.68872535825,4673.4914304,64814.18015575825,15762.682911360895,1576.268291136091,1.1
central,high,advanced_coolant,two,transition,Q04,67253.58270003487,4640.416864868572,71893.99956490344,19501.188246095964,1950.118824609598,1.1
central,high,advanced_coolant,two,transition,Q05,73093.57201687313,4470.891855634286,77564.46387250742,23216.97555754681,2321.6975557546834,1.1
central,high,advanced_coolant,two,transition,Q06,77429.42312509181,4161.978336137144,81591.40146122895,26713.91958258815,2671.3919582588173,1.1
central,high,advanced_coolant,two,transition,Q07,84166.08870496666,6492.312447161459,90658.40115212812,32326.120198948454,3232.6120198948483,1.1
central,high,advanced_coolant,two,transition,Q08,93206.72401522961,8716.934171317454,101923.65818654707,39156.93871574327,3915.693871574331,1.1
central,high,advanced_coolant,two,transition,Q09,122130.8513531452,8011.810427786275,130142.66178093148,53955.23182251028,5395.523182251032,1.1
central,high,advanced_coolant,two,transition,Q10,154832.26692254824,7214.76330890804,162047.03023145627,71434.10172322862,7143.410172322869,1.1
central,high,advanced_coolant,two,transition,Q11,170567.23443111576,9502.469938007418,180069.70436912318,84503.84823274272,8450.38482327428,1.1
central,high,advanced_coolant,two,transition,Q12,190860.24403629795,11798.824877117697,202659.06891341566,100829.93125913962,10082.99312591397,1.1
central,high,advanced_coolant,two,transition,Q13,210195.30754665614,10941.52811474229,221136.83566139842,116182.32741312085,11618.232741312095,1.1
central,high,advanced_coolant,two,transition,Q14,229160.27904328838,13411.021427018093,242571.30047030648,134407.30188476734,13440.730188476746,1.1
central,high,advanced_coolant,two,transition,Q15,256604.61863320804,15707.06797761162,272311.68661081966,158555.91802499112,15855.591802499126,1.1
central,high,advanced_coolant,two,transition,Q16,286104.0274869955,17981.884786788065,304085.9122737836,185655.39078242573,18565.53907824259,1.1
central,high,advanced_coolant,two,transition,Q17,365672.77465859,20171.783671979574,385844.55833056953,247090.46483760764,24709.046483760787,1.1
central,high,advanced_coolant,two,transition,Q18,454207.47990899155,22310.551161133753,476518.0310701253,317853.01312958426,31785.301312958454,1.1
central,high,advanced_coolant,two,transition,Q19,504785.2778497712,27992.57715976871,532777.8550095399,370464.3797152732,37046.43797152735,1.1
central,high,advanced_coolant,two,transition,Q20,564287.0507457736,29805.146863429043,594092.1976092026,429840.0101094779,42984.00101094783,1.1
central,high,advanced_coolant,two,transition,Q21,625690.6899519813,31620.520592424757,657311.2105444061,494136.4061001302,49413.64061001306,1.1
central,high,advanced_coolant,two,transition,Q22,695016.3289228294,37021.55568511684,732037.8846079462,571084.8674163555,57108.48674163561,1.1
central,high,advanced_coolant,two,transition,Q23,770789.260701814,46379.164224442386,817168.4249262563,660532.4467112756,66053.24467112761,1.1
central,high,advanced_coolant,two,transition,Q24,857719.369435968,55711.1821679177,913430.5516038857,764233.4976130844,76423.3497613085,1.1
central,high,coolant_recovery,single,steady,Q01,24373.44,2302.56,26676.0,5335.2,1067.0399999999997,1.2
central,high,coolant_recovery,single,steady,Q02,52576.468113403345,4639.305715200001,57215.77382860335,12302.37482390176,2460.4749647803515,1.2
central,high,coolant_recovery,single,steady,Q03,60140.68872535825,4673.4914304,64814.18015575825,15762.682911360895,3152.5365822721783,1.2
central,high,coolant_recovery,single,steady,Q04,67253.58270003487,4640.416864868572,71893.99956490344,19501.188246095964,3900.237649219192,1.2
central,high,coolant_recovery,single,steady,Q05,73093.57201687313,4470.891855634286,77564.46387250742,23216.97555754681,4643.395111509361,1.2
central,high,coolant_recovery,single,steady,Q06,77429.42312509181,4161.978336137144,81591.40146122895,26713.91958258815,5342.783916517629,1.2
central,high,coolant_recovery,single,steady,Q07,84166.08870496666,6492.312447161459,90658.40115212812,32326.120198948454,6465.224039789689,1.2
central,high,coolant_recovery,single,steady,Q08,93206.72401522961,8716.934171317454,101923.65818654707,39156.93871574327,7831.387743148653,1.2
central,high,coolant_recovery,single,steady,Q09,122130.8513531452,8011.810427786275,130142.66178093148,53955.23182251028,10791.046364502054,1.2
central,high,coolant_recovery,single,steady,Q10,154832.26692254824,7214.76330890804,162047.03023145627,71434.10172322862,14286.820344645721,1.2
central,high,coolant_recovery,single,steady,Q11,170567.23443111576,9502.469938007418,180069.70436912318,84503.84823274272,16900.76964654854,1.2
central,high,coolant_recovery,single,steady,Q12,190860.24403629795,11798.824877117697,202659.06891341566,100829.93125913962,20165.98625182792,1.2
central,high,coolant_recovery,single,steady,Q13,210195.30754665614,10941.52811474229,221136.83566139842,116182.32741312085,23236.465482624164,1.2
central,high,coolant_recovery,single,steady,Q14,229160.27904328838,13411.021427018093,242571.30047030648,134407.30188476734,26881.460376953462,1.2
central,high,coolant_recovery,single,steady,Q15,256604.61863320804,15707.06797761162,272311.68661081966,158555.91802499112,31711.183604998216,1.2
central,high,coolant_recovery,single,steady,Q16,286104.0274869955,17981.884786788065,304085.9122737836,185655.39078242573,37131.078156485135,1.2
central,high,coolant_recovery,single,steady,Q17,365672.77465859,20171.783671979574,385844.55833056953,247090.46483760764,49418.092967521516,1.2
central,high,coolant_recovery,single,steady,Q18,454207.47990899155,22310.551161133753,476518.0310701253,317853.01312958426,63570.602625916836,1.2
central,high,coolant_recovery,single,steady,Q19,504785.2778497712,27992.57715976871,532777.8550095399,370464.3797152732,74092.87594305462,1.2
central,high,coolant_recovery,single,steady,Q20,564287.0507457736,29805.146863429043,594092.1976092026,429840.0101094779,85968.00202189556,1.2
central,high,coolant_recovery,single,steady,Q21,625690.6899519813,31620.520592424757,657311.2105444061,494136.4061001302,98827.28122002601,1.2
central,high,coolant_recovery,single,steady,Q22,695016.3289228294,37021.55568511684,732037.8846079462,571084.8674163555,114216.97348327108,1.2
central,high,coolant_recovery,single,steady,Q23,770789.260701814,46379.164224442386,817168.4249262563,660532.4467112756,132106.48934225508,1.2
central,high,coolant_recovery,single,steady,Q24,857719.369435968,55711.1821679177,913430.5516038857,764233.4976130844,152846.69952261684,1.2
central,high,coolant_recovery,single,transition,Q01,24373.44,2302.56,26676.0,5335.2,1067.0399999999997,1.2
central,high,coolant_recovery,single,transition,Q02,52576.468113403345,4639.305715200001,57215.77382860335,12302.37482390176,2460.4749647803515,1.2
central,high,coolant_recovery,single,transition,Q03,60140.68872535825,4673.4914304,64814.18015575825,15762.682911360895,3152.5365822721783,1.2
central,high,coolant_recovery,single,transition,Q04,67253.58270003487,4640.416864868572,71893.99956490344,19501.188246095964,3900.237649219192,1.2
central,high,coolant_recovery,single,transition,Q05,73093.57201687313,4470.891855634286,77564.46387250742,23216.97555754681,4643.395111509361,1.2
central,high,coolant_recovery,single,transition,Q06,77429.42312509181,4161.978336137144,81591.40146122895,26713.91958258815,5342.783916517629,1.2
central,high,coolant_recovery,single,transition,Q07,84166.08870496666,6492.312447161459,90658.40115212812,32326.120198948454,6465.224039789689,1.2
central,high,coolant_recovery,single,transition,Q08,93206.72401522961,8716.934171317454,101923.65818654707,39156.93871574327,7831.387743148653,1.2
central,high,coolant_recovery,single,transition,Q09,122130.8513531452,8011.810427786275,130142.66178093148,53955.23182251028,10791.046364502054,1.2
central,high,coolant_recovery,single,transition,Q10,154832.26692254824,7214.76330890804,162047.03023145627,71434.10172322862,14286.820344645721,1.2
central,high,coolant_recovery,single,transition,Q11,170567.23443111576,9502.469938007418,180069.70436912318,84503.84823274272,16900.76964654854,1.2
central,high,coolant_recovery,single,transition,Q12,190860.24403629795,11798.824877117697,202659.06891341566,100829.93125913962,20165.98625182792,1.2
central,high,coolant_recovery,single,transition,Q13,210195.30754665614,10941.52811474229,221136.83566139842,116182.32741312085,23236.465482624164,1.2
central,high,coolant_recovery,single,transition,Q14,229160.27904328838,13411.021427018093,242571.30047030648,134407.30188476734,26881.460376953462,1.2
central,high,coolant_recovery,single,transition,Q15,256604.61863320804,15707.06797761162,272311.68661081966,158555.91802499112,31711.183604998216,1.2
central,high,coolant_recovery,single,transition,Q16,286104.0274869955,17981.884786788065,304085.9122737836,185655.39078242573,37131.078156485135,1.2
central,high,coolant_recovery,single,transition,Q17,365672.77465859,20171.783671979574,385844.55833056953,247090.46483760764,49418.092967521516,1.2
central,high,coolant_recovery,single,transition,Q18,454207.47990899155,22310.551161133753,476518.0310701253,317853.01312958426,63570.602625916836,1.2
central,high,coolant_recovery,single,transition,Q19,504785.2778497712,27992.57715976871,532777.8550095399,370464.3797152732,74092.87594305462,1.2
central,high,coolant_recovery,single,transition,Q20,564287.0507457736,29805.146863429043,594092.1976092026,429840.0101094779,85968.00202189556,1.2
central,high,coolant_recovery,single,transition,Q21,625690.6899519813,31620.520592424757,657311.2105444061,494136.4061001302,98827.28122002601,1.2
central,high,coolant_recovery,single,transition,Q22,695016.3289228294,37021.55568511684,732037.8846079462,571084.8674163555,114216.97348327108,1.2
central,high,coolant_recovery,single,transition,Q23,770789.260701814,46379.164224442386,817168.4249262563,660532.4467112756,132106.48934225508,1.2
central,high,coolant_recovery,single,transition,Q24,857719.369435968,55711.1821679177,913430.5516038857,764233.4976130844,152846.69952261684,1.2
central,high,coolant_recovery,two,steady,Q01,24373.44,2302.56,26676.0,5335.2,533.5200000000004,1.1
central,high,coolant_recovery,two,steady,Q02,52576.468113403345,4639.305715200001,57215.77382860335,12302.37482390176,1230.237482390177,1.1
central,high,coolant_recovery,two,steady,Q03,60140.68872535825,4673.4914304,64814.18015575825,15762.682911360895,1576.268291136091,1.1
central,high,coolant_recovery,two,steady,Q04,67253.58270003487,4640.416864868572,71893.99956490344,19501.188246095964,1950.118824609598,1.1
central,high,coolant_recovery,two,steady,Q05,73093.57201687313,4470.891855634286,77564.46387250742,23216.97555754681,2321.6975557546834,1.1
central,high,coolant_recovery,two,steady,Q06,77429.42312509181,4161.978336137144,81591.40146122895,26713.91958258815,2671.3919582588173,1.1
central,high,coolant_recovery,two,steady,Q07,84166.08870496666,6492.312447161459,90658.40115212812,32326.120198948454,3232.6120198948483,1.1
central,high,coolant_recovery,two,steady,Q08,93206.72401522961,8716.934171317454,101923.65818654707,39156.93871574327,3915.693871574331,1.1
central,high,coolant_recovery,two,steady,Q09,122130.8513531452,8011.810427786275,130142.66178093148,53955.23182251028,5395.523182251032,1.1
central,high,coolant_recovery,two,steady,Q10,154832.26692254824,7214.76330890804,162047.03023145627,71434.10172322862,7143.410172322869,1.1
central,high,coolant_recovery,two,steady,Q11,170567.23443111576,9502.469938007418,180069.70436912318,84503.84823274272,8450.38482327428,1.1
central,high,coolant_recovery,two,steady,Q12,190860.24403629795,11798.824877117697,202659.06891341566,100829.93125913962,10082.99312591397,1.1
central,high,coolant_recovery,two,steady,Q13,210195.30754665614,10941.52811474229,221136.83566139842,116182.32741312085,11618.232741312095,1.1
central,high,coolant_recovery,two,steady,Q14,229160.27904328838,13411.021427018093,242571.30047030648,134407.30188476734,13440.730188476746,1.1
central,high,coolant_recovery,two,steady,Q15,256604.61863320804,15707.06797761162,272311.68661081966,158555.91802499112,15855.591802499126,1.1
central,high,coolant_recovery,two,steady,Q16,286104.0274869955,17981.884786788065,304085.9122737836,185655.39078242573,18565.53907824259,1.1
central,high,coolant_recovery,two,steady,Q17,365672.77465859,20171.783671979574,385844.55833056953,247090.46483760764,24709.046483760787,1.1
central,high,coolant_recovery,two,steady,Q18,454207.47990899155,22310.551161133753,476518.0310701253,317853.01312958426,31785.301312958454,1.1
central,high,coolant_recovery,two,steady,Q19,504785.2778497712,27992.57715976871,532777.8550095399,370464.3797152732,37046.43797152735,1.1
central,high,coolant_recovery,two,steady,Q20,564287.0507457736,29805.146863429043,594092.1976092026,429840.0101094779,42984.00101094783,1.1
central,high,coolant_recovery,two,steady,Q21,625690.6899519813,31620.520592424757,657311.2105444061,494136.4061001302,49413.64061001306,1.1
central,high,coolant_recovery,two,steady,Q22,695016.3289228294,37021.55568511684,732037.8846079462,571084.8674163555,57108.48674163561,1.1
central,high,coolant_recovery,two,steady,Q23,770789.260701814,46379.164224442386,817168.4249262563,660532.4467112756,66053.24467112761,1.1
central,high,coolant_recovery,two,steady,Q24,857719.369435968,55711.1821679177,913430.5516038857,764233.4976130844,76423.3497613085,1.1
central,high,coolant_recovery,two,transition,Q01,24373.44,2302.56,26676.0,5335.2,533.5200000000004,1.1
central,high,coolant_recovery,two,transition,Q02,52576.468113403345,4639.305715200001,57215.77382860335,12302.37482390176,1230.237482390177,1.1
central,high,coolant_recovery,two,transition,Q03,60140.68872535825,4673.4914304,64814.18015575825,15762.682911360895,1576.268291136091,1.1
central,high,coolant_recovery,two,transition,Q04,67253.58270003487,4640.416864868572,71893.99956490344,19501.188246095964,1950.118824609598,1.1
central,high,coolant_recovery,two,transition,Q05,73093.57201687313,4470.891855634286,77564.46387250742,23216.97555754681,2321.6975557546834,1.1
central,high,coolant_recovery,two,transition,Q06,77429.42312509181,4161.978336137144,81591.40146122895,26713.91958258815,2671.3919582588173,1.1
central,high,coolant_recovery,two,transition,Q07,84166.08870496666,6492.312447161459,90658.40115212812,32326.120198948454,3232.6120198948483,1.1
central,high,coolant_recovery,two,transition,Q08,93206.72401522961,8716.934171317454,101923.65818654707,39156.93871574327,3915.693871574331,1.1
central,high,coolant_recovery,two,transition,Q09,122130.8513531452,8011.810427786275,130142.66178093148,53955.23182251028,5395.523182251032,1.1
central,high,coolant_recovery,two,transition,Q10,154832.26692254824,7214.76330890804,162047.03023145627,71434.10172322862,7143.410172322869,1.1
central,high,coolant_recovery,two,transition,Q11,170567.23443111576,9502.469938007418,180069.70436912318,84503.84823274272,8450.38482327428,1.1
central,high,coolant_recovery,two,transition,Q12,190860.24403629795,11798.824877117697,202659.06891341566,100829.93125913962,10082.99312591397,1.1
central,high,coolant_recovery,two,transition,Q13,210195.30754665614,10941.52811474229,221136.83566139842,116182.32741312085,11618.232741312095,1.1
central,high,coolant_recovery,two,transition,Q14,229160.27904328838,13411.021427018093,242571.30047030648,134407.30188476734,13440.730188476746,1.1
central,high,coolant_recovery,two,transition,Q15,256604.61863320804,15707.06797761162,272311.68661081966,158555.91802499112,15855.591802499126,1.1
central,high,coolant_recovery,two,transition,Q16,286104.0274869955,17981.884786788065,304085.9122737836,185655.39078242573,18565.53907824259,1.1
central,high,coolant_recovery,two,transition,Q17,365672.77465859,20171.783671979574,385844.55833056953,247090.46483760764,24709.046483760787,1.1
central,high,coolant_recovery,two,transition,Q18,454207.47990899155,22310.551161133753,476518.0310701253,317853.01312958426,31785.301312958454,1.1
central,high,coolant_recovery,two,transition,Q19,504785.2778497712,27992.57715976871,532777.8550095399,370464.3797152732,37046.43797152735,1.1
central,high,coolant_recovery,two,transition,Q20,564287.0507457736,29805.146863429043,594092.1976092026,429840.0101094779,42984.00101094783,1.1
central,high,coolant_recovery,two,transition,Q21,625690.6899519813,31620.520592424757,657311.2105444061,494136.4061001302,49413.64061001306,1.1
central,high,coolant_recovery,two,transition,Q22,695016.3289228294,37021.55568511684,732037.8846079462,571084.8674163555,57108.48674163561,1.1
central,high,coolant_recovery,two,transition,Q23,770789.260701814,46379.164224442386,817168.4249262563,660532.4467112756,66053.24467112761,1.1
central,high,coolant_recovery,two,transition,Q24,857719.369435968,55711.1821679177,913430.5516038857,764233.4976130844,76423.3497613085,1.1
central,high,combined_strategy,single,steady,Q01,24373.44,2302.56,26676.0,5335.2,1067.0399999999997,1.2
central,high,combined_strategy,single,steady,Q02,52576.468113403345,4639.305715200001,57215.77382860335,12302.37482390176,2433.7306716849116,1.1978260869565216
central,high,combined_strategy,single,steady,Q03,60140.68872535825,4673.4914304,64814.18015575825,15762.682911360895,3084.00317830974,1.1956521739130435
central,high,combined_strategy,single,steady,Q04,67253.58270003487,4640.416864868572,71893.99956490344,19501.188246095964,3773.055986744652,1.193478260869565
central,high,combined_strategy,single,steady,Q05,73093.57201687313,4470.891855634286,77564.46387250742,23216.97555754681,4441.508367530694,1.191304347826087
central,high,combined_strategy,single,steady,Q06,77429.42312509181,4161.978336137144,81591.40146122895,26713.91958258815,5052.415225402539,1.1891304347826086
central,high,combined_strategy,single,steady,Q07,84166.08870496666,6492.312447161459,90658.40115212812,32326.120198948454,6043.578993716451,1.1869565217391305
central,high,combined_strategy,single,steady,Q08,93206.72401522961,8716.934171317454,101923.65818654707,39156.93871574327,7235.521284430819,1.184782608695652
central,high,combined_strategy,single,steady,Q09,122130.8513531452,8011.810427786275,130142.66178093148,53955.23182251028,9852.694506719272,1.182608695652174
central,high,combined_strategy,single,steady,Q10,154832.26692254824,7214.76330890804,162047.03023145627,71434.10172322862,12889.196615278206,1.1804347826086956
central,high,combined_strategy,single,steady,Q11,170567.23443111576,9502.469938007418,180069.70436912318,84503.84823274272,15063.729467575864,1.1782608695652173
central,high,combined_strategy,single,steady,Q12,190860.24403629795,11798.824877117697,202659.06891341566,100829.93125913962,17754.83572171806,1.1760869565217391
central,high,combined_strategy,single,steady,Q13,210195.30754665614,10941.52811474229,221136.83566139842,116182.32741312085,20205.622158803613,1.1739130434782608
central,high,combined_strategy,single,steady,Q14,229160.27904328838,13411.021427018093,242571.30047030648,134407.30188476734,23082.993149775262,1.1717391304347826
central,high,combined_strategy,single,steady,Q15,256604.61863320804,15707.06797761162,272311.68661081966,158555.91802499112,26885.568708585437,1.1695652173913043
central,high,combined_strategy,single,steady,Q16,286104.0274869955,17981.884786788065,304085.9122737836,185655.39078242573,31077.09802227562,1.1673913043478261
central,high,combined_strategy,single,steady,Q17,365672.77465859,20171.783671979574,385844.55833056953,247090.46483760764,40823.6420166482,1.1652173913043478
central,high,combined_strategy,single,steady,Q18,454207.47990899155,22310.551161133753,476518.0310701253,317853.01312958426,51823.86083634528,1.1630434782608696
central,high,combined_strategy,single,steady,Q19,504785.2778497712,27992.57715976871,532777.8550095399,370464.3797152732,59596.443693326546,1.1608695652173913
central,high,combined_strategy,single,steady,Q20,564287.0507457736,29805.146863429043,594092.1976092026,429840.0101094779,68213.74073476491,1.158695652173913
central,high,combined_strategy,single,steady,Q21,625690.6899519813,31620.520592424757,657311.2105444061,494136.4061001302,77343.08965045515,1.1565217391304348
central,high,combined_strategy,single,steady,Q22,695016.3289228294,37021.55568511684,732037.8846079462,571084.8674163555,88145.7077968722,1.1543478260869564
central,high,combined_strategy,single,steady,Q23,770789.260701814,46379.164224442386,817168.4249262563,660532.4467112756,100515.8071082376,1.1521739130434783
central,high,combined_strategy,single,steady,Q24,857719.369435968,55711.1821679177,913430.5516038857,764233.4976130844,114635.02464196259,1.15
central,high,combined_strategy,single,transition,Q01,24373.44,2302.56,26676.0,5335.2,1067.0399999999997,1.2
central,high,combined_strategy,single,transition,Q02,52576.468113403345,4639.305715200001,57215.77382860335,12302.37482390176,2433.7306716849116,1.1978260869565216
central,high,combined_strategy,single,transition,Q03,60140.68872535825,4673.4914304,64814.18015575825,15762.682911360895,3084.00317830974,1.1956521739130435
central,high,combined_strategy,single,transition,Q04,67253.58270003487,4640.416864868572,71893.99956490344,19501.188246095964,3773.055986744652,1.193478260869565
central,high,combined_strategy,single,transition,Q05,73093.57201687313,4470.891855634286,77564.46387250742,23216.97555754681,4441.508367530694,1.191304347826087
central,high,combined_strategy,single,transition,Q06,77429.42312509181,4161.978336137144,81591.40146122895,26713.91958258815,5052.415225402539,1.1891304347826086
central,high,combined_strategy,single,transition,Q07,84166.08870496666,6492.312447161459,90658.40115212812,32326.120198948454,6043.578993716451,1.1869565217391305
central,high,combined_strategy,single,transition,Q08,93206.72401522961,8716.934171317454,101923.65818654707,39156.93871574327,7235.521284430819,1.184782608695652
central,high,combined_strategy,single,transition,Q09,122130.8513531452,8011.810427786275,130142.66178093148,53955.23182251028,9852.694506719272,1.182608695652174
central,high,combined_strategy,single,transition,Q10,154832.26692254824,7214.76330890804,162047.03023145627,71434.10172322862,12889.196615278206,1.1804347826086956
central,high,combined_strategy,single,transition,Q11,170567.23443111576,9502.469938007418,180069.70436912318,84503.84823274272,15063.729467575864,1.1782608695652173
central,high,combined_strategy,single,transition,Q12,190860.24403629795,11798.824877117697,202659.06891341566,100829.93125913962,17754.83572171806,1.1760869565217391
central,high,combined_strategy,single,transition,Q13,210195.30754665614,10941.52811474229,221136.83566139842,116182.32741312085,20205.622158803613,1.1739130434782608
central,high,combined_strategy,single,transition,Q14,229160.27904328838,13411.021427018093,242571.30047030648,134407.30188476734,23082.993149775262,1.1717391304347826
central,high,combined_strategy,single,transition,Q15,256604.61863320804,15707.06797761162,272311.68661081966,158555.91802499112,26885.568708585437,1.1695652173913043
central,high,combined_strategy,single,transition,Q16,286104.0274869955,17981.884786788065,304085.9122737836,185655.39078242573,31077.09802227562,1.1673913043478261
central,high,combined_strategy,single,transition,Q17,365672.77465859,20171.783671979574,385844.55833056953,247090.46483760764,40823.6420166482,1.1652173913043478
central,high,combined_strategy,single,transition,Q18,454207.47990899155,22310.551161133753,476518.0310701253,317853.01312958426,51823.86083634528,1.1630434782608696
central,high,combined_strategy,single,transition,Q19,504785.2778497712,27992.57715976871,532777.8550095399,370464.3797152732,59596.443693326546,1.1608695652173913
central,high,combined_strategy,single,transition,Q20,564287.0507457736,29805.146863429043,594092.1976092026,429840.0101094779,68213.74073476491,1.158695652173913
central,high,combined_strategy,single,transition,Q21,625690.6899519813,31620.520592424757,657311.2105444061,494136.4061001302,77343.08965045515,1.1565217391304348
central,high,combined_strategy,single,transition,Q22,695016.3289228294,37021.55568511684,732037.8846079462,571084.8674163555,88145.7077968722,1.1543478260869564
central,high,combined_strategy,single,transition,Q23,770789.260701814,46379.164224442386,817168.4249262563,660532.4467112756,100515.8071082376,1.1521739130434783
central,high,combined_strategy,single,transition,Q24,857719.369435968,55711.1821679177,913430.5516038857,764233.4976130844,114635.02464196259,1.15
central,high,combined_strategy,two,steady,Q01,24373.44,2302.56,26676.0,5335.2,533.5200000000004,1.1
central,high,combined_strategy,two,steady,Q02,52576.468113403345,4639.305715200001,57215.77382860335,12302.37482390176,1216.8653358424585,1.098913043478261
central,high,combined_strategy,two,steady,Q03,60140.68872535825,4673.4914304,64814.18015575825,15762.682911360895,1542.00158915487,1.0978260869565217
central,high,combined_strategy,two,steady,Q04,67253.58270003487,4640.416864868572,71893.99956490344,19501.188246095964,1886.527993372328,1.0967391304347827
central,high,combined_strategy,two,steady,Q05,73093.57201687313,4470.891855634286,77564.46387250742,23216.97555754681,2220.75418376535,1.0956521739130436
central,high,combined_strategy,two,steady,Q06,77429.42312509181,4161.978336137144,81591.40146122895,26713.91958258815,2526.2076127012756,1.0945652173913045
central,high,combined_strategy,two,steady,Q07,84166.08870496666,6492.312447161459,90658.40115212812,32326.120198948454,3021.7894968582254,1.0934782608695652
central,high,combined_strategy,two,steady,Q08,93206.72401522961,8716.934171317454,101923.65818654707,39156.93871574327,3617.760642215414,1.0923913043478262
central,high,combined_strategy,two,steady,Q09,122130.8513531452,8011.810427786275,130142.66178093148,53955.23182251028,4926.347253359641,1.091304347826087
central,high,combined_strategy,two,steady,Q10,154832.26692254824,7214.76330890804,162047.03023145627,71434.10172322862,6444.598307639103,1.0902173913043478
central,high,combined_strategy,two,steady,Q11,170567.23443111576,9502.469938007418,180069.70436912318,84503.84823274272,7531.864733787941,1.0891304347826087
central,high,combined_strategy,two,steady,Q12,190860.24403629795,11798.824877117697,202659.06891341566,100829.93125913962,8877.417860859041,1.0880434782608697
central,high,combined_strategy,two,steady,Q13,210195.30754665614,10941.52811474229,221136.83566139842,116182.32741312085,10102.811079401832,1.0869565217391306
central,high,combined_strategy,two,steady,Q14,229160.27904328838,13411.021427018093,242571.30047030648,134407.30188476734,11541.496574887631,1.0858695652173913
central,high,combined_strategy,two,steady,Q15,256604.61863320804,15707.06797761162,272311.68661081966,158555.91802499112,13442.784354292735,1.0847826086956522
central,high,combined_strategy,two,steady,Q16,286104.0274869955,17981.884786788065,304085.9122737836,185655.39078242573,15538.54901113783,1.0836956521739132
central,high,combined_strategy,two,steady,Q17,365672.77465859,20171.783671979574,385844.55833056953,247090.46483760764,20411.821008324157,1.082608695652174
central,high,combined_strategy,two,steady,Q18,454207.47990899155,22310.551161133753,476518.0310701253,317853.01312958426,25911.93041817264,1.0815217391304348
central,high,combined_strategy,two,steady,Q19,504785.2778497712,27992.57715976871,532777.8550095399,370464.3797152732,29798.221846663313,1.0804347826086957
central,high,combined_strategy,two,steady,Q20,564287.0507457736,29805.146863429043,594092.1976092026,429840.0101094779,34106.87036738255,1.0793478260869567
central,high,combined_strategy,two,steady,Q21,625690.6899519813,31620.520592424757,657311.2105444061,494136.4061001302,38671.544825227575,1.0782608695652174
central,high,combined_strategy,two,steady,Q22,695016.3289228294,37021.55568511684,732037.8846079462,571084.8674163555,44072.853898436166,1.0771739130434783
central,high,combined_strategy,two,steady,Q23,770789.260701814,46379.164224442386,817168.4249262563,660532.4467112756,50257.90355411887,1.0760869565217392
central,high,combined_strategy,two,steady,Q24,857719.369435968,55711.1821679177,913430.5516038857,764233.4976130844,57317.51232098146,1.0750000000000002
central,high,combined_strategy,two,transition,Q01,24373.44,2302.56,26676.0,5335.2,533.5200000000004,1.1
central,high,combined_strategy,two,transition,Q02,52576.468113403345,4639.305715200001,57215.77382860335,12302.37482390176,1216.8653358424585,1.098913043478261
central,high,combined_strategy,two,transition,Q03,60140.68872535825,4673.4914304,64814.18015575825,15762.682911360895,1542.00158915487,1.0978260869565217
central,high,combined_strategy,two,transition,Q04,67253.58270003487,4640.416864868572,71893.99956490344,19501.188246095964,1886.527993372328,1.0967391304347827
central,high,combined_strategy,two,transition,Q05,73093.57201687313,4470.891855634286,77564.46387250742,23216.97555754681,2220.75418376535,1.0956521739130436
central,high,combined_strategy,two,transition,Q06,77429.42312509181,4161.978336137144,81591.40146122895,26713.91958258815,2526.2076127012756,1.0945652173913045
central,high,combined_strategy,two,transition,Q07,84166.08870496666,6492.312447161459,90658.40115212812,32326.120198948454,3021.7894968582254,1.0934782608695652
central,high,combined_strategy,two,transition,Q08,93206.72401522961,8716.934171317454,101923.65818654707,39156.93871574327,3617.760642215414,1.0923913043478262
central,high,combined_strategy,two,transition,Q09,122130.8513531452,8011.810427786275,130142.66178093148,53955.23182251028,4926.347253359641,1.091304347826087
central,high,combined_strategy,two,transition,Q10,154832.26692254824,7214.76330890804,162047.03023145627,71434.10172322862,6444.598307639103,1.0902173913043478
central,high,combined_strategy,two,transition,Q11,170567.23443111576,9502.469938007418,180069.70436912318,84503.84823274272,7531.864733787941,1.0891304347826087
central,high,combined_strategy,two,transition,Q12,190860.24403629795,11798.824877117697,202659.06891341566,100829.93125913962,8877.417860859041,1.0880434782608697
central,high,combined_strategy,two,transition,Q13,210195.30754665614,10941.52811474229,221136.83566139842,116182.32741312085,10102.811079401832,1.0869565217391306
central,high,combined_strategy,two,transition,Q14,229160.27904328838,13411.021427018093,242571.30047030648,134407.30188476734,11541.496574887631,1.0858695652173913
central,high,combined_strategy,two,transition,Q15,256604.61863320804,15707.06797761162,272311.68661081966,158555.91802499112,13442.784354292735,1.0847826086956522
central,high,combined_strategy,two,transition,Q16,286104.0274869955,17981.884786788065,304085.9122737836,185655.39078242573,15538.54901113783,1.0836956521739132
central,high,combined_strategy,two,transition,Q17,365672.77465859,20171.783671979574,385844.55833056953,247090.46483760764,20411.821008324157,1.082608695652174
central,high,combined_strategy,two,transition,Q18,454207.47990899155,22310.551161133753,476518.0310701253,317853.01312958426,25911.93041817264,1.0815217391304348
central,high,combined_strategy,two,transition,Q19,504785.2778497712,27992.57715976871,532777.8550095399,370464.3797152732,29798.221846663313,1.0804347826086957
central,high,combined_strategy,two,transition,Q20,564287.0507457736,29805.146863429043,594092.1976092026,429840.0101094779,34106.87036738255,1.0793478260869567
central,high,combined_strategy,two,transition,Q21,625690.6899519813,31620.520592424757,657311.2105444061,494136.4061001302,38671.544825227575,1.0782608695652174
central,high,combined_strategy,two,transition,Q22,695016.3289228294,37021.55568511684,732037.8846079462,571084.8674163555,44072.853898436166,1.0771739130434783
central,high,combined_strategy,two,transition,Q23,770789.260701814,46379.164224442386,817168.4249262563,660532.4467112756,50257.90355411887,1.0760869565217392
central,high,combined_strategy,two,transition,Q24,857719.369435968,55711.1821679177,913430.5516038857,764233.4976130844,57317.51232098146,1.0750000000000002
high,low,baseline,single,steady,Q01,34819.200000000004,2302.56,37121.76,3712.176,742.4351999999998,1.2
high,low,baseline,single,steady,Q02,73570.54525900334,4639.305715200001,78209.85097420333,8265.568853326693,1653.1137706653383,1.2
high,low,baseline,single,steady,Q03,81237.32301655825,4673.4914304,85910.81444695825,10011.919550574105,2002.3839101148205,1.2
high,low,baseline,single,steady,Q04,88149.90529464056,4640.416864868572,92790.32215950913,11815.370099722328,2363.074019944465,1.2
high,low,baseline,single,steady,Q05,97098.8084829425,4470.891855634286,101569.70033857679,14051.32451477933,2810.264902955865,1.2
high,low,baseline,single,steady,Q06,107993.67290430484,6861.477740155994,114855.15064446084,17142.48108023145,3428.496216046289,1.2
high,low,baseline,single,steady,Q07,120923.63358052893,9148.389605031241,130072.02318556017,20823.578545303186,4164.715709060636,1.2
high,low,baseline,single,steady,Q08,131412.85022289163,8590.553147304781,140003.4033701964,23901.812342617828,4780.3624685235645,1.2
high,low,baseline,single,steady,Q09,174142.44553044977,7805.7528112302225,181948.19834168,33241.85721385741,6648.37144277148,1.2
high,low,baseline,single,steady,Q10,224682.8925460727,9883.52315995674,234566.41570602942,45194.52967158197,9038.905934316392,1.2
high,low,baseline,single,steady,Q11,245285.7560013932,11971.025739494009,257256.7817408872,52341.18583483407,10468.237166966812,1.2
high,low,baseline,single,steady,Q12,270091.6073632313,14197.808957262474,284289.4163204938,60964.114237304086,12192.822847460815,1.2
high,low,baseline,single,steady,Q13,302621.9696488187,16346.861853062734,318968.8315018815,71859.56859437017,14371.91371887403,1.2
high,low,baseline,single,steady,Q14,334144.6954144324,18530.783708412357,352675.47912284476,83268.34782667558,16653.669565335113,1.2
high,low,baseline,single,steady,Q15,368692.1665293043,20615.20145432125,389307.36798362556,96163.96157358502,19232.792314717,1.2
high,low,baseline,single,steady,Q16,408967.37225428835,22655.997121861743,431623.3693761501,111302.73858776466,22260.547717552927,1.2
high,low,baseline,single,steady,Q17,524301.5783478767,28070.12273171242,552371.7010795891,148831.48394310503,29766.296788621,1.2
high,low,baseline,single,steady,Q18,653363.897593855,33284.79085509478,686648.6884489498,191995.46686032033,38399.09337206406,1.2
high,low,baseline,single,steady,Q19,723254.3582660275,38459.3954987612,761713.7537647887,221270.95995484563,44254.19199096911,1.2
high,low,baseline,single,steady,Q20,806761.2661330035,43481.53275771842,850242.798890722,256249.82492084382,51249.96498416875,1.2
high,low,baseline,single,steady,Q21,895649.5348215806,48154.46064550933,943803.9954670899,294659.1176137401,58931.823522748,1.2
high,low,baseline,single,steady,Q22,996748.1840680945,56563.86795435134,1053312.0520224457,340373.83265091456,68074.7665301829,1.2
high,low,baseline,single,steady,Q23,1108359.23597849,64707.35373585798,1173066.5897143479,391732.9175494831,78346.5835098966,1.2
high,low,baseline,single,steady,Q24,1227843.0641639314,72597.18540244113,1300440.2495663725,448462.3497074842,89692.46994149682,1.2
high,low,baseline,single,transition,Q01,34819.200000000004,2302.56,37121.76,3712.176,742.4351999999998,1.2
high,low,baseline,single,transition,Q02,73570.54525900334,4639.305715200001,78209.85097420333,8265.568853326693,1653.1137706653383,1.2
high,low,baseline,single,transition,Q03,81237.32301655825,4673.4914304,85910.81444695825,10011.919550574105,2002.3839101148205,1.2
high,low,baseline,single,transition,Q04,88149.90529464056,4640.416864868572,92790.32215950913,11815.370099722328,2363.074019944465,1.2
high,low,baseline,single,transition,Q05,97098.8084829425,4470.891855634286,101569.70033857679,14051.32451477933,2810.264902955865,1.2
high,low,baseline,single,transition,Q06,107993.67290430484,6861.477740155994,114855.15064446084,17142.48108023145,3428.496216046289,1.2
high,low,baseline,single,transition,Q07,120923.63358052893,9148.389605031241,130072.02318556017,20823.578545303186,4164.715709060636,1.2
high,low,baseline,single,transition,Q08,131412.85022289163,8590.553147304781,140003.4033701964,23901.812342617828,4780.3624685235645,1.2
high,low,baseline,single,transition,Q09,174142.44553044977,7805.7528112302225,181948.19834168,33241.85721385741,6648.37144277148,1.2
high,low,baseline,single,transition,Q10,224682.8925460727,9883.52315995674,234566.41570602942,45194.52967158197,9038.905934316392,1.2
high,low,baseline,single,transition,Q11,245285.7560013932,11971.025739494009,257256.7817408872,52341.18583483407,10468.237166966812,1.2
high,low,baseline,single,transition,Q12,270091.6073632313,14197.808957262474,284289.4163204938,60964.114237304086,12192.822847460815,1.2
high,low,baseline,single,transition,Q13,302621.9696488187,16346.861853062734,318968.8315018815,71859.56859437017,14371.91371887403,1.2
high,low,baseline,single,transition,Q14,334144.6954144324,18530.783708412357,352675.47912284476,83268.34782667558,16653.669565335113,1.2
high,low,baseline,single,transition,Q15,368692.1665293043,20615.20145432125,389307.36798362556,96163.96157358502,19232.792314717,1.2
high,low,baseline,single,transition,Q16,408967.37225428835,22655.997121861743,431623.3693761501,111302.73858776466,22260.547717552927,1.2
high,low,baseline,single,transition,Q17,524301.5783478767,28070.12273171242,552371.7010795891,148831.48394310503,29766.296788621,1.2
high,low,baseline,single,transition,Q18,653363.897593855,33284.79085509478,686648.6884489498,191995.46686032033,38399.09337206406,1.2
high,low,baseline,single,transition,Q19,723254.3582660275,38459.3954987612,761713.7537647887,221270.95995484563,44254.19199096911,1.2
high,low,baseline,single,transition,Q20,806761.2661330035,43481.53275771842,850242.798890722,256249.82492084382,51249.96498416875,1.2
high,low,baseline,single,transition,Q21,895649.5348215806,48154.46064550933,943803.9954670899,294659.1176137401,58931.823522748,1.2
high,low,baseline,single,transition,Q22,996748.1840680945,56563.86795435134,1053312.0520224457,340373.83265091456,68074.7665301829,1.2
high,low,baseline,single,transition,Q23,1108359.23597849,64707.35373585798,1173066.5897143479,391732.9175494831,78346.5835098966,1.2
high,low,baseline,single,transition,Q24,1227843.0641639314,72597.18540244113,1300440.2495663725,448462.3497074842,89692.46994149682,1.2
high,low,baseline,two,steady,Q01,34819.200000000004,2302.56,37121.76,3712.176,371.21760000000035,1.1
high,low,baseline,two,steady,Q02,73570.54525900334,4639.305715200001,78209.85097420333,8265.568853326693,826.55688533267,1.1
high,low,baseline,two,steady,Q03,81237.32301655825,4673.4914304,85910.81444695825,10011.919550574105,1001.1919550574113,1.1
high,low,baseline,two,steady,Q04,88149.90529464056,4640.416864868572,92790.32215950913,11815.370099722328,1181.5370099722338,1.1
high,low,baseline,two,steady,Q05,97098.8084829425,4470.891855634286,101569.70033857679,14051.32451477933,1405.1324514779342,1.1
high,low,baseline,two,steady,Q06,107993.67290430484,6861.477740155994,114855.15064446084,17142.48108023145,1714.2481080231464,1.1
high,low,baseline,two,steady,Q07,120923.63358052893,9148.389605031241,130072.02318556017,20823.578545303186,2082.3578545303203,1.1
high,low,baseline,two,steady,Q08,131412.85022289163,8590.553147304781,140003.4033701964,23901.812342617828,2390.181234261785,1.1
high,low,baseline,two,steady,Q09,174142.44553044977,7805.7528112302225,181948.19834168,33241.85721385741,3324.185721385744,1.1
high,low,baseline,two,steady,Q10,224682.8925460727,9883.52315995674,234566.41570602942,45194.52967158197,4519.452967158201,1.1
high,low,baseline,two,steady,Q11,245285.7560013932,11971.025739494009,257256.7817408872,52341.18583483407,5234.118583483411,1.1
high,low,baseline,two,steady,Q12,270091.6073632313,14197.808957262474,284289.4163204938,60964.114237304086,6096.411423730414,1.1
high,low,baseline,two,steady,Q13,302621.9696488187,16346.861853062734,318968.8315018815,71859.56859437017,7185.956859437023,1.1
high,low,baseline,two,steady,Q14,334144.6954144324,18530.783708412357,352675.47912284476,83268.34782667558,8326.834782667565,1.1
high,low,baseline,two,steady,Q15,368692.1665293043,20615.20145432125,389307.36798362556,96163.96157358502,9616.396157358511,1.1
high,low,baseline,two,steady,Q16,408967.37225428835,22655.997121861743,431623.3693761501,111302.73858776466,11130.273858776476,1.1
high,low,baseline,two,steady,Q17,524301.5783478767,28070.12273171242,552371.7010795891,148831.48394310503,14883.148394310516,1.1
high,low,baseline,two,steady,Q18,653363.897593855,33284.79085509478,686648.6884489498,191995.46686032033,19199.54668603205,1.1
high,low,baseline,two,steady,Q19,723254.3582660275,38459.3954987612,761713.7537647887,221270.95995484563,22127.095995484582,1.1
high,low,baseline,two,steady,Q20,806761.2661330035,43481.53275771842,850242.798890722,256249.82492084382,25624.982492084404,1.1
high,low,baseline,two,steady,Q21,895649.5348215806,48154.46064550933,943803.9954670899,294659.1176137401,29465.911761374035,1.1
high,low,baseline,two,steady,Q22,996748.1840680945,56563.86795435134,1053312.0520224457,340373.83265091456,34037.383265091485,1.1
high,low,baseline,two,steady,Q23,1108359.23597849,64707.35373585798,1173066.5897143479,391732.9175494831,39173.291754948346,1.1
high,low,baseline,two,steady,Q24,1227843.0641639314,72597.18540244113,1300440.2495663725,448462.3497074842,44846.23497074846,1.1
high,low,baseline,two,transition,Q01,34819.200000000004,2302.56,37121.76,3712.176,371.21760000000035,1.1
high,low,baseline,two,transition,Q02,73570.54525900334,4639.305715200001,78209.85097420333,8265.568853326693,826.55688533267,1.1
high,low,baseline,two,transition,Q03,81237.32301655825,4673.4914304,85910.81444695825,10011.919550574105,1001.1919550574113,1.1
high,low,baseline,two,transition,Q04,88149.90529464056,4640.416864868572,92790.32215950913,11815.370099722328,1181.5370099722338,1.1
high,low,baseline,two,transition,Q05,97098.8084829425,4470.891855634286,101569.70033857679,14051.32451477933,1405.1324514779342,1.1
high,low,baseline,two,transition,Q06,107993.67290430484,6861.477740155994,114855.15064446084,17142.48108023145,1714.2481080231464,1.1
high,low,baseline,two,transition,Q07,120923.63358052893,9148.389605031241,130072.02318556017,20823.578545303186,2082.3578545303203,1.1
high,low,baseline,two,transition,Q08,131412.85022289163,8590.553147304781,140003.4033701964,23901.812342617828,2390.181234261785,1.1
high,low,baseline,two,transition,Q09,174142.44553044977,7805.7528112302225,181948.19834168,33241.85721385741,3324.185721385744,1.1
high,low,baseline,two,transition,Q10,224682.8925460727,9883.52315995674,234566.41570602942,45194.52967158197,4519.452967158201,1.1
high,low,baseline,two,transition,Q11,245285.7560013932,11971.025739494009,257256.7817408872,52341.18583483407,5234.118583483411,1.1
high,low,baseline,two,transition,Q12,270091.6073632313,14197.808957262474,284289.4163204938,60964.114237304086,6096.411423730414,1.1
high,low,baseline,two,transition,Q13,302621.9696488187,16346.861853062734,318968.8315018815,71859.56859437017,7185.956859437023,1.1
high,low,baseline,two,transition,Q14,334144.6954144324,18530.783708412357,352675.47912284476,83268.34782667558,8326.834782667565,1.1
high,low,baseline,two,transition,Q15,368692.1665293043,20615.20145432125,389307.36798362556,96163.96157358502,9616.396157358511,1.1
high,low,baseline,two,transition,Q16,408967.37225428835,22655.997121861743,431623.3693761501,111302.73858776466,11130.273858776476,1.1
high,low,baseline,two,transition,Q17,524301.5783478767,28070.12273171242,552371.7010795891,148831.48394310503,14883.148394310516,1.1
high,low,baseline,two,transition,Q18,653363.897593855,33284.79085509478,686648.6884489498,191995.46686032033,19199.54668603205,1.1
high,low,baseline,two,transition,Q19,723254.3582660275,38459.3954987612,761713.7537647887,221270.95995484563,22127.095995484582,1.1
high,low,baseline,two,transition,Q20,806761.2661330035,43481.53275771842,850242.798890722,256249.82492084382,25624.982492084404,1.1
high,low,baseline,two,transition,Q21,895649.5348215806,48154.46064550933,943803.9954670899,294659.1176137401,29465.911761374035,1.1
high,low,baseline,two,transition,Q22,996748.1840680945,56563.86795435134,1053312.0520224457,340373.83265091456,34037.383265091485,1.1
high,low,baseline,two,transition,Q23,1108359.23597849,64707.35373585798,1173066.5897143479,391732.9175494831,39173.291754948346,1.1
high,low,baseline,two,transition,Q24,1227843.0641639314,72597.18540244113,1300440.2495663725,448462.3497074842,44846.23497074846,1.1
high,low,improved_pue,single,steady,Q01,34819.200000000004,2302.56,37121.76,3712.176,742.4351999999998,1.2
high,low,improved_pue,single,steady,Q02,73570.54525900334,4639.305715200001,78209.85097420333,8265.568853326693,1635.1451427233228,1.1978260869565216
high,low,improved_pue,single,steady,Q03,81237.32301655825,4673.4914304,85910.81444695825,10011.919550574105,1958.8538251123246,1.1956521739130435
high,low,improved_pue,single,steady,Q04,88149.90529464056,4640.416864868572,92790.32215950913,11815.370099722328,2286.017258424536,1.193478260869565
high,low,improved_pue,single,steady,Q05,97098.8084829425,4470.891855634286,101569.70033857679,14051.32451477933,2688.0794723925674,1.191304347826087
high,low,improved_pue,single,steady,Q06,107993.67290430484,6861.477740155994,114855.15064446084,17142.48108023145,3242.164899956816,1.1891304347826086
high,low,improved_pue,single,steady,Q07,120923.63358052893,9148.389605031241,130072.02318556017,20823.578545303186,3893.1038149914657,1.1869565217391305
high,low,improved_pue,single,steady,Q08,131412.85022289163,8590.553147304781,140003.4033701964,23901.812342617828,4416.639237222858,1.184782608695652
high,low,improved_pue,single,steady,Q09,174142.44553044977,7805.7528112302225,181948.19834168,33241.85721385741,6070.2521868783115,1.182608695652174
high,low,improved_pue,single,steady,Q10,224682.8925460727,9883.52315995674,234566.41570602942,45194.52967158197,8154.665136394136,1.1804347826086956
high,low,improved_pue,single,steady,Q11,245285.7560013932,11971.025739494009,257256.7817408872,52341.18583483407,9330.385300992153,1.1782608695652173
high,low,improved_pue,single,steady,Q12,270091.6073632313,14197.808957262474,284289.4163204938,60964.114237304086,10734.9853330905,1.1760869565217391
high,low,improved_pue,single,steady,Q13,302621.9696488187,16346.861853062734,318968.8315018815,71859.56859437017,12497.31627728176,1.1739130434782608
high,low,improved_pue,single,steady,Q14,334144.6954144324,18530.783708412357,352675.47912284476,83268.34782667558,14300.433648494285,1.1717391304347826
high,low,improved_pue,single,steady,Q15,368692.1665293043,20615.20145432125,389307.36798362556,96163.96157358502,16306.063049433973,1.1695652173913043
high,low,improved_pue,single,steady,Q16,408967.37225428835,22655.997121861743,431623.3693761501,111302.73858776466,18631.110589691045,1.1673913043478261
high,low,improved_pue,single,steady,Q17,524301.5783478767,28070.12273171242,552371.7010795891,148831.48394310503,24589.549521034736,1.1652173913043478
high,low,improved_pue,single,steady,Q18,653363.897593855,33284.79085509478,686648.6884489498,191995.46686032033,31303.608727226154,1.1630434782608696
high,low,improved_pue,single,steady,Q19,723254.3582660275,38459.3954987612,761713.7537647887,221270.95995484563,35595.76312317081,1.1608695652173913
high,low,improved_pue,single,steady,Q20,806761.2661330035,43481.53275771842,850242.798890722,256249.82492084382,40665.733085264306,1.158695652173913
high,low,improved_pue,single,steady,Q21,895649.5348215806,48154.46064550933,943803.9954670899,294659.1176137401,46120.55753954192,1.1565217391304348
high,low,improved_pue,single,steady,Q22,996748.1840680945,56563.86795435134,1053312.0520224457,340373.83265091456,52535.96112655416,1.1543478260869564
high,low,improved_pue,single,steady,Q23,1108359.23597849,64707.35373585798,1173066.5897143479,391732.9175494831,59611.530931443085,1.1521739130434783
high,low,improved_pue,single,steady,Q24,1227843.0641639314,72597.18540244113,1300440.2495663725,448462.3497074842,67269.3524561226,1.15
high,low,improved_pue,single,transition,Q01,34819.200000000004,2302.56,37121.76,3712.176,742.4351999999998,1.2
high,low,improved_pue,single,transition,Q02,73570.54525900334,4639.305715200001,78209.85097420333,8265.568853326693,1635.1451427233228,1.1978260869565216
high,low,improved_pue,single,transition,Q03,81237.32301655825,4673.4914304,85910.81444695825,10011.919550574105,1958.8538251123246,1.1956521739130435
high,low,improved_pue,single,transition,Q04,88149.90529464056,4640.416864868572,92790.32215950913,11815.370099722328,2286.017258424536,1.193478260869565
high,low,improved_pue,single,transition,Q05,97098.8084829425,4470.891855634286,101569.70033857679,14051.32451477933,2688.0794723925674,1.191304347826087
high,low,improved_pue,single,transition,Q06,107993.67290430484,6861.477740155994,114855.15064446084,17142.48108023145,3242.164899956816,1.1891304347826086
high,low,improved_pue,single,transition,Q07,120923.63358052893,9148.389605031241,130072.02318556017,20823.578545303186,3893.1038149914657,1.1869565217391305
high,low,improved_pue,single,transition,Q08,131412.85022289163,8590.553147304781,140003.4033701964,23901.812342617828,4416.639237222858,1.184782608695652
high,low,improved_pue,single,transition,Q09,174142.44553044977,7805.7528112302225,181948.19834168,33241.85721385741,6070.2521868783115,1.182608695652174
high,low,improved_pue,single,transition,Q10,224682.8925460727,9883.52315995674,234566.41570602942,45194.52967158197,8154.665136394136,1.1804347826086956
high,low,improved_pue,single,transition,Q11,245285.7560013932,11971.025739494009,257256.7817408872,52341.18583483407,9330.385300992153,1.1782608695652173
high,low,improved_pue,single,transition,Q12,270091.6073632313,14197.808957262474,284289.4163204938,60964.114237304086,10734.9853330905,1.1760869565217391
high,low,improved_pue,single,transition,Q13,302621.9696488187,16346.861853062734,318968.8315018815,71859.56859437017,12497.31627728176,1.1739130434782608
high,low,improved_pue,single,transition,Q14,334144.6954144324,18530.783708412357,352675.47912284476,83268.34782667558,14300.433648494285,1.1717391304347826
high,low,improved_pue,single,transition,Q15,368692.1665293043,20615.20145432125,389307.36798362556,96163.96157358502,16306.063049433973,1.1695652173913043
high,low,improved_pue,single,transition,Q16,408967.37225428835,22655.997121861743,431623.3693761501,111302.73858776466,18631.110589691045,1.1673913043478261
high,low,improved_pue,single,transition,Q17,524301.5783478767,28070.12273171242,552371.7010795891,148831.48394310503,24589.549521034736,1.1652173913043478
high,low,improved_pue,single,transition,Q18,653363.897593855,33284.79085509478,686648.6884489498,191995.46686032033,31303.608727226154,1.1630434782608696
high,low,improved_pue,single,transition,Q19,723254.3582660275,38459.3954987612,761713.7537647887,221270.95995484563,35595.76312317081,1.1608695652173913
high,low,improved_pue,single,transition,Q20,806761.2661330035,43481.53275771842,850242.798890722,256249.82492084382,40665.733085264306,1.158695652173913
high,low,improved_pue,single,transition,Q21,895649.5348215806,48154.46064550933,943803.9954670899,294659.1176137401,46120.55753954192,1.1565217391304348
high,low,improved_pue,single,transition,Q22,996748.1840680945,56563.86795435134,1053312.0520224457,340373.83265091456,52535.96112655416,1.1543478260869564
high,low,improved_pue,single,transition,Q23,1108359.23597849,64707.35373585798,1173066.5897143479,391732.9175494831,59611.530931443085,1.1521739130434783
high,low,improved_pue,single,transition,Q24,1227843.0641639314,72597.18540244113,1300440.2495663725,448462.3497074842,67269.3524561226,1.15
high,low,improved_pue,two,steady,Q01,34819.200000000004,2302.56,37121.76,3712.176,371.21760000000035,1.1
high,low,improved_pue,two,steady,Q02,73570.54525900334,4639.305715200001,78209.85097420333,8265.568853326693,817.5725713616632,1.098913043478261
high,low,improved_pue,two,steady,Q03,81237.32301655825,4673.4914304,85910.81444695825,10011.919550574105,979.4269125561623,1.0978260869565217
high,low,improved_pue,two,steady,Q04,88149.90529464056,4640.416864868572,92790.32215950913,11815.370099722328,1143.0086292122692,1.0967391304347827
high,low,improved_pue,two,steady,Q05,97098.8084829425,4470.891855634286,101569.70033857679,14051.32451477933,1344.0397361962853,1.0956521739130436
high,low,improved_pue,two,steady,Q06,107993.67290430484,6861.477740155994,114855.15064446084,17142.48108023145,1621.082449978412,1.0945652173913045
high,low,improved_pue,two,steady,Q07,120923.63358052893,9148.389605031241,130072.02318556017,20823.578545303186,1946.5519074957328,1.0934782608695652
high,low,improved_pue,two,steady,Q08,131412.85022289163,8590.553147304781,140003.4033701964,23901.812342617828,2208.3196186114315,1.0923913043478262
high,low,improved_pue,two,steady,Q09,174142.44553044977,7805.7528112302225,181948.19834168,33241.85721385741,3035.1260934391594,1.091304347826087
high,low,improved_pue,two,steady,Q10,224682.8925460727,9883.52315995674,234566.41570602942,45194.52967158197,4077.332568197068,1.0902173913043478
high,low,improved_pue,two,steady,Q11,245285.7560013932,11971.025739494009,257256.7817408872,52341.18583483407,4665.192650496082,1.0891304347826087
high,low,improved_pue,two,steady,Q12,270091.6073632313,14197.808957262474,284289.4163204938,60964.114237304086,5367.492666545258,1.0880434782608697
high,low,improved_pue,two,steady,Q13,302621.9696488187,16346.861853062734,318968.8315018815,71859.56859437017,6248.658138640896,1.0869565217391306
high,low,improved_pue,two,steady,Q14,334144.6954144324,18530.783708412357,352675.47912284476,83268.34782667558,7150.2168242471425,1.0858695652173913
high,low,improved_pue,two,steady,Q15,368692.1665293043,20615.20145432125,389307.36798362556,96163.96157358502,8153.031524716997,1.0847826086956522
high,low,improved_pue,two,steady,Q16,408967.37225428835,22655.997121861743,431623.3693761501,111302.73858776466,9315.555294845535,1.0836956521739132
high,low,improved_pue,two,steady,Q17,524301.5783478767,28070.12273171242,552371.7010795891,148831.48394310503,12294.7747605174,1.082608695652174
high,low,improved_pue,two,steady,Q18,653363.897593855,33284.79085509478,686648.6884489498,191995.46686032033,15651.804363613077,1.0815217391304348
high,low,improved_pue,two,steady,Q19,723254.3582660275,38459.3954987612,761713.7537647887,221270.95995484563,17797.88156158543,1.0804347826086957
high,low,improved_pue,two,steady,Q20,806761.2661330035,43481.53275771842,850242.798890722,256249.82492084382,20332.86654263221,1.0793478260869567
high,low,improved_pue,two,steady,Q21,895649.5348215806,48154.46064550933,943803.9954670899,294659.1176137401,23060.27876977096,1.0782608695652174
high,low,improved_pue,two,steady,Q22,996748.1840680945,56563.86795435134,1053312.0520224457,340373.83265091456,26267.98056327712,1.0771739130434783
high,low,improved_pue,two,steady,Q23,1108359.23597849,64707.35373585798,1173066.5897143479,391732.9175494831,29805.765465721586,1.0760869565217392
high,low,improved_pue,two,steady,Q24,1227843.0641639314,72597.18540244113,1300440.2495663725,448462.3497074842,33634.67622806139,1.0750000000000002
high,low,improved_pue,two,transition,Q01,34819.200000000004,2302.56,37121.76,3712.176,371.21760000000035,1.1
high,low,improved_pue,two,transition,Q02,73570.54525900334,4639.305715200001,78209.85097420333,8265.568853326693,817.5725713616632,1.098913043478261
high,low,improved_pue,two,transition,Q03,81237.32301655825,4673.4914304,85910.81444695825,10011.919550574105,979.4269125561623,1.0978260869565217
high,low,improved_pue,two,transition,Q04,88149.90529464056,4640.416864868572,92790.32215950913,11815.370099722328,1143.0086292122692,1.0967391304347827
high,low,improved_pue,two,transition,Q05,97098.8084829425,4470.891855634286,101569.70033857679,14051.32451477933,1344.0397361962853,1.0956521739130436
high,low,improved_pue,two,transition,Q06,107993.67290430484,6861.477740155994,114855.15064446084,17142.48108023145,1621.082449978412,1.0945652173913045
high,low,improved_pue,two,transition,Q07,120923.63358052893,9148.389605031241,130072.02318556017,20823.578545303186,1946.5519074957328,1.0934782608695652
high,low,improved_pue,two,transition,Q08,131412.85022289163,8590.553147304781,140003.4033701964,23901.812342617828,2208.3196186114315,1.0923913043478262
high,low,improved_pue,two,transition,Q09,174142.44553044977,7805.7528112302225,181948.19834168,33241.85721385741,3035.1260934391594,1.091304347826087
high,low,improved_pue,two,transition,Q10,224682.8925460727,9883.52315995674,234566.41570602942,45194.52967158197,4077.332568197068,1.0902173913043478
high,low,improved_pue,two,transition,Q11,245285.7560013932,11971.025739494009,257256.7817408872,52341.18583483407,4665.192650496082,1.0891304347826087
high,low,improved_pue,two,transition,Q12,270091.6073632313,14197.808957262474,284289.4163204938,60964.114237304086,5367.492666545258,1.0880434782608697
high,low,improved_pue,two,transition,Q13,302621.9696488187,16346.861853062734,318968.8315018815,71859.56859437017,6248.658138640896,1.0869565217391306
high,low,improved_pue,two,transition,Q14,334144.6954144324,18530.783708412357,352675.47912284476,83268.34782667558,7150.2168242471425,1.0858695652173913
high,low,improved_pue,two,transition,Q15,368692.1665293043,20615.20145432125,389307.36798362556,96163.96157358502,8153.031524716997,1.0847826086956522
high,low,improved_pue,two,transition,Q16,408967.37225428835,22655.997121861743,431623.3693761501,111302.73858776466,9315.555294845535,1.0836956521739132
high,low,improved_pue,two,transition,Q17,524301.5783478767,28070.12273171242,552371.7010795891,148831.48394310503,12294.7747605174,1.082608695652174
high,low,improved_pue,two,transition,Q18,653363.897593855,33284.79085509478,686648.6884489498,191995.46686032033,15651.804363613077,1.0815217391304348
high,low,improved_pue,two,transition,Q19,723254.3582660275,38459.3954987612,761713.7537647887,221270.95995484563,17797.88156158543,1.0804347826086957
high,low,improved_pue,two,transition,Q20,806761.2661330035,43481.53275771842,850242.798890722,256249.82492084382,20332.86654263221,1.0793478260869567
high,low,improved_pue,two,transition,Q21,895649.5348215806,48154.46064550933,943803.9954670899,294659.1176137401,23060.27876977096,1.0782608695652174
high,low,improved_pue,two,transition,Q22,996748.1840680945,56563.86795435134,1053312.0520224457,340373.83265091456,26267.98056327712,1.0771739130434783
high,low,improved_pue,two,transition,Q23,1108359.23597849,64707.35373585798,1173066.5897143479,391732.9175494831,29805.765465721586,1.0760869565217392
high,low,improved_pue,two,transition,Q24,1227843.0641639314,72597.18540244113,1300440.2495663725,448462.3497074842,33634.67622806139,1.0750000000000002
high,low,advanced_coolant,single,steady,Q01,34819.200000000004,2302.56,37121.76,3712.176,742.4351999999998,1.2
high,low,advanced_coolant,single,steady,Q02,73570.54525900334,4639.305715200001,78209.85097420333,8265.568853326693,1653.1137706653383,1.2
high,low,advanced_coolant,single,steady,Q03,81237.32301655825,4673.4914304,85910.81444695825,10011.919550574105,2002.3839101148205,1.2
high,low,advanced_coolant,single,steady,Q04,88149.90529464056,4640.416864868572,92790.32215950913,11815.370099722328,2363.074019944465,1.2
high,low,advanced_coolant,single,steady,Q05,97098.8084829425,4470.891855634286,101569.70033857679,14051.32451477933,2810.264902955865,1.2
high,low,advanced_coolant,single,steady,Q06,107993.67290430484,6861.477740155994,114855.15064446084,17142.48108023145,3428.496216046289,1.2
high,low,advanced_coolant,single,steady,Q07,120923.63358052893,9148.389605031241,130072.02318556017,20823.578545303186,4164.715709060636,1.2
high,low,advanced_coolant,single,steady,Q08,131412.85022289163,8590.553147304781,140003.4033701964,23901.812342617828,4780.3624685235645,1.2
high,low,advanced_coolant,single,steady,Q09,174142.44553044977,7805.7528112302225,181948.19834168,33241.85721385741,6648.37144277148,1.2
high,low,advanced_coolant,single,steady,Q10,224682.8925460727,9883.52315995674,234566.41570602942,45194.52967158197,9038.905934316392,1.2
high,low,advanced_coolant,single,steady,Q11,245285.7560013932,11971.025739494009,257256.7817408872,52341.18583483407,10468.237166966812,1.2
high,low,advanced_coolant,single,steady,Q12,270091.6073632313,14197.808957262474,284289.4163204938,60964.114237304086,12192.822847460815,1.2
high,low,advanced_coolant,single,steady,Q13,302621.9696488187,16346.861853062734,318968.8315018815,71859.56859437017,14371.91371887403,1.2
high,low,advanced_coolant,single,steady,Q14,334144.6954144324,18530.783708412357,352675.47912284476,83268.34782667558,16653.669565335113,1.2
high,low,advanced_coolant,single,steady,Q15,368692.1665293043,20615.20145432125,389307.36798362556,96163.96157358502,19232.792314717,1.2
high,low,advanced_coolant,single,steady,Q16,408967.37225428835,22655.997121861743,431623.3693761501,111302.73858776466,22260.547717552927,1.2
high,low,advanced_coolant,single,steady,Q17,524301.5783478767,28070.12273171242,552371.7010795891,148831.48394310503,29766.296788621,1.2
high,low,advanced_coolant,single,steady,Q18,653363.897593855,33284.79085509478,686648.6884489498,191995.46686032033,38399.09337206406,1.2
high,low,advanced_coolant,single,steady,Q19,723254.3582660275,38459.3954987612,761713.7537647887,221270.95995484563,44254.19199096911,1.2
high,low,advanced_coolant,single,steady,Q20,806761.2661330035,43481.53275771842,850242.798890722,256249.82492084382,51249.96498416875,1.2
high,low,advanced_coolant,single,steady,Q21,895649.5348215806,48154.46064550933,943803.9954670899,294659.1176137401,58931.823522748,1.2
high,low,advanced_coolant,single,steady,Q22,996748.1840680945,56563.86795435134,1053312.0520224457,340373.83265091456,68074.7665301829,1.2
high,low,advanced_coolant,single,steady,Q23,1108359.23597849,64707.35373585798,1173066.5897143479,391732.9175494831,78346.5835098966,1.2
high,low,advanced_coolant,single,steady,Q24,1227843.0641639314,72597.18540244113,1300440.2495663725,448462.3497074842,89692.46994149682,1.2
high,low,advanced_coolant,single,transition,Q01,34819.200000000004,2302.56,37121.76,3712.176,742.4351999999998,1.2
high,low,advanced_coolant,single,transition,Q02,73570.54525900334,4639.305715200001,78209.85097420333,8265.568853326693,1653.1137706653383,1.2
high,low,advanced_coolant,single,transition,Q03,81237.32301655825,4673.4914304,85910.81444695825,10011.919550574105,2002.3839101148205,1.2
high,low,advanced_coolant,single,transition,Q04,88149.90529464056,4640.416864868572,92790.32215950913,11815.370099722328,2363.074019944465,1.2
high,low,advanced_coolant,single,transition,Q05,97098.8084829425,4470.891855634286,101569.70033857679,14051.32451477933,2810.264902955865,1.2
high,low,advanced_coolant,single,transition,Q06,107993.67290430484,6861.477740155994,114855.15064446084,17142.48108023145,3428.496216046289,1.2
high,low,advanced_coolant,single,transition,Q07,120923.63358052893,9148.389605031241,130072.02318556017,20823.578545303186,4164.715709060636,1.2
high,low,advanced_coolant,single,transition,Q08,131412.85022289163,8590.553147304781,140003.4033701964,23901.812342617828,4780.3624685235645,1.2
high,low,advanced_coolant,single,transition,Q09,174142.44553044977,7805.7528112302225,181948.19834168,33241.85721385741,6648.37144277148,1.2
high,low,advanced_coolant,single,transition,Q10,224682.8925460727,9883.52315995674,234566.41570602942,45194.52967158197,9038.905934316392,1.2
high,low,advanced_coolant,single,transition,Q11,245285.7560013932,11971.025739494009,257256.7817408872,52341.18583483407,10468.237166966812,1.2
high,low,advanced_coolant,single,transition,Q12,270091.6073632313,14197.808957262474,284289.4163204938,60964.114237304086,12192.822847460815,1.2
high,low,advanced_coolant,single,transition,Q13,302621.9696488187,16346.861853062734,318968.8315018815,71859.56859437017,14371.91371887403,1.2
high,low,advanced_coolant,single,transition,Q14,334144.6954144324,18530.783708412357,352675.47912284476,83268.34782667558,16653.669565335113,1.2
high,low,advanced_coolant,single,transition,Q15,368692.1665293043,20615.20145432125,389307.36798362556,96163.96157358502,19232.792314717,1.2
high,low,advanced_coolant,single,transition,Q16,408967.37225428835,22655.997121861743,431623.3693761501,111302.73858776466,22260.547717552927,1.2
high,low,advanced_coolant,single,transition,Q17,524301.5783478767,28070.12273171242,552371.7010795891,148831.48394310503,29766.296788621,1.2
high,low,advanced_coolant,single,transition,Q18,653363.897593855,33284.79085509478,686648.6884489498,191995.46686032033,38399.09337206406,1.2
high,low,advanced_coolant,single,transition,Q19,723254.3582660275,38459.3954987612,761713.7537647887,221270.95995484563,44254.19199096911,1.2
high,low,advanced_coolant,single,transition,Q20,806761.2661330035,43481.53275771842,850242.798890722,256249.82492084382,51249.96498416875,1.2
high,low,advanced_coolant,single,transition,Q21,895649.5348215806,48154.46064550933,943803.9954670899,294659.1176137401,58931.823522748,1.2
high,low,advanced_coolant,single,transition,Q22,996748.1840680945,56563.86795435134,1053312.0520224457,340373.83265091456,68074.7665301829,1.2
high,low,advanced_coolant,single,transition,Q23,1108359.23597849,64707.35373585798,1173066.5897143479,391732.9175494831,78346.5835098966,1.2
high,low,advanced_coolant,single,transition,Q24,1227843.0641639314,72597.18540244113,1300440.2495663725,448462.3497074842,89692.46994149682,1.2
high,low,advanced_coolant,two,steady,Q01,34819.200000000004,2302.56,37121.76,3712.176,371.21760000000035,1.1
high,low,advanced_coolant,two,steady,Q02,73570.54525900334,4639.305715200001,78209.85097420333,8265.568853326693,826.55688533267,1.1
high,low,advanced_coolant,two,steady,Q03,81237.32301655825,4673.4914304,85910.81444695825,10011.919550574105,1001.1919550574113,1.1
high,low,advanced_coolant,two,steady,Q04,88149.90529464056,4640.416864868572,92790.32215950913,11815.370099722328,1181.5370099722338,1.1
high,low,advanced_coolant,two,steady,Q05,97098.8084829425,4470.891855634286,101569.70033857679,14051.32451477933,1405.1324514779342,1.1
high,low,advanced_coolant,two,steady,Q06,107993.67290430484,6861.477740155994,114855.15064446084,17142.48108023145,1714.2481080231464,1.1
high,low,advanced_coolant,two,steady,Q07,120923.63358052893,9148.389605031241,130072.02318556017,20823.578545303186,2082.3578545303203,1.1
high,low,advanced_coolant,two,steady,Q08,131412.85022289163,8590.553147304781,140003.4033701964,23901.812342617828,2390.181234261785,1.1
high,low,advanced_coolant,two,steady,Q09,174142.44553044977,7805.7528112302225,181948.19834168,33241.85721385741,3324.185721385744,1.1
high,low,advanced_coolant,two,steady,Q10,224682.8925460727,9883.52315995674,234566.41570602942,45194.52967158197,4519.452967158201,1.1
high,low,advanced_coolant,two,steady,Q11,245285.7560013932,11971.025739494009,257256.7817408872,52341.18583483407,5234.118583483411,1.1
high,low,advanced_coolant,two,steady,Q12,270091.6073632313,14197.808957262474,284289.4163204938,60964.114237304086,6096.411423730414,1.1
high,low,advanced_coolant,two,steady,Q13,302621.9696488187,16346.861853062734,318968.8315018815,71859.56859437017,7185.956859437023,1.1
high,low,advanced_coolant,two,steady,Q14,334144.6954144324,18530.783708412357,352675.47912284476,83268.34782667558,8326.834782667565,1.1
high,low,advanced_coolant,two,steady,Q15,368692.1665293043,20615.20145432125,389307.36798362556,96163.96157358502,9616.396157358511,1.1
high,low,advanced_coolant,two,steady,Q16,408967.37225428835,22655.997121861743,431623.3693761501,111302.73858776466,11130.273858776476,1.1
high,low,advanced_coolant,two,steady,Q17,524301.5783478767,28070.12273171242,552371.7010795891,148831.48394310503,14883.148394310516,1.1
high,low,advanced_coolant,two,steady,Q18,653363.897593855,33284.79085509478,686648.6884489498,191995.46686032033,19199.54668603205,1.1
high,low,advanced_coolant,two,steady,Q19,723254.3582660275,38459.3954987612,761713.7537647887,221270.95995484563,22127.095995484582,1.1
high,low,advanced_coolant,two,steady,Q20,806761.2661330035,43481.53275771842,850242.798890722,256249.82492084382,25624.982492084404,1.1
high,low,advanced_coolant,two,steady,Q21,895649.5348215806,48154.46064550933,943803.9954670899,294659.1176137401,29465.911761374035,1.1
high,low,advanced_coolant,two,steady,Q22,996748.1840680945,56563.86795435134,1053312.0520224457,340373.83265091456,34037.383265091485,1.1
high,low,advanced_coolant,two,steady,Q23,1108359.23597849,64707.35373585798,1173066.5897143479,391732.9175494831,39173.291754948346,1.1
high,low,advanced_coolant,two,steady,Q24,1227843.0641639314,72597.18540244113,1300440.2495663725,448462.3497074842,44846.23497074846,1.1
high,low,advanced_coolant,two,transition,Q01,34819.200000000004,2302.56,37121.76,3712.176,371.21760000000035,1.1
high,low,advanced_coolant,two,transition,Q02,73570.54525900334,4639.305715200001,78209.85097420333,8265.568853326693,826.55688533267,1.1
high,low,advanced_coolant,two,transition,Q03,81237.32301655825,4673.4914304,85910.81444695825,10011.919550574105,1001.1919550574113,1.1
high,low,advanced_coolant,two,transition,Q04,88149.90529464056,4640.416864868572,92790.32215950913,11815.370099722328,1181.5370099722338,1.1
high,low,advanced_coolant,two,transition,Q05,97098.8084829425,4470.891855634286,101569.70033857679,14051.32451477933,1405.1324514779342,1.1
high,low,advanced_coolant,two,transition,Q06,107993.67290430484,6861.477740155994,114855.15064446084,17142.48108023145,1714.2481080231464,1.1
high,low,advanced_coolant,two,transition,Q07,120923.63358052893,9148.389605031241,130072.02318556017,20823.578545303186,2082.3578545303203,1.1
high,low,advanced_coolant,two,transition,Q08,131412.85022289163,8590.553147304781,140003.4033701964,23901.812342617828,2390.181234261785,1.1
high,low,advanced_coolant,two,transition,Q09,174142.44553044977,7805.7528112302225,181948.19834168,33241.85721385741,3324.185721385744,1.1
high,low,advanced_coolant,two,transition,Q10,224682.8925460727,9883.52315995674,234566.41570602942,45194.52967158197,4519.452967158201,1.1
high,low,advanced_coolant,two,transition,Q11,245285.7560013932,11971.025739494009,257256.7817408872,52341.18583483407,5234.118583483411,1.1
high,low,advanced_coolant,two,transition,Q12,270091.6073632313,14197.808957262474,284289.4163204938,60964.114237304086,6096.411423730414,1.1
high,low,advanced_coolant,two,transition,Q13,302621.9696488187,16346.861853062734,318968.8315018815,71859.56859437017,7185.956859437023,1.1
high,low,advanced_coolant,two,transition,Q14,334144.6954144324,18530.783708412357,352675.47912284476,83268.34782667558,8326.834782667565,1.1
high,low,advanced_coolant,two,transition,Q15,368692.1665293043,20615.20145432125,389307.36798362556,96163.96157358502,9616.396157358511,1.1
high,low,advanced_coolant,two,transition,Q16,408967.37225428835,22655.997121861743,431623.3693761501,111302.73858776466,11130.273858776476,1.1
high,low,advanced_coolant,two,transition,Q17,524301.5783478767,28070.12273171242,552371.7010795891,148831.48394310503,14883.148394310516,1.1
high,low,advanced_coolant,two,transition,Q18,653363.897593855,33284.79085509478,686648.6884489498,191995.46686032033,19199.54668603205,1.1
high,low,advanced_coolant,two,transition,Q19,723254.3582660275,38459.3954987612,761713.7537647887,221270.95995484563,22127.095995484582,1.1
high,low,advanced_coolant,two,transition,Q20,806761.2661330035,43481.53275771842,850242.798890722,256249.82492084382,25624.982492084404,1.1
high,low,advanced_coolant,two,transition,Q21,895649.5348215806,48154.46064550933,943803.9954670899,294659.1176137401,29465.911761374035,1.1
high,low,advanced_coolant,two,transition,Q22,996748.1840680945,56563.86795435134,1053312.0520224457,340373.83265091456,34037.383265091485,1.1
high,low,advanced_coolant,two,transition,Q23,1108359.23597849,64707.35373585798,1173066.5897143479,391732.9175494831,39173.291754948346,1.1
high,low,advanced_coolant,two,transition,Q24,1227843.0641639314,72597.18540244113,1300440.2495663725,448462.3497074842,44846.23497074846,1.1
high,low,coolant_recovery,single,steady,Q01,34819.200000000004,2302.56,37121.76,3712.176,742.4351999999998,1.2
high,low,coolant_recovery,single,steady,Q02,73570.54525900334,4639.305715200001,78209.85097420333,8265.568853326693,1653.1137706653383,1.2
high,low,coolant_recovery,single,steady,Q03,81237.32301655825,4673.4914304,85910.81444695825,10011.919550574105,2002.3839101148205,1.2
high,low,coolant_recovery,single,steady,Q04,88149.90529464056,4640.416864868572,92790.32215950913,11815.370099722328,2363.074019944465,1.2
high,low,coolant_recovery,single,steady,Q05,97098.8084829425,4470.891855634286,101569.70033857679,14051.32451477933,2810.264902955865,1.2
high,low,coolant_recovery,single,steady,Q06,107993.67290430484,6861.477740155994,114855.15064446084,17142.48108023145,3428.496216046289,1.2
high,low,coolant_recovery,single,steady,Q07,120923.63358052893,9148.389605031241,130072.02318556017,20823.578545303186,4164.715709060636,1.2
high,low,coolant_recovery,single,steady,Q08,131412.85022289163,8590.553147304781,140003.4033701964,23901.812342617828,4780.3624685235645,1.2
high,low,coolant_recovery,single,steady,Q09,174142.44553044977,7805.7528112302225,181948.19834168,33241.85721385741,6648.37144277148,1.2
high,low,coolant_recovery,single,steady,Q10,224682.8925460727,9883.52315995674,234566.41570602942,45194.52967158197,9038.905934316392,1.2
high,low,coolant_recovery,single,steady,Q11,245285.7560013932,11971.025739494009,257256.7817408872,52341.18583483407,10468.237166966812,1.2
high,low,coolant_recovery,single,steady,Q12,270091.6073632313,14197.808957262474,284289.4163204938,60964.114237304086,12192.822847460815,1.2
high,low,coolant_recovery,single,steady,Q13,302621.9696488187,16346.861853062734,318968.8315018815,71859.56859437017,14371.91371887403,1.2
high,low,coolant_recovery,single,steady,Q14,334144.6954144324,18530.783708412357,352675.47912284476,83268.34782667558,16653.669565335113,1.2
high,low,coolant_recovery,single,steady,Q15,368692.1665293043,20615.20145432125,389307.36798362556,96163.96157358502,19232.792314717,1.2
high,low,coolant_recovery,single,steady,Q16,408967.37225428835,22655.997121861743,431623.3693761501,111302.73858776466,22260.547717552927,1.2
high,low,coolant_recovery,single,steady,Q17,524301.5783478767,28070.12273171242,552371.7010795891,148831.48394310503,29766.296788621,1.2
high,low,coolant_recovery,single,steady,Q18,653363.897593855,33284.79085509478,686648.6884489498,191995.46686032033,38399.09337206406,1.2
high,low,coolant_recovery,single,steady,Q19,723254.3582660275,38459.3954987612,761713.7537647887,221270.95995484563,44254.19199096911,1.2
high,low,coolant_recovery,single,steady,Q20,806761.2661330035,43481.53275771842,850242.798890722,256249.82492084382,51249.96498416875,1.2
high,low,coolant_recovery,single,steady,Q21,895649.5348215806,48154.46064550933,943803.9954670899,294659.1176137401,58931.823522748,1.2
high,low,coolant_recovery,single,steady,Q22,996748.1840680945,56563.86795435134,1053312.0520224457,340373.83265091456,68074.7665301829,1.2
high,low,coolant_recovery,single,steady,Q23,1108359.23597849,64707.35373585798,1173066.5897143479,391732.9175494831,78346.5835098966,1.2
high,low,coolant_recovery,single,steady,Q24,1227843.0641639314,72597.18540244113,1300440.2495663725,448462.3497074842,89692.46994149682,1.2
high,low,coolant_recovery,single,transition,Q01,34819.200000000004,2302.56,37121.76,3712.176,742.4351999999998,1.2
high,low,coolant_recovery,single,transition,Q02,73570.54525900334,4639.305715200001,78209.85097420333,8265.568853326693,1653.1137706653383,1.2
high,low,coolant_recovery,single,transition,Q03,81237.32301655825,4673.4914304,85910.81444695825,10011.919550574105,2002.3839101148205,1.2
high,low,coolant_recovery,single,transition,Q04,88149.90529464056,4640.416864868572,92790.32215950913,11815.370099722328,2363.074019944465,1.2
high,low,coolant_recovery,single,transition,Q05,97098.8084829425,4470.891855634286,101569.70033857679,14051.32451477933,2810.264902955865,1.2
high,low,coolant_recovery,single,transition,Q06,107993.67290430484,6861.477740155994,114855.15064446084,17142.48108023145,3428.496216046289,1.2
high,low,coolant_recovery,single,transition,Q07,120923.63358052893,9148.389605031241,130072.02318556017,20823.578545303186,4164.715709060636,1.2
high,low,coolant_recovery,single,transition,Q08,131412.85022289163,8590.553147304781,140003.4033701964,23901.812342617828,4780.3624685235645,1.2
high,low,coolant_recovery,single,transition,Q09,174142.44553044977,7805.7528112302225,181948.19834168,33241.85721385741,6648.37144277148,1.2
high,low,coolant_recovery,single,transition,Q10,224682.8925460727,9883.52315995674,234566.41570602942,45194.52967158197,9038.905934316392,1.2
high,low,coolant_recovery,single,transition,Q11,245285.7560013932,11971.025739494009,257256.7817408872,52341.18583483407,10468.237166966812,1.2
high,low,coolant_recovery,single,transition,Q12,270091.6073632313,14197.808957262474,284289.4163204938,60964.114237304086,12192.822847460815,1.2
high,low,coolant_recovery,single,transition,Q13,302621.9696488187,16346.861853062734,318968.8315018815,71859.56859437017,14371.91371887403,1.2
high,low,coolant_recovery,single,transition,Q14,334144.6954144324,18530.783708412357,352675.47912284476,83268.34782667558,16653.669565335113,1.2
high,low,coolant_recovery,single,transition,Q15,368692.1665293043,20615.20145432125,389307.36798362556,96163.96157358502,19232.792314717,1.2
high,low,coolant_recovery,single,transition,Q16,408967.37225428835,22655.997121861743,431623.3693761501,111302.73858776466,22260.547717552927,1.2
high,low,coolant_recovery,single,transition,Q17,524301.5783478767,28070.12273171242,552371.7010795891,148831.48394310503,29766.296788621,1.2
high,low,coolant_recovery,single,transition,Q18,653363.897593855,33284.79085509478,686648.6884489498,191995.46686032033,38399.09337206406,1.2
high,low,coolant_recovery,single,transition,Q19,723254.3582660275,38459.3954987612,761713.7537647887,221270.95995484563,44254.19199096911,1.2
high,low,coolant_recovery,single,transition,Q20,806761.2661330035,43481.53275771842,850242.798890722,256249.82492084382,51249.96498416875,1.2
high,low,coolant_recovery,single,transition,Q21,895649.5348215806,48154.46064550933,943803.9954670899,294659.1176137401,58931.823522748,1.2
high,low,coolant_recovery,single,transition,Q22,996748.1840680945,56563.86795435134,1053312.0520224457,340373.83265091456,68074.7665301829,1.2
high,low,coolant_recovery,single,transition,Q23,1108359.23597849,64707.35373585798,1173066.5897143479,391732.9175494831,78346.5835098966,1.2
high,low,coolant_recovery,single,transition,Q24,1227843.0641639314,72597.18540244113,1300440.2495663725,448462.3497074842,89692.46994149682,1.2
high,low,coolant_recovery,two,steady,Q01,34819.200000000004,2302.56,37121.76,3712.176,371.21760000000035,1.1
high,low,coolant_recovery,two,steady,Q02,73570.54525900334,4639.305715200001,78209.85097420333,8265.568853326693,826.55688533267,1.1
high,low,coolant_recovery,two,steady,Q03,81237.32301655825,4673.4914304,85910.81444695825,10011.919550574105,1001.1919550574113,1.1
high,low,coolant_recovery,two,steady,Q04,88149.90529464056,4640.416864868572,92790.32215950913,11815.370099722328,1181.5370099722338,1.1
high,low,coolant_recovery,two,steady,Q05,97098.8084829425,4470.891855634286,101569.70033857679,14051.32451477933,1405.1324514779342,1.1
high,low,coolant_recovery,two,steady,Q06,107993.67290430484,6861.477740155994,114855.15064446084,17142.48108023145,1714.2481080231464,1.1
high,low,coolant_recovery,two,steady,Q07,120923.63358052893,9148.389605031241,130072.02318556017,20823.578545303186,2082.3578545303203,1.1
high,low,coolant_recovery,two,steady,Q08,131412.85022289163,8590.553147304781,140003.4033701964,23901.812342617828,2390.181234261785,1.1
high,low,coolant_recovery,two,steady,Q09,174142.44553044977,7805.7528112302225,181948.19834168,33241.85721385741,3324.185721385744,1.1
high,low,coolant_recovery,two,steady,Q10,224682.8925460727,9883.52315995674,234566.41570602942,45194.52967158197,4519.452967158201,1.1
high,low,coolant_recovery,two,steady,Q11,245285.7560013932,11971.025739494009,257256.7817408872,52341.18583483407,5234.118583483411,1.1
high,low,coolant_recovery,two,steady,Q12,270091.6073632313,14197.808957262474,284289.4163204938,60964.114237304086,6096.411423730414,1.1
high,low,coolant_recovery,two,steady,Q13,302621.9696488187,16346.861853062734,318968.8315018815,71859.56859437017,7185.956859437023,1.1
high,low,coolant_recovery,two,steady,Q14,334144.6954144324,18530.783708412357,352675.47912284476,83268.34782667558,8326.834782667565,1.1
high,low,coolant_recovery,two,steady,Q15,368692.1665293043,20615.20145432125,389307.36798362556,96163.96157358502,9616.396157358511,1.1
high,low,coolant_recovery,two,steady,Q16,408967.37225428835,22655.997121861743,431623.3693761501,111302.73858776466,11130.273858776476,1.1
high,low,coolant_recovery,two,steady,Q17,524301.5783478767,28070.12273171242,552371.7010795891,148831.48394310503,14883.148394310516,1.1
high,low,coolant_recovery,two,steady,Q18,653363.897593855,33284.79085509478,686648.6884489498,191995.46686032033,19199.54668603205,1.1
high,low,coolant_recovery,two,steady,Q19,723254.3582660275,38459.3954987612,761713.7537647887,221270.95995484563,22127.095995484582,1.1
high,low,coolant_recovery,two,steady,Q20,806761.2661330035,43481.53275771842,850242.798890722,256249.82492084382,25624.982492084404,1.1
high,low,coolant_recovery,two,steady,Q21,895649.5348215806,48154.46064550933,943803.9954670899,294659.1176137401,29465.911761374035,1.1
high,low,coolant_recovery,two,steady,Q22,996748.1840680945,56563.86795435134,1053312.0520224457,340373.83265091456,34037.383265091485,1.1
high,low,coolant_recovery,two,steady,Q23,1108359.23597849,64707.35373585798,1173066.5897143479,391732.9175494831,39173.291754948346,1.1
high,low,coolant_recovery,two,steady,Q24,1227843.0641639314,72597.18540244113,1300440.2495663725,448462.3497074842,44846.23497074846,1.1
high,low,coolant_recovery,two,transition,Q01,34819.200000000004,2302.56,37121.76,3712.176,371.21760000000035,1.1
high,low,coolant_recovery,two,transition,Q02,73570.54525900334,4639.305715200001,78209.85097420333,8265.568853326693,826.55688533267,1.1
high,low,coolant_recovery,two,transition,Q03,81237.32301655825,4673.4914304,85910.81444695825,10011.919550574105,1001.1919550574113,1.1
high,low,coolant_recovery,two,transition,Q04,88149.90529464056,4640.416864868572,92790.32215950913,11815.370099722328,1181.5370099722338,1.1
high,low,coolant_recovery,two,transition,Q05,97098.8084829425,4470.891855634286,101569.70033857679,14051.32451477933,1405.1324514779342,1.1
high,low,coolant_recovery,two,transition,Q06,107993.67290430484,6861.477740155994,114855.15064446084,17142.48108023145,1714.2481080231464,1.1
high,low,coolant_recovery,two,transition,Q07,120923.63358052893,9148.389605031241,130072.02318556017,20823.578545303186,2082.3578545303203,1.1
high,low,coolant_recovery,two,transition,Q08,131412.85022289163,8590.553147304781,140003.4033701964,23901.812342617828,2390.181234261785,1.1
high,low,coolant_recovery,two,transition,Q09,174142.44553044977,7805.7528112302225,181948.19834168,33241.85721385741,3324.185721385744,1.1
high,low,coolant_recovery,two,transition,Q10,224682.8925460727,9883.52315995674,234566.41570602942,45194.52967158197,4519.452967158201,1.1
high,low,coolant_recovery,two,transition,Q11,245285.7560013932,11971.025739494009,257256.7817408872,52341.18583483407,5234.118583483411,1.1
high,low,coolant_recovery,two,transition,Q12,270091.6073632313,14197.808957262474,284289.4163204938,60964.114237304086,6096.411423730414,1.1
high,low,coolant_recovery,two,transition,Q13,302621.9696488187,16346.861853062734,318968.8315018815,71859.56859437017,7185.956859437023,1.1
high,low,coolant_recovery,two,transition,Q14,334144.6954144324,18530.783708412357,352675.47912284476,83268.34782667558,8326.834782667565,1.1
high,low,coolant_recovery,two,transition,Q15,368692.1665293043,20615.20145432125,389307.36798362556,96163.96157358502,9616.396157358511,1.1
high,low,coolant_recovery,two,transition,Q16,408967.37225428835,22655.997121861743,431623.3693761501,111302.73858776466,11130.273858776476,1.1
high,low,coolant_recovery,two,transition,Q17,524301.5783478767,28070.12273171242,552371.7010795891,148831.48394310503,14883.148394310516,1.1
high,low,coolant_recovery,two,transition,Q18,653363.897593855,33284.79085509478,686648.6884489498,191995.46686032033,19199.54668603205,1.1
high,low,coolant_recovery,two,transition,Q19,723254.3582660275,38459.3954987612,761713.7537647887,221270.95995484563,22127.095995484582,1.1
high,low,coolant_recovery,two,transition,Q20,806761.2661330035,43481.53275771842,850242.798890722,256249.82492084382,25624.982492084404,1.1
high,low,coolant_recovery,two,transition,Q21,895649.5348215806,48154.46064550933,943803.9954670899,294659.1176137401,29465.911761374035,1.1
high,low,coolant_recovery,two,transition,Q22,996748.1840680945,56563.86795435134,1053312.0520224457,340373.83265091456,34037.383265091485,1.1
high,low,coolant_recovery,two,transition,Q23,1108359.23597849,64707.35373585798,1173066.5897143479,391732.9175494831,39173.291754948346,1.1
high,low,coolant_recovery,two,transition,Q24,1227843.0641639314,72597.18540244113,1300440.2495663725,448462.3497074842,44846.23497074846,1.1
high,low,combined_strategy,single,steady,Q01,34819.200000000004,2302.56,37121.76,3712.176,742.4351999999998,1.2
high,low,combined_strategy,single,steady,Q02,73570.54525900334,4639.305715200001,78209.85097420333,8265.568853326693,1635.1451427233228,1.1978260869565216
high,low,combined_strategy,single,steady,Q03,81237.32301655825,4673.4914304,85910.81444695825,10011.919550574105,1958.8538251123246,1.1956521739130435
high,low,combined_strategy,single,steady,Q04,88149.90529464056,4640.416864868572,92790.32215950913,11815.370099722328,2286.017258424536,1.193478260869565
high,low,combined_strategy,single,steady,Q05,97098.8084829425,4470.891855634286,101569.70033857679,14051.32451477933,2688.0794723925674,1.191304347826087
high,low,combined_strategy,single,steady,Q06,107993.67290430484,6861.477740155994,114855.15064446084,17142.48108023145,3242.164899956816,1.1891304347826086
high,low,combined_strategy,single,steady,Q07,120923.63358052893,9148.389605031241,130072.02318556017,20823.578545303186,3893.1038149914657,1.1869565217391305
high,low,combined_strategy,single,steady,Q08,131412.85022289163,8590.553147304781,140003.4033701964,23901.812342617828,4416.639237222858,1.184782608695652
high,low,combined_strategy,single,steady,Q09,174142.44553044977,7805.7528112302225,181948.19834168,33241.85721385741,6070.2521868783115,1.182608695652174
high,low,combined_strategy,single,steady,Q10,224682.8925460727,9883.52315995674,234566.41570602942,45194.52967158197,8154.665136394136,1.1804347826086956
high,low,combined_strategy,single,steady,Q11,245285.7560013932,11971.025739494009,257256.7817408872,52341.18583483407,9330.385300992153,1.1782608695652173
high,low,combined_strategy,single,steady,Q12,270091.6073632313,14197.808957262474,284289.4163204938,60964.114237304086,10734.9853330905,1.1760869565217391
high,low,combined_strategy,single,steady,Q13,302621.9696488187,16346.861853062734,318968.8315018815,71859.56859437017,12497.31627728176,1.1739130434782608
high,low,combined_strategy,single,steady,Q14,334144.6954144324,18530.783708412357,352675.47912284476,83268.34782667558,14300.433648494285,1.1717391304347826
high,low,combined_strategy,single,steady,Q15,368692.1665293043,20615.20145432125,389307.36798362556,96163.96157358502,16306.063049433973,1.1695652173913043
high,low,combined_strategy,single,steady,Q16,408967.37225428835,22655.997121861743,431623.3693761501,111302.73858776466,18631.110589691045,1.1673913043478261
high,low,combined_strategy,single,steady,Q17,524301.5783478767,28070.12273171242,552371.7010795891,148831.48394310503,24589.549521034736,1.1652173913043478
high,low,combined_strategy,single,steady,Q18,653363.897593855,33284.79085509478,686648.6884489498,191995.46686032033,31303.608727226154,1.1630434782608696
high,low,combined_strategy,single,steady,Q19,723254.3582660275,38459.3954987612,761713.7537647887,221270.95995484563,35595.76312317081,1.1608695652173913
high,low,combined_strategy,single,steady,Q20,806761.2661330035,43481.53275771842,850242.798890722,256249.82492084382,40665.733085264306,1.158695652173913
high,low,combined_strategy,single,steady,Q21,895649.5348215806,48154.46064550933,943803.9954670899,294659.1176137401,46120.55753954192,1.1565217391304348
high,low,combined_strategy,single,steady,Q22,996748.1840680945,56563.86795435134,1053312.0520224457,340373.83265091456,52535.96112655416,1.1543478260869564
high,low,combined_strategy,single,steady,Q23,1108359.23597849,64707.35373585798,1173066.5897143479,391732.9175494831,59611.530931443085,1.1521739130434783
high,low,combined_strategy,single,steady,Q24,1227843.0641639314,72597.18540244113,1300440.2495663725,448462.3497074842,67269.3524561226,1.15
high,low,combined_strategy,single,transition,Q01,34819.200000000004,2302.56,37121.76,3712.176,742.4351999999998,1.2
high,low,combined_strategy,single,transition,Q02,73570.54525900334,4639.305715200001,78209.85097420333,8265.568853326693,1635.1451427233228,1.1978260869565216
high,low,combined_strategy,single,transition,Q03,81237.32301655825,4673.4914304,85910.81444695825,10011.919550574105,1958.8538251123246,1.1956521739130435
high,low,combined_strategy,single,transition,Q04,88149.90529464056,4640.416864868572,92790.32215950913,11815.370099722328,2286.017258424536,1.193478260869565
high,low,combined_strategy,single,transition,Q05,97098.8084829425,4470.891855634286,101569.70033857679,14051.32451477933,2688.0794723925674,1.191304347826087
high,low,combined_strategy,single,transition,Q06,107993.67290430484,6861.477740155994,114855.15064446084,17142.48108023145,3242.164899956816,1.1891304347826086
high,low,combined_strategy,single,transition,Q07,120923.63358052893,9148.389605031241,130072.02318556017,20823.578545303186,3893.1038149914657,1.1869565217391305
high,low,combined_strategy,single,transition,Q08,131412.85022289163,8590.553147304781,140003.4033701964,23901.812342617828,4416.639237222858,1.184782608695652
high,low,combined_strategy,single,transition,Q09,174142.44553044977,7805.7528112302225,181948.19834168,33241.85721385741,6070.2521868783115,1.182608695652174
high,low,combined_strategy,single,transition,Q10,224682.8925460727,9883.52315995674,234566.41570602942,45194.52967158197,8154.665136394136,1.1804347826086956
high,low,combined_strategy,single,transition,Q11,245285.7560013932,11971.025739494009,257256.7817408872,52341.18583483407,9330.385300992153,1.1782608695652173
high,low,combined_strategy,single,transition,Q12,270091.6073632313,14197.808957262474,284289.4163204938,60964.114237304086,10734.9853330905,1.1760869565217391
high,low,combined_strategy,single,transition,Q13,302621.9696488187,16346.861853062734,318968.8315018815,71859.56859437017,12497.31627728176,1.1739130434782608
high,low,combined_strategy,single,transition,Q14,334144.6954144324,18530.783708412357,352675.47912284476,83268.34782667558,14300.433648494285,1.1717391304347826
high,low,combined_strategy,single,transition,Q15,368692.1665293043,20615.20145432125,389307.36798362556,96163.96157358502,16306.063049433973,1.1695652173913043
high,low,combined_strategy,single,transition,Q16,408967.37225428835,22655.997121861743,431623.3693761501,111302.73858776466,18631.110589691045,1.1673913043478261
high,low,combined_strategy,single,transition,Q17,524301.5783478767,28070.12273171242,552371.7010795891,148831.48394310503,24589.549521034736,1.1652173913043478
high,low,combined_strategy,single,transition,Q18,653363.897593855,33284.79085509478,686648.6884489498,191995.46686032033,31303.608727226154,1.1630434782608696
high,low,combined_strategy,single,transition,Q19,723254.3582660275,38459.3954987612,761713.7537647887,221270.95995484563,35595.76312317081,1.1608695652173913
high,low,combined_strategy,single,transition,Q20,806761.2661330035,43481.53275771842,850242.798890722,256249.82492084382,40665.733085264306,1.158695652173913
high,low,combined_strategy,single,transition,Q21,895649.5348215806,48154.46064550933,943803.9954670899,294659.1176137401,46120.55753954192,1.1565217391304348
high,low,combined_strategy,single,transition,Q22,996748.1840680945,56563.86795435134,1053312.0520224457,340373.83265091456,52535.96112655416,1.1543478260869564
high,low,combined_strategy,single,transition,Q23,1108359.23597849,64707.35373585798,1173066.5897143479,391732.9175494831,59611.530931443085,1.1521739130434783
high,low,combined_strategy,single,transition,Q24,1227843.0641639314,72597.18540244113,1300440.2495663725,448462.3497074842,67269.3524561226,1.15
high,low,combined_strategy,two,steady,Q01,34819.200000000004,2302.56,37121.76,3712.176,371.21760000000035,1.1
high,low,combined_strategy,two,steady,Q02,73570.54525900334,4639.305715200001,78209.85097420333,8265.568853326693,817.5725713616632,1.098913043478261
high,low,combined_strategy,two,steady,Q03,81237.32301655825,4673.4914304,85910.81444695825,10011.919550574105,979.4269125561623,1.0978260869565217
high,low,combined_strategy,two,steady,Q04,88149.90529464056,4640.416864868572,92790.32215950913,11815.370099722328,1143.0086292122692,1.0967391304347827
high,low,combined_strategy,two,steady,Q05,97098.8084829425,4470.891855634286,101569.70033857679,14051.32451477933,1344.0397361962853,1.0956521739130436
high,low,combined_strategy,two,steady,Q06,107993.67290430484,6861.477740155994,114855.15064446084,17142.48108023145,1621.082449978412,1.0945652173913045
high,low,combined_strategy,two,steady,Q07,120923.63358052893,9148.389605031241,130072.02318556017,20823.578545303186,1946.5519074957328,1.0934782608695652
high,low,combined_strategy,two,steady,Q08,131412.85022289163,8590.553147304781,140003.4033701964,23901.812342617828,2208.3196186114315,1.0923913043478262
high,low,combined_strategy,two,steady,Q09,174142.44553044977,7805.7528112302225,181948.19834168,33241.85721385741,3035.1260934391594,1.091304347826087
high,low,combined_strategy,two,steady,Q10,224682.8925460727,9883.52315995674,234566.41570602942,45194.52967158197,4077.332568197068,1.0902173913043478
high,low,combined_strategy,two,steady,Q11,245285.7560013932,11971.025739494009,257256.7817408872,52341.18583483407,4665.192650496082,1.0891304347826087
high,low,combined_strategy,two,steady,Q12,270091.6073632313,14197.808957262474,284289.4163204938,60964.114237304086,5367.492666545258,1.0880434782608697
high,low,combined_strategy,two,steady,Q13,302621.9696488187,16346.861853062734,318968.8315018815,71859.56859437017,6248.658138640896,1.0869565217391306
high,low,combined_strategy,two,steady,Q14,334144.6954144324,18530.783708412357,352675.47912284476,83268.34782667558,7150.2168242471425,1.0858695652173913
high,low,combined_strategy,two,steady,Q15,368692.1665293043,20615.20145432125,389307.36798362556,96163.96157358502,8153.031524716997,1.0847826086956522
high,low,combined_strategy,two,steady,Q16,408967.37225428835,22655.997121861743,431623.3693761501,111302.73858776466,9315.555294845535,1.0836956521739132
high,low,combined_strategy,two,steady,Q17,524301.5783478767,28070.12273171242,552371.7010795891,148831.48394310503,12294.7747605174,1.082608695652174
high,low,combined_strategy,two,steady,Q18,653363.897593855,33284.79085509478,686648.6884489498,191995.46686032033,15651.804363613077,1.0815217391304348
high,low,combined_strategy,two,steady,Q19,723254.3582660275,38459.3954987612,761713.7537647887,221270.95995484563,17797.88156158543,1.0804347826086957
high,low,combined_strategy,two,steady,Q20,806761.2661330035,43481.53275771842,850242.798890722,256249.82492084382,20332.86654263221,1.0793478260869567
high,low,combined_strategy,two,steady,Q21,895649.5348215806,48154.46064550933,943803.9954670899,294659.1176137401,23060.27876977096,1.0782608695652174
high,low,combined_strategy,two,steady,Q22,996748.1840680945,56563.86795435134,1053312.0520224457,340373.83265091456,26267.98056327712,1.0771739130434783
high,low,combined_strategy,two,steady,Q23,1108359.23597849,64707.35373585798,1173066.5897143479,391732.9175494831,29805.765465721586,1.0760869565217392
high,low,combined_strategy,two,steady,Q24,1227843.0641639314,72597.18540244113,1300440.2495663725,448462.3497074842,33634.67622806139,1.0750000000000002
high,low,combined_strategy,two,transition,Q01,34819.200000000004,2302.56,37121.76,3712.176,371.21760000000035,1.1
high,low,combined_strategy,two,transition,Q02,73570.54525900334,4639.305715200001,78209.85097420333,8265.568853326693,817.5725713616632,1.098913043478261
high,low,combined_strategy,two,transition,Q03,81237.32301655825,4673.4914304,85910.81444695825,10011.919550574105,979.4269125561623,1.0978260869565217
high,low,combined_strategy,two,transition,Q04,88149.90529464056,4640.416864868572,92790.32215950913,11815.370099722328,1143.0086292122692,1.0967391304347827
high,low,combined_strategy,two,transition,Q05,97098.8084829425,4470.891855634286,101569.70033857679,14051.32451477933,1344.0397361962853,1.0956521739130436
high,low,combined_strategy,two,transition,Q06,107993.67290430484,6861.477740155994,114855.15064446084,17142.48108023145,1621.082449978412,1.0945652173913045
high,low,combined_strategy,two,transition,Q07,120923.63358052893,9148.389605031241,130072.02318556017,20823.578545303186,1946.5519074957328,1.0934782608695652
high,low,combined_strategy,two,transition,Q08,131412.85022289163,8590.553147304781,140003.4033701964,23901.812342617828,2208.3196186114315,1.0923913043478262
high,low,combined_strategy,two,transition,Q09,174142.44553044977,7805.7528112302225,181948.19834168,33241.85721385741,3035.1260934391594,1.091304347826087
high,low,combined_strategy,two,transition,Q10,224682.8925460727,9883.52315995674,234566.41570602942,45194.52967158197,4077.332568197068,1.0902173913043478
high,low,combined_strategy,two,transition,Q11,245285.7560013932,11971.025739494009,257256.7817408872,52341.18583483407,4665.192650496082,1.0891304347826087
high,low,combined_strategy,two,transition,Q12,270091.6073632313,14197.808957262474,284289.4163204938,60964.114237304086,5367.492666545258,1.0880434782608697
high,low,combined_strategy,two,transition,Q13,302621.9696488187,16346.861853062734,318968.8315018815,71859.56859437017,6248.658138640896,1.0869565217391306
high,low,combined_strategy,two,transition,Q14,334144.6954144324,18530.783708412357,352675.47912284476,83268.34782667558,7150.2168242471425,1.0858695652173913
high,low,combined_strategy,two,transition,Q15,368692.1665293043,20615.20145432125,389307.36798362556,96163.96157358502,8153.031524716997,1.0847826086956522
high,low,combined_strategy,two,transition,Q16,408967.37225428835,22655.997121861743,431623.3693761501,111302.73858776466,9315.555294845535,1.0836956521739132
high,low,combined_strategy,two,transition,Q17,524301.5783478767,28070.12273171242,552371.7010795891,148831.48394310503,12294.7747605174,1.082608695652174
high,low,combined_strategy,two,transition,Q18,653363.897593855,33284.79085509478,686648.6884489498,191995.46686032033,15651.804363613077,1.0815217391304348
high,low,combined_strategy,two,transition,Q19,723254.3582660275,38459.3954987612,761713.7537647887,221270.95995484563,17797.88156158543,1.0804347826086957
high,low,combined_strategy,two,transition,Q20,806761.2661330035,43481.53275771842,850242.798890722,256249.82492084382,20332.86654263221,1.0793478260869567
high,low,combined_strategy,two,transition,Q21,895649.5348215806,48154.46064550933,943803.9954670899,294659.1176137401,23060.27876977096,1.0782608695652174
high,low,combined_strategy,two,transition,Q22,996748.1840680945,56563.86795435134,1053312.0520224457,340373.83265091456,26267.98056327712,1.0771739130434783
high,low,combined_strategy,two,transition,Q23,1108359.23597849,64707.35373585798,1173066.5897143479,391732.9175494831,29805.765465721586,1.0760869565217392
high,low,combined_strategy,two,transition,Q24,1227843.0641639314,72597.18540244113,1300440.2495663725,448462.3497074842,33634.67622806139,1.0750000000000002
high,central,baseline,single,steady,Q01,34819.200000000004,2302.56,37121.76,5568.264,1113.6527999999998,1.2
high,central,baseline,single,steady,Q02,73570.54525900334,4639.305715200001,78209.85097420333,12531.687506692408,2506.337501338481,1.2
high,central,baseline,single,steady,Q03,81237.32301655825,4673.4914304,85910.81444695825,15444.080690957977,3088.8161381915947,1.2
high,central,baseline,single,steady,Q04,88149.90529464056,4640.416864868572,92790.32215950913,18483.937956650483,3696.787591330096,1.2
high,central,baseline,single,steady,Q05,97098.8084829425,4470.891855634286,101569.70033857679,22245.31565966782,4449.063131933563,1.2
high,central,baseline,single,steady,Q06,107993.67290430484,6861.477740155994,114855.15064446084,27410.819317586596,5482.163863517318,1.2
high,central,baseline,single,steady,Q07,120923.63358052893,9148.389605031241,130072.02318556017,33580.283655562205,6716.05673111244,1.2
high,central,baseline,single,steady,Q08,131412.85022289163,8590.553147304781,140003.4033701964,38823.216116967546,7764.6432233935075,1.2
high,central,baseline,single,steady,Q09,174142.44553044977,7805.7528112302225,181948.19834168,54376.85912907692,10875.37182581538,1.2
high,central,baseline,single,steady,Q10,224682.8925460727,9883.52315995674,234566.41570602942,74313.11887819559,14862.623775639115,1.2
high,central,baseline,single,steady,Q11,245285.7560013932,11971.025739494009,257256.7817408872,86496.34918943637,17299.26983788727,1.2
high,central,baseline,single,steady,Q12,270091.6073632313,14197.808957262474,284289.4163204938,101206.61597834904,20241.323195669804,1.2
high,central,baseline,single,steady,Q13,302621.9696488187,16346.861853062734,318968.8315018815,119778.15852480984,23955.631704961965,1.2
high,central,baseline,single,steady,Q14,334144.6954144324,18530.783708412357,352675.47912284476,139302.9088906152,27860.581778123033,1.2
high,central,baseline,single,steady,Q15,368692.1665293043,20615.20145432125,389307.36798362556,161416.0167736639,32283.203354732774,1.2
high,central,baseline,single,steady,Q16,408967.37225428835,22655.997121861743,431623.3693761501,187396.3230104899,37479.264602097974,1.2
high,central,baseline,single,steady,Q17,524301.5783478767,28070.12273171242,552371.7010795891,251325.52637556553,50265.10527511309,1.2
high,central,baseline,single,steady,Q18,653363.897593855,33284.79085509478,686648.6884489498,324992.1050356326,64998.42100712651,1.2
high,central,baseline,single,steady,Q19,723254.3582660275,38459.3954987612,761713.7537647887,375436.3306373543,75087.26612747084,1.2
high,central,baseline,single,steady,Q20,806761.2661330035,43481.53275771842,850242.798890722,435742.292612485,87148.45852249698,1.2
high,central,baseline,single,steady,Q21,895649.5348215806,48154.46064550933,943803.9954670899,502072.1202536439,100414.42405072876,1.2
high,central,baseline,single,steady,Q22,996748.1840680945,56563.86795435134,1053312.0520224457,581073.7478733832,116214.74957467662,1.2
high,central,baseline,single,steady,Q23,1108359.23597849,64707.35373585798,1173066.5897143479,669927.9787791136,133985.5957558227,1.2
high,central,baseline,single,steady,Q24,1227843.0641639314,72597.18540244113,1300440.2495663725,768219.6376017187,153643.92752034368,1.2
high,central,baseline,single,transition,Q01,34819.200000000004,2302.56,37121.76,5568.264,1113.6527999999998,1.2
high,central,baseline,single,transition,Q02,73570.54525900334,4639.305715200001,78209.85097420333,12531.687506692408,2506.337501338481,1.2
high,central,baseline,single,transition,Q03,81237.32301655825,4673.4914304,85910.81444695825,15444.080690957977,3088.8161381915947,1.2
high,central,baseline,single,transition,Q04,88149.90529464056,4640.416864868572,92790.32215950913,18483.937956650483,3696.787591330096,1.2
high,central,baseline,single,transition,Q05,97098.8084829425,4470.891855634286,101569.70033857679,22245.31565966782,4449.063131933563,1.2
high,central,baseline,single,transition,Q06,107993.67290430484,6861.477740155994,114855.15064446084,27410.819317586596,5482.163863517318,1.2
high,central,baseline,single,transition,Q07,120923.63358052893,9148.389605031241,130072.02318556017,33580.283655562205,6716.05673111244,1.2
high,central,baseline,single,transition,Q08,131412.85022289163,8590.553147304781,140003.4033701964,38823.216116967546,7764.6432233935075,1.2
high,central,baseline,single,transition,Q09,174142.44553044977,7805.7528112302225,181948.19834168,54376.85912907692,10875.37182581538,1.2
high,central,baseline,single,transition,Q10,224682.8925460727,9883.52315995674,234566.41570602942,74313.11887819559,14862.623775639115,1.2
high,central,baseline,single,transition,Q11,245285.7560013932,11971.025739494009,257256.7817408872,86496.34918943637,17299.26983788727,1.2
high,central,baseline,single,transition,Q12,270091.6073632313,14197.808957262474,284289.4163204938,101206.61597834904,20241.323195669804,1.2
high,central,baseline,single,transition,Q13,302621.9696488187,16346.861853062734,318968.8315018815,119778.15852480984,23955.631704961965,1.2
high,central,baseline,single,transition,Q14,334144.6954144324,18530.783708412357,352675.47912284476,139302.9088906152,27860.581778123033,1.2
high,central,baseline,single,transition,Q15,368692.1665293043,20615.20145432125,389307.36798362556,161416.0167736639,32283.203354732774,1.2
high,central,baseline,single,transition,Q16,408967.37225428835,22655.997121861743,431623.3693761501,187396.3230104899,37479.264602097974,1.2
high,central,baseline,single,transition,Q17,524301.5783478767,28070.12273171242,552371.7010795891,251325.52637556553,50265.10527511309,1.2
high,central,baseline,single,transition,Q18,653363.897593855,33284.79085509478,686648.6884489498,324992.1050356326,64998.42100712651,1.2
high,central,baseline,single,transition,Q19,723254.3582660275,38459.3954987612,761713.7537647887,375436.3306373543,75087.26612747084,1.2
high,central,baseline,single,transition,Q20,806761.2661330035,43481.53275771842,850242.798890722,435742.292612485,87148.45852249698,1.2
high,central,baseline,single,transition,Q21,895649.5348215806,48154.46064550933,943803.9954670899,502072.1202536439,100414.42405072876,1.2
high,central,baseline,single,transition,Q22,996748.1840680945,56563.86795435134,1053312.0520224457,581073.7478733832,116214.74957467662,1.2
high,central,baseline,single,transition,Q23,1108359.23597849,64707.35373585798,1173066.5897143479,669927.9787791136,133985.5957558227,1.2
high,central,baseline,single,transition,Q24,1227843.0641639314,72597.18540244113,1300440.2495663725,768219.6376017187,153643.92752034368,1.2
high,central,baseline,two,steady,Q01,34819.200000000004,2302.56,37121.76,5568.264,556.8264000000005,1.1
high,central,baseline,two,steady,Q02,73570.54525900334,4639.305715200001,78209.85097420333,12531.687506692408,1253.168750669242,1.1
high,central,baseline,two,steady,Q03,81237.32301655825,4673.4914304,85910.81444695825,15444.080690957977,1544.408069095799,1.1
high,central,baseline,two,steady,Q04,88149.90529464056,4640.416864868572,92790.32215950913,18483.937956650483,1848.39379566505,1.1
high,central,baseline,two,steady,Q05,97098.8084829425,4470.891855634286,101569.70033857679,22245.31565966782,2224.531565966784,1.1
high,central,baseline,two,steady,Q06,107993.67290430484,6861.477740155994,114855.15064446084,27410.819317586596,2741.081931758662,1.1
high,central,baseline,two,steady,Q07,120923.63358052893,9148.389605031241,130072.02318556017,33580.283655562205,3358.0283655562234,1.1
high,central,baseline,two,steady,Q08,131412.85022289163,8590.553147304781,140003.4033701964,38823.216116967546,3882.321611696758,1.1
high,central,baseline,two,steady,Q09,174142.44553044977,7805.7528112302225,181948.19834168,54376.85912907692,5437.685912907697,1.1
high,central,baseline,two,steady,Q10,224682.8925460727,9883.52315995674,234566.41570602942,74313.11887819559,7431.3118878195655,1.1
high,central,baseline,two,steady,Q11,245285.7560013932,11971.025739494009,257256.7817408872,86496.34918943637,8649.634918943644,1.1
high,central,baseline,two,steady,Q12,270091.6073632313,14197.808957262474,284289.4163204938,101206.61597834904,10120.661597834913,1.1
high,central,baseline,two,steady,Q13,302621.9696488187,16346.861853062734,318968.8315018815,119778.15852480984,11977.815852480995,1.1
high,central,baseline,two,steady,Q14,334144.6954144324,18530.783708412357,352675.47912284476,139302.9088906152,13930.29088906153,1.1
high,central,baseline,two,steady,Q15,368692.1665293043,20615.20145432125,389307.36798362556,161416.0167736639,16141.601677366403,1.1
high,central,baseline,two,steady,Q16,408967.37225428835,22655.997121861743,431623.3693761501,187396.3230104899,18739.632301049005,1.1
high,central,baseline,two,steady,Q17,524301.5783478767,28070.12273171242,552371.7010795891,251325.52637556553,25132.552637556575,1.1
high,central,baseline,two,steady,Q18,653363.897593855,33284.79085509478,686648.6884489498,324992.1050356326,32499.210503563292,1.1
high,central,baseline,two,steady,Q19,723254.3582660275,38459.3954987612,761713.7537647887,375436.3306373543,37543.63306373546,1.1
high,central,baseline,two,steady,Q20,806761.2661330035,43481.53275771842,850242.798890722,435742.292612485,43574.22926124854,1.1
high,central,baseline,two,steady,Q21,895649.5348215806,48154.46064550933,943803.9954670899,502072.1202536439,50207.21202536443,1.1
high,central,baseline,two,steady,Q22,996748.1840680945,56563.86795435134,1053312.0520224457,581073.7478733832,58107.374787338376,1.1
high,central,baseline,two,steady,Q23,1108359.23597849,64707.35373585798,1173066.5897143479,669927.9787791136,66992.79787791142,1.1
high,central,baseline,two,steady,Q24,1227843.0641639314,72597.18540244113,1300440.2495663725,768219.6376017187,76821.96376017193,1.1
high,central,baseline,two,transition,Q01,34819.200000000004,2302.56,37121.76,5568.264,556.8264000000005,1.1
high,central,baseline,two,transition,Q02,73570.54525900334,4639.305715200001,78209.85097420333,12531.687506692408,1253.168750669242,1.1
high,central,baseline,two,transition,Q03,81237.32301655825,4673.4914304,85910.81444695825,15444.080690957977,1544.408069095799,1.1
high,central,baseline,two,transition,Q04,88149.90529464056,4640.416864868572,92790.32215950913,18483.937956650483,1848.39379566505,1.1
high,central,baseline,two,transition,Q05,97098.8084829425,4470.891855634286,101569.70033857679,22245.31565966782,2224.531565966784,1.1
high,central,baseline,two,transition,Q06,107993.67290430484,6861.477740155994,114855.15064446084,27410.819317586596,2741.081931758662,1.1
high,central,baseline,two,transition,Q07,120923.63358052893,9148.389605031241,130072.02318556017,33580.283655562205,3358.0283655562234,1.1
high,central,baseline,two,transition,Q08,131412.85022289163,8590.553147304781,140003.4033701964,38823.216116967546,3882.321611696758,1.1
high,central,baseline,two,transition,Q09,174142.44553044977,7805.7528112302225,181948.19834168,54376.85912907692,5437.685912907697,1.1
high,central,baseline,two,transition,Q10,224682.8925460727,9883.52315995674,234566.41570602942,74313.11887819559,7431.3118878195655,1.1
high,central,baseline,two,transition,Q11,245285.7560013932,11971.025739494009,257256.7817408872,86496.34918943637,8649.634918943644,1.1
high,central,baseline,two,transition,Q12,270091.6073632313,14197.808957262474,284289.4163204938,101206.61597834904,10120.661597834913,1.1
high,central,baseline,two,transition,Q13,302621.9696488187,16346.861853062734,318968.8315018815,119778.15852480984,11977.815852480995,1.1
high,central,baseline,two,transition,Q14,334144.6954144324,18530.783708412357,352675.47912284476,139302.9088906152,13930.29088906153,1.1
high,central,baseline,two,transition,Q15,368692.1665293043,20615.20145432125,389307.36798362556,161416.0167736639,16141.601677366403,1.1
high,central,baseline,two,transition,Q16,408967.37225428835,22655.997121861743,431623.3693761501,187396.3230104899,18739.632301049005,1.1
high,central,baseline,two,transition,Q17,524301.5783478767,28070.12273171242,552371.7010795891,251325.52637556553,25132.552637556575,1.1
high,central,baseline,two,transition,Q18,653363.897593855,33284.79085509478,686648.6884489498,324992.1050356326,32499.210503563292,1.1
high,central,baseline,two,transition,Q19,723254.3582660275,38459.3954987612,761713.7537647887,375436.3306373543,37543.63306373546,1.1
high,central,baseline,two,transition,Q20,806761.2661330035,43481.53275771842,850242.798890722,435742.292612485,43574.22926124854,1.1
high,central,baseline,two,transition,Q21,895649.5348215806,48154.46064550933,943803.9954670899,502072.1202536439,50207.21202536443,1.1
high,central,baseline,two,transition,Q22,996748.1840680945,56563.86795435134,1053312.0520224457,581073.7478733832,58107.374787338376,1.1
high,central,baseline,two,transition,Q23,1108359.23597849,64707.35373585798,1173066.5897143479,669927.9787791136,66992.79787791142,1.1
high,central,baseline,two,transition,Q24,1227843.0641639314,72597.18540244113,1300440.2495663725,768219.6376017187,76821.96376017193,1.1
high,central,improved_pue,single,steady,Q01,34819.200000000004,2302.56,37121.76,5568.264,1113.6527999999998,1.2
high,central,improved_pue,single,steady,Q02,73570.54525900334,4639.305715200001,78209.85097420333,12531.687506692408,2479.0947024108877,1.1978260869565216
high,central,improved_pue,single,steady,Q03,81237.32301655825,4673.4914304,85910.81444695825,15444.080690957977,3021.6679612743865,1.1956521739130435
high,central,improved_pue,single,steady,Q04,88149.90529464056,4640.416864868572,92790.32215950913,18483.937956650483,3576.240169873678,1.193478260869565
high,central,improved_pue,single,steady,Q05,97098.8084829425,4470.891855634286,101569.70033857679,22245.31565966782,4255.625604458191,1.191304347826087
high,central,improved_pue,single,steady,Q06,107993.67290430484,6861.477740155994,114855.15064446084,27410.819317586596,5184.2201752826795,1.1891304347826086
high,central,improved_pue,single,steady,Q07,120923.63358052893,9148.389605031241,130072.02318556017,33580.283655562205,6278.053031257283,1.1869565217391305
high,central,improved_pue,single,steady,Q08,131412.85022289163,8590.553147304781,140003.4033701964,38823.216116967546,7173.855152048348,1.184782608695652
high,central,improved_pue,single,steady,Q09,174142.44553044977,7805.7528112302225,181948.19834168,54376.85912907692,9929.687319222745,1.182608695652174
high,central,improved_pue,single,steady,Q10,224682.8925460727,9883.52315995674,234566.41570602942,74313.11887819559,13408.671449761374,1.1804347826086956
high,central,improved_pue,single,steady,Q11,245285.7560013932,11971.025739494009,257256.7817408872,86496.34918943637,15418.914420725601,1.1782608695652173
high,central,improved_pue,single,steady,Q12,270091.6073632313,14197.808957262474,284289.4163204938,101206.61597834904,17821.164987491895,1.1760869565217391
high,central,improved_pue,single,steady,Q13,302621.9696488187,16346.861853062734,318968.8315018815,119778.15852480984,20830.984091271264,1.1739130434782608
high,central,improved_pue,single,steady,Q14,334144.6954144324,18530.783708412357,352675.47912284476,139302.9088906152,23923.760439910002,1.1717391304347826
high,central,improved_pue,single,steady,Q15,368692.1665293043,20615.20145432125,389307.36798362556,161416.0167736639,27370.541974664735,1.1695652173913043
high,central,improved_pue,single,steady,Q16,408967.37225428835,22655.997121861743,431623.3693761501,187396.3230104899,31368.514938712444,1.1673913043478261
high,central,improved_pue,single,steady,Q17,524301.5783478767,28070.12273171242,552371.7010795891,251325.52637556553,41523.34783596299,1.1652173913043478
high,central,improved_pue,single,steady,Q18,653363.897593855,33284.79085509478,686648.6884489498,324992.1050356326,52987.84321233143,1.1630434782608696
high,central,improved_pue,single,steady,Q19,723254.3582660275,38459.3954987612,761713.7537647887,375436.3306373543,60396.27927644394,1.1608695652173913
high,central,improved_pue,single,steady,Q20,806761.2661330035,43481.53275771842,850242.798890722,435742.292612485,69150.4073058943,1.158695652173913
high,central,improved_pue,single,steady,Q21,895649.5348215806,48154.46064550933,943803.9954670899,502072.1202536439,78585.20143100512,1.1565217391304348
high,central,improved_pue,single,steady,Q22,996748.1840680945,56563.86795435134,1053312.0520224457,581073.7478733832,89687.46978045692,1.1543478260869564
high,central,improved_pue,single,steady,Q23,1108359.23597849,64707.35373585798,1173066.5897143479,669927.9787791136,101945.56198812599,1.1521739130434783
high,central,improved_pue,single,steady,Q24,1227843.0641639314,72597.18540244113,1300440.2495663725,768219.6376017187,115232.94564025773,1.15
high,central,improved_pue,single,transition,Q01,34819.200000000004,2302.56,37121.76,5568.264,1113.6527999999998,1.2
high,central,improved_pue,single,transition,Q02,73570.54525900334,4639.305715200001,78209.85097420333,12531.687506692408,2479.0947024108877,1.1978260869565216
high,central,improved_pue,single,transition,Q03,81237.32301655825,4673.4914304,85910.81444695825,15444.080690957977,3021.6679612743865,1.1956521739130435
high,central,improved_pue,single,transition,Q04,88149.90529464056,4640.416864868572,92790.32215950913,18483.937956650483,3576.240169873678,1.193478260869565
high,central,improved_pue,single,transition,Q05,97098.8084829425,4470.891855634286,101569.70033857679,22245.31565966782,4255.625604458191,1.191304347826087
high,central,improved_pue,single,transition,Q06,107993.67290430484,6861.477740155994,114855.15064446084,27410.819317586596,5184.2201752826795,1.1891304347826086
high,central,improved_pue,single,transition,Q07,120923.63358052893,9148.389605031241,130072.02318556017,33580.283655562205,6278.053031257283,1.1869565217391305
high,central,improved_pue,single,transition,Q08,131412.85022289163,8590.553147304781,140003.4033701964,38823.216116967546,7173.855152048348,1.184782608695652
high,central,improved_pue,single,transition,Q09,174142.44553044977,7805.7528112302225,181948.19834168,54376.85912907692,9929.687319222745,1.182608695652174
high,central,improved_pue,single,transition,Q10,224682.8925460727,9883.52315995674,234566.41570602942,74313.11887819559,13408.671449761374,1.1804347826086956
high,central,improved_pue,single,transition,Q11,245285.7560013932,11971.025739494009,257256.7817408872,86496.34918943637,15418.914420725601,1.1782608695652173
high,central,improved_pue,single,transition,Q12,270091.6073632313,14197.808957262474,284289.4163204938,101206.61597834904,17821.164987491895,1.1760869565217391
high,central,improved_pue,single,transition,Q13,302621.9696488187,16346.861853062734,318968.8315018815,119778.15852480984,20830.984091271264,1.1739130434782608
high,central,improved_pue,single,transition,Q14,334144.6954144324,18530.783708412357,352675.47912284476,139302.9088906152,23923.760439910002,1.1717391304347826
high,central,improved_pue,single,transition,Q15,368692.1665293043,20615.20145432125,389307.36798362556,161416.0167736639,27370.541974664735,1.1695652173913043
high,central,improved_pue,single,transition,Q16,408967.37225428835,22655.997121861743,431623.3693761501,187396.3230104899,31368.514938712444,1.1673913043478261
high,central,improved_pue,single,transition,Q17,524301.5783478767,28070.12273171242,552371.7010795891,251325.52637556553,41523.34783596299,1.1652173913043478
high,central,improved_pue,single,transition,Q18,653363.897593855,33284.79085509478,686648.6884489498,324992.1050356326,52987.84321233143,1.1630434782608696
high,central,improved_pue,single,transition,Q19,723254.3582660275,38459.3954987612,761713.7537647887,375436.3306373543,60396.27927644394,1.1608695652173913
high,central,improved_pue,single,transition,Q20,806761.2661330035,43481.53275771842,850242.798890722,435742.292612485,69150.4073058943,1.158695652173913
high,central,improved_pue,single,transition,Q21,895649.5348215806,48154.46064550933,943803.9954670899,502072.1202536439,78585.20143100512,1.1565217391304348
high,central,improved_pue,single,transition,Q22,996748.1840680945,56563.86795435134,1053312.0520224457,581073.7478733832,89687.46978045692,1.1543478260869564
high,central,improved_pue,single,transition,Q23,1108359.23597849,64707.35373585798,1173066.5897143479,669927.9787791136,101945.56198812599,1.1521739130434783
high,central,improved_pue,single,transition,Q24,1227843.0641639314,72597.18540244113,1300440.2495663725,768219.6376017187,115232.94564025773,1.15
high,central,improved_pue,two,steady,Q01,34819.200000000004,2302.56,37121.76,5568.264,556.8264000000005,1.1
high,central,improved_pue,two,steady,Q02,73570.54525900334,4639.305715200001,78209.85097420333,12531.687506692408,1239.5473512054466,1.098913043478261
high,central,improved_pue,two,steady,Q03,81237.32301655825,4673.4914304,85910.81444695825,15444.080690957977,1510.8339806371932,1.0978260869565217
high,central,improved_pue,two,steady,Q04,88149.90529464056,4640.416864868572,92790.32215950913,18483.937956650483,1788.120084936841,1.0967391304347827
high,central,improved_pue,two,steady,Q05,97098.8084829425,4470.891855634286,101569.70033857679,22245.31565966782,2127.8128022290985,1.0956521739130436
high,central,improved_pue,two,steady,Q06,107993.67290430484,6861.477740155994,114855.15064446084,27410.819317586596,2592.110087641346,1.0945652173913045
high,central,improved_pue,two,steady,Q07,120923.63358052893,9148.389605031241,130072.02318556017,33580.283655562205,3139.0265156286414,1.0934782608695652
high,central,improved_pue,two,steady,Q08,131412.85022289163,8590.553147304781,140003.4033701964,38823.216116967546,3586.9275760241785,1.0923913043478262
high,central,improved_pue,two,steady,Q09,174142.44553044977,7805.7528112302225,181948.19834168,54376.85912907692,4964.843659611378,1.091304347826087
high,central,improved_pue,two,steady,Q10,224682.8925460727,9883.52315995674,234566.41570602942,74313.11887819559,6704.335724880687,1.0902173913043478
high,central,improved_pue,two,steady,Q11,245285.7560013932,11971.025739494009,257256.7817408872,86496.34918943637,7709.457210362811,1.0891304347826087
high,central,improved_pue,two,steady,Q12,270091.6073632313,14197.808957262474,284289.4163204938,101206.61597834904,8910.582493745958,1.0880434782608697
high,central,improved_pue,two,steady,Q13,302621.9696488187,16346.861853062734,318968.8315018815,119778.15852480984,10415.492045635658,1.0869565217391306
high,central,improved_pue,two,steady,Q14,334144.6954144324,18530.783708412357,352675.47912284476,139302.9088906152,11961.880219955001,1.0858695652173913
high,central,improved_pue,two,steady,Q15,368692.1665293043,20615.20145432125,389307.36798362556,161416.0167736639,13685.270987332384,1.0847826086956522
high,central,improved_pue,two,steady,Q16,408967.37225428835,22655.997121861743,431623.3693761501,187396.3230104899,15684.257469356244,1.0836956521739132
high,central,improved_pue,two,steady,Q17,524301.5783478767,28070.12273171242,552371.7010795891,251325.52637556553,20761.67391798155,1.082608695652174
high,central,improved_pue,two,steady,Q18,653363.897593855,33284.79085509478,686648.6884489498,324992.1050356326,26493.921606165713,1.0815217391304348
high,central,improved_pue,two,steady,Q19,723254.3582660275,38459.3954987612,761713.7537647887,375436.3306373543,30198.13963822201,1.0804347826086957
high,central,improved_pue,two,steady,Q20,806761.2661330035,43481.53275771842,850242.798890722,435742.292612485,34575.203652947246,1.0793478260869567
high,central,improved_pue,two,steady,Q21,895649.5348215806,48154.46064550933,943803.9954670899,502072.1202536439,39292.60071550256,1.0782608695652174
high,central,improved_pue,two,steady,Q22,996748.1840680945,56563.86795435134,1053312.0520224457,581073.7478733832,44843.73489022852,1.0771739130434783
high,central,improved_pue,two,steady,Q23,1108359.23597849,64707.35373585798,1173066.5897143479,669927.9787791136,50972.78099406307,1.0760869565217392
high,central,improved_pue,two,steady,Q24,1227843.0641639314,72597.18540244113,1300440.2495663725,768219.6376017187,57616.472820129035,1.0750000000000002
high,central,improved_pue,two,transition,Q01,34819.200000000004,2302.56,37121.76,5568.264,556.8264000000005,1.1
high,central,improved_pue,two,transition,Q02,73570.54525900334,4639.305715200001,78209.85097420333,12531.687506692408,1239.5473512054466,1.098913043478261
high,central,improved_pue,two,transition,Q03,81237.32301655825,4673.4914304,85910.81444695825,15444.080690957977,1510.8339806371932,1.0978260869565217
high,central,improved_pue,two,transition,Q04,88149.90529464056,4640.416864868572,92790.32215950913,18483.937956650483,1788.120084936841,1.0967391304347827
high,central,improved_pue,two,transition,Q05,97098.8084829425,4470.891855634286,101569.70033857679,22245.31565966782,2127.8128022290985,1.0956521739130436
high,central,improved_pue,two,transition,Q06,107993.67290430484,6861.477740155994,114855.15064446084,27410.819317586596,2592.110087641346,1.0945652173913045
high,central,improved_pue,two,transition,Q07,120923.63358052893,9148.389605031241,130072.02318556017,33580.283655562205,3139.0265156286414,1.0934782608695652
high,central,improved_pue,two,transition,Q08,131412.85022289163,8590.553147304781,140003.4033701964,38823.216116967546,3586.9275760241785,1.0923913043478262
high,central,improved_pue,two,transition,Q09,174142.44553044977,7805.7528112302225,181948.19834168,54376.85912907692,4964.843659611378,1.091304347826087
high,central,improved_pue,two,transition,Q10,224682.8925460727,9883.52315995674,234566.41570602942,74313.11887819559,6704.335724880687,1.0902173913043478
high,central,improved_pue,two,transition,Q11,245285.7560013932,11971.025739494009,257256.7817408872,86496.34918943637,7709.457210362811,1.0891304347826087
high,central,improved_pue,two,transition,Q12,270091.6073632313,14197.808957262474,284289.4163204938,101206.61597834904,8910.582493745958,1.0880434782608697
high,central,improved_pue,two,transition,Q13,302621.9696488187,16346.861853062734,318968.8315018815,119778.15852480984,10415.492045635658,1.0869565217391306
high,central,improved_pue,two,transition,Q14,334144.6954144324,18530.783708412357,352675.47912284476,139302.9088906152,11961.880219955001,1.0858695652173913
high,central,improved_pue,two,transition,Q15,368692.1665293043,20615.20145432125,389307.36798362556,161416.0167736639,13685.270987332384,1.0847826086956522
high,central,improved_pue,two,transition,Q16,408967.37225428835,22655.997121861743,431623.3693761501,187396.3230104899,15684.257469356244,1.0836956521739132
high,central,improved_pue,two,transition,Q17,524301.5783478767,28070.12273171242,552371.7010795891,251325.52637556553,20761.67391798155,1.082608695652174
high,central,improved_pue,two,transition,Q18,653363.897593855,33284.79085509478,686648.6884489498,324992.1050356326,26493.921606165713,1.0815217391304348
high,central,improved_pue,two,transition,Q19,723254.3582660275,38459.3954987612,761713.7537647887,375436.3306373543,30198.13963822201,1.0804347826086957
high,central,improved_pue,two,transition,Q20,806761.2661330035,43481.53275771842,850242.798890722,435742.292612485,34575.203652947246,1.0793478260869567
high,central,improved_pue,two,transition,Q21,895649.5348215806,48154.46064550933,943803.9954670899,502072.1202536439,39292.60071550256,1.0782608695652174
high,central,improved_pue,two,transition,Q22,996748.1840680945,56563.86795435134,1053312.0520224457,581073.7478733832,44843.73489022852,1.0771739130434783
high,central,improved_pue,two,transition,Q23,1108359.23597849,64707.35373585798,1173066.5897143479,669927.9787791136,50972.78099406307,1.0760869565217392
high,central,improved_pue,two,transition,Q24,1227843.0641639314,72597.18540244113,1300440.2495663725,768219.6376017187,57616.472820129035,1.0750000000000002
high,central,advanced_coolant,single,steady,Q01,34819.200000000004,2302.56,37121.76,5568.264,1113.6527999999998,1.2
high,central,advanced_coolant,single,steady,Q02,73570.54525900334,4639.305715200001,78209.85097420333,12531.687506692408,2506.337501338481,1.2
high,central,advanced_coolant,single,steady,Q03,81237.32301655825,4673.4914304,85910.81444695825,15444.080690957977,3088.8161381915947,1.2
high,central,advanced_coolant,single,steady,Q04,88149.90529464056,4640.416864868572,92790.32215950913,18483.937956650483,3696.787591330096,1.2
high,central,advanced_coolant,single,steady,Q05,97098.8084829425,4470.891855634286,101569.70033857679,22245.31565966782,4449.063131933563,1.2
high,central,advanced_coolant,single,steady,Q06,107993.67290430484,6861.477740155994,114855.15064446084,27410.819317586596,5482.163863517318,1.2
high,central,advanced_coolant,single,steady,Q07,120923.63358052893,9148.389605031241,130072.02318556017,33580.283655562205,6716.05673111244,1.2
high,central,advanced_coolant,single,steady,Q08,131412.85022289163,8590.553147304781,140003.4033701964,38823.216116967546,7764.6432233935075,1.2
high,central,advanced_coolant,single,steady,Q09,174142.44553044977,7805.7528112302225,181948.19834168,54376.85912907692,10875.37182581538,1.2
high,central,advanced_coolant,single,steady,Q10,224682.8925460727,9883.52315995674,234566.41570602942,74313.11887819559,14862.623775639115,1.2
high,central,advanced_coolant,single,steady,Q11,245285.7560013932,11971.025739494009,257256.7817408872,86496.34918943637,17299.26983788727,1.2
high,central,advanced_coolant,single,steady,Q12,270091.6073632313,14197.808957262474,284289.4163204938,101206.61597834904,20241.323195669804,1.2
high,central,advanced_coolant,single,steady,Q13,302621.9696488187,16346.861853062734,318968.8315018815,119778.15852480984,23955.631704961965,1.2
high,central,advanced_coolant,single,steady,Q14,334144.6954144324,18530.783708412357,352675.47912284476,139302.9088906152,27860.581778123033,1.2
high,central,advanced_coolant,single,steady,Q15,368692.1665293043,20615.20145432125,389307.36798362556,161416.0167736639,32283.203354732774,1.2
high,central,advanced_coolant,single,steady,Q16,408967.37225428835,22655.997121861743,431623.3693761501,187396.3230104899,37479.264602097974,1.2
high,central,advanced_coolant,single,steady,Q17,524301.5783478767,28070.12273171242,552371.7010795891,251325.52637556553,50265.10527511309,1.2
high,central,advanced_coolant,single,steady,Q18,653363.897593855,33284.79085509478,686648.6884489498,324992.1050356326,64998.42100712651,1.2
high,central,advanced_coolant,single,steady,Q19,723254.3582660275,38459.3954987612,761713.7537647887,375436.3306373543,75087.26612747084,1.2
high,central,advanced_coolant,single,steady,Q20,806761.2661330035,43481.53275771842,850242.798890722,435742.292612485,87148.45852249698,1.2
high,central,advanced_coolant,single,steady,Q21,895649.5348215806,48154.46064550933,943803.9954670899,502072.1202536439,100414.42405072876,1.2
high,central,advanced_coolant,single,steady,Q22,996748.1840680945,56563.86795435134,1053312.0520224457,581073.7478733832,116214.74957467662,1.2
high,central,advanced_coolant,single,steady,Q23,1108359.23597849,64707.35373585798,1173066.5897143479,669927.9787791136,133985.5957558227,1.2
high,central,advanced_coolant,single,steady,Q24,1227843.0641639314,72597.18540244113,1300440.2495663725,768219.6376017187,153643.92752034368,1.2
high,central,advanced_coolant,single,transition,Q01,34819.200000000004,2302.56,37121.76,5568.264,1113.6527999999998,1.2
high,central,advanced_coolant,single,transition,Q02,73570.54525900334,4639.305715200001,78209.85097420333,12531.687506692408,2506.337501338481,1.2
high,central,advanced_coolant,single,transition,Q03,81237.32301655825,4673.4914304,85910.81444695825,15444.080690957977,3088.8161381915947,1.2
high,central,advanced_coolant,single,transition,Q04,88149.90529464056,4640.416864868572,92790.32215950913,18483.937956650483,3696.787591330096,1.2
high,central,advanced_coolant,single,transition,Q05,97098.8084829425,4470.891855634286,101569.70033857679,22245.31565966782,4449.063131933563,1.2
high,central,advanced_coolant,single,transition,Q06,107993.67290430484,6861.477740155994,114855.15064446084,27410.819317586596,5482.163863517318,1.2
high,central,advanced_coolant,single,transition,Q07,120923.63358052893,9148.389605031241,130072.02318556017,33580.283655562205,6716.05673111244,1.2
high,central,advanced_coolant,single,transition,Q08,131412.85022289163,8590.553147304781,140003.4033701964,38823.216116967546,7764.6432233935075,1.2
high,central,advanced_coolant,single,transition,Q09,174142.44553044977,7805.7528112302225,181948.19834168,54376.85912907692,10875.37182581538,1.2
high,central,advanced_coolant,single,transition,Q10,224682.8925460727,9883.52315995674,234566.41570602942,74313.11887819559,14862.623775639115,1.2
high,central,advanced_coolant,single,transition,Q11,245285.7560013932,11971.025739494009,257256.7817408872,86496.34918943637,17299.26983788727,1.2
high,central,advanced_coolant,single,transition,Q12,270091.6073632313,14197.808957262474,284289.4163204938,101206.61597834904,20241.323195669804,1.2
high,central,advanced_coolant,single,transition,Q13,302621.9696488187,16346.861853062734,318968.8315018815,119778.15852480984,23955.631704961965,1.2
high,central,advanced_coolant,single,transition,Q14,334144.6954144324,18530.783708412357,352675.47912284476,139302.9088906152,27860.581778123033,1.2
high,central,advanced_coolant,single,transition,Q15,368692.1665293043,20615.20145432125,389307.36798362556,161416.0167736639,32283.203354732774,1.2
high,central,advanced_coolant,single,transition,Q16,408967.37225428835,22655.997121861743,431623.3693761501,187396.3230104899,37479.264602097974,1.2
high,central,advanced_coolant,single,transition,Q17,524301.5783478767,28070.12273171242,552371.7010795891,251325.52637556553,50265.10527511309,1.2
high,central,advanced_coolant,single,transition,Q18,653363.897593855,33284.79085509478,686648.6884489498,324992.1050356326,64998.42100712651,1.2
high,central,advanced_coolant,single,transition,Q19,723254.3582660275,38459.3954987612,761713.7537647887,375436.3306373543,75087.26612747084,1.2
high,central,advanced_coolant,single,transition,Q20,806761.2661330035,43481.53275771842,850242.798890722,435742.292612485,87148.45852249698,1.2
high,central,advanced_coolant,single,transition,Q21,895649.5348215806,48154.46064550933,943803.9954670899,502072.1202536439,100414.42405072876,1.2
high,central,advanced_coolant,single,transition,Q22,996748.1840680945,56563.86795435134,1053312.0520224457,581073.7478733832,116214.74957467662,1.2
high,central,advanced_coolant,single,transition,Q23,1108359.23597849,64707.35373585798,1173066.5897143479,669927.9787791136,133985.5957558227,1.2
high,central,advanced_coolant,single,transition,Q24,1227843.0641639314,72597.18540244113,1300440.2495663725,768219.6376017187,153643.92752034368,1.2
high,central,advanced_coolant,two,steady,Q01,34819.200000000004,2302.56,37121.76,5568.264,556.8264000000005,1.1
high,central,advanced_coolant,two,steady,Q02,73570.54525900334,4639.305715200001,78209.85097420333,12531.687506692408,1253.168750669242,1.1
high,central,advanced_coolant,two,steady,Q03,81237.32301655825,4673.4914304,85910.81444695825,15444.080690957977,1544.408069095799,1.1
high,central,advanced_coolant,two,steady,Q04,88149.90529464056,4640.416864868572,92790.32215950913,18483.937956650483,1848.39379566505,1.1
high,central,advanced_coolant,two,steady,Q05,97098.8084829425,4470.891855634286,101569.70033857679,22245.31565966782,2224.531565966784,1.1
high,central,advanced_coolant,two,steady,Q06,107993.67290430484,6861.477740155994,114855.15064446084,27410.819317586596,2741.081931758662,1.1
high,central,advanced_coolant,two,steady,Q07,120923.63358052893,9148.389605031241,130072.02318556017,33580.283655562205,3358.0283655562234,1.1
high,central,advanced_coolant,two,steady,Q08,131412.85022289163,8590.553147304781,140003.4033701964,38823.216116967546,3882.321611696758,1.1
high,central,advanced_coolant,two,steady,Q09,174142.44553044977,7805.7528112302225,181948.19834168,54376.85912907692,5437.685912907697,1.1
high,central,advanced_coolant,two,steady,Q10,224682.8925460727,9883.52315995674,234566.41570602942,74313.11887819559,7431.3118878195655,1.1
high,central,advanced_coolant,two,steady,Q11,245285.7560013932,11971.025739494009,257256.7817408872,86496.34918943637,8649.634918943644,1.1
high,central,advanced_coolant,two,steady,Q12,270091.6073632313,14197.808957262474,284289.4163204938,101206.61597834904,10120.661597834913,1.1
high,central,advanced_coolant,two,steady,Q13,302621.9696488187,16346.861853062734,318968.8315018815,119778.15852480984,11977.815852480995,1.1
high,central,advanced_coolant,two,steady,Q14,334144.6954144324,18530.783708412357,352675.47912284476,139302.9088906152,13930.29088906153,1.1
high,central,advanced_coolant,two,steady,Q15,368692.1665293043,20615.20145432125,389307.36798362556,161416.0167736639,16141.601677366403,1.1
high,central,advanced_coolant,two,steady,Q16,408967.37225428835,22655.997121861743,431623.3693761501,187396.3230104899,18739.632301049005,1.1
high,central,advanced_coolant,two,steady,Q17,524301.5783478767,28070.12273171242,552371.7010795891,251325.52637556553,25132.552637556575,1.1
high,central,advanced_coolant,two,steady,Q18,653363.897593855,33284.79085509478,686648.6884489498,324992.1050356326,32499.210503563292,1.1
high,central,advanced_coolant,two,steady,Q19,723254.3582660275,38459.3954987612,761713.7537647887,375436.3306373543,37543.63306373546,1.1
high,central,advanced_coolant,two,steady,Q20,806761.2661330035,43481.53275771842,850242.798890722,435742.292612485,43574.22926124854,1.1
high,central,advanced_coolant,two,steady,Q21,895649.5348215806,48154.46064550933,943803.9954670899,502072.1202536439,50207.21202536443,1.1
high,central,advanced_coolant,two,steady,Q22,996748.1840680945,56563.86795435134,1053312.0520224457,581073.7478733832,58107.374787338376,1.1
high,central,advanced_coolant,two,steady,Q23,1108359.23597849,64707.35373585798,1173066.5897143479,669927.9787791136,66992.79787791142,1.1
high,central,advanced_coolant,two,steady,Q24,1227843.0641639314,72597.18540244113,1300440.2495663725,768219.6376017187,76821.96376017193,1.1
high,central,advanced_coolant,two,transition,Q01,34819.200000000004,2302.56,37121.76,5568.264,556.8264000000005,1.1
high,central,advanced_coolant,two,transition,Q02,73570.54525900334,4639.305715200001,78209.85097420333,12531.687506692408,1253.168750669242,1.1
high,central,advanced_coolant,two,transition,Q03,81237.32301655825,4673.4914304,85910.81444695825,15444.080690957977,1544.408069095799,1.1
high,central,advanced_coolant,two,transition,Q04,88149.90529464056,4640.416864868572,92790.32215950913,18483.937956650483,1848.39379566505,1.1
high,central,advanced_coolant,two,transition,Q05,97098.8084829425,4470.891855634286,101569.70033857679,22245.31565966782,2224.531565966784,1.1
high,central,advanced_coolant,two,transition,Q06,107993.67290430484,6861.477740155994,114855.15064446084,27410.819317586596,2741.081931758662,1.1
high,central,advanced_coolant,two,transition,Q07,120923.63358052893,9148.389605031241,130072.02318556017,33580.283655562205,3358.0283655562234,1.1
high,central,advanced_coolant,two,transition,Q08,131412.85022289163,8590.553147304781,140003.4033701964,38823.216116967546,3882.321611696758,1.1
high,central,advanced_coolant,two,transition,Q09,174142.44553044977,7805.7528112302225,181948.19834168,54376.85912907692,5437.685912907697,1.1
high,central,advanced_coolant,two,transition,Q10,224682.8925460727,9883.52315995674,234566.41570602942,74313.11887819559,7431.3118878195655,1.1
high,central,advanced_coolant,two,transition,Q11,245285.7560013932,11971.025739494009,257256.7817408872,86496.34918943637,8649.634918943644,1.1
high,central,advanced_coolant,two,transition,Q12,270091.6073632313,14197.808957262474,284289.4163204938,101206.61597834904,10120.661597834913,1.1
high,central,advanced_coolant,two,transition,Q13,302621.9696488187,16346.861853062734,318968.8315018815,119778.15852480984,11977.815852480995,1.1
high,central,advanced_coolant,two,transition,Q14,334144.6954144324,18530.783708412357,352675.47912284476,139302.9088906152,13930.29088906153,1.1
high,central,advanced_coolant,two,transition,Q15,368692.1665293043,20615.20145432125,389307.36798362556,161416.0167736639,16141.601677366403,1.1
high,central,advanced_coolant,two,transition,Q16,408967.37225428835,22655.997121861743,431623.3693761501,187396.3230104899,18739.632301049005,1.1
high,central,advanced_coolant,two,transition,Q17,524301.5783478767,28070.12273171242,552371.7010795891,251325.52637556553,25132.552637556575,1.1
high,central,advanced_coolant,two,transition,Q18,653363.897593855,33284.79085509478,686648.6884489498,324992.1050356326,32499.210503563292,1.1
high,central,advanced_coolant,two,transition,Q19,723254.3582660275,38459.3954987612,761713.7537647887,375436.3306373543,37543.63306373546,1.1
high,central,advanced_coolant,two,transition,Q20,806761.2661330035,43481.53275771842,850242.798890722,435742.292612485,43574.22926124854,1.1
high,central,advanced_coolant,two,transition,Q21,895649.5348215806,48154.46064550933,943803.9954670899,502072.1202536439,50207.21202536443,1.1
high,central,advanced_coolant,two,transition,Q22,996748.1840680945,56563.86795435134,1053312.0520224457,581073.7478733832,58107.374787338376,1.1
high,central,advanced_coolant,two,transition,Q23,1108359.23597849,64707.35373585798,1173066.5897143479,669927.9787791136,66992.79787791142,1.1
high,central,advanced_coolant,two,transition,Q24,1227843.0641639314,72597.18540244113,1300440.2495663725,768219.6376017187,76821.96376017193,1.1
high,central,coolant_recovery,single,steady,Q01,34819.200000000004,2302.56,37121.76,5568.264,1113.6527999999998,1.2
high,central,coolant_recovery,single,steady,Q02,73570.54525900334,4639.305715200001,78209.85097420333,12531.687506692408,2506.337501338481,1.2
high,central,coolant_recovery,single,steady,Q03,81237.32301655825,4673.4914304,85910.81444695825,15444.080690957977,3088.8161381915947,1.2
high,central,coolant_recovery,single,steady,Q04,88149.90529464056,4640.416864868572,92790.32215950913,18483.937956650483,3696.787591330096,1.2
high,central,coolant_recovery,single,steady,Q05,97098.8084829425,4470.891855634286,101569.70033857679,22245.31565966782,4449.063131933563,1.2
high,central,coolant_recovery,single,steady,Q06,107993.67290430484,6861.477740155994,114855.15064446084,27410.819317586596,5482.163863517318,1.2
high,central,coolant_recovery,single,steady,Q07,120923.63358052893,9148.389605031241,130072.02318556017,33580.283655562205,6716.05673111244,1.2
high,central,coolant_recovery,single,steady,Q08,131412.85022289163,8590.553147304781,140003.4033701964,38823.216116967546,7764.6432233935075,1.2
high,central,coolant_recovery,single,steady,Q09,174142.44553044977,7805.7528112302225,181948.19834168,54376.85912907692,10875.37182581538,1.2
high,central,coolant_recovery,single,steady,Q10,224682.8925460727,9883.52315995674,234566.41570602942,74313.11887819559,14862.623775639115,1.2
high,central,coolant_recovery,single,steady,Q11,245285.7560013932,11971.025739494009,257256.7817408872,86496.34918943637,17299.26983788727,1.2
high,central,coolant_recovery,single,steady,Q12,270091.6073632313,14197.808957262474,284289.4163204938,101206.61597834904,20241.323195669804,1.2
high,central,coolant_recovery,single,steady,Q13,302621.9696488187,16346.861853062734,318968.8315018815,119778.15852480984,23955.631704961965,1.2
high,central,coolant_recovery,single,steady,Q14,334144.6954144324,18530.783708412357,352675.47912284476,139302.9088906152,27860.581778123033,1.2
high,central,coolant_recovery,single,steady,Q15,368692.1665293043,20615.20145432125,389307.36798362556,161416.0167736639,32283.203354732774,1.2
high,central,coolant_recovery,single,steady,Q16,408967.37225428835,22655.997121861743,431623.3693761501,187396.3230104899,37479.264602097974,1.2
high,central,coolant_recovery,single,steady,Q17,524301.5783478767,28070.12273171242,552371.7010795891,251325.52637556553,50265.10527511309,1.2
high,central,coolant_recovery,single,steady,Q18,653363.897593855,33284.79085509478,686648.6884489498,324992.1050356326,64998.42100712651,1.2
high,central,coolant_recovery,single,steady,Q19,723254.3582660275,38459.3954987612,761713.7537647887,375436.3306373543,75087.26612747084,1.2
high,central,coolant_recovery,single,steady,Q20,806761.2661330035,43481.53275771842,850242.798890722,435742.292612485,87148.45852249698,1.2
high,central,coolant_recovery,single,steady,Q21,895649.5348215806,48154.46064550933,943803.9954670899,502072.1202536439,100414.42405072876,1.2
high,central,coolant_recovery,single,steady,Q22,996748.1840680945,56563.86795435134,1053312.0520224457,581073.7478733832,116214.74957467662,1.2
high,central,coolant_recovery,single,steady,Q23,1108359.23597849,64707.35373585798,1173066.5897143479,669927.9787791136,133985.5957558227,1.2
high,central,coolant_recovery,single,steady,Q24,1227843.0641639314,72597.18540244113,1300440.2495663725,768219.6376017187,153643.92752034368,1.2
high,central,coolant_recovery,single,transition,Q01,34819.200000000004,2302.56,37121.76,5568.264,1113.6527999999998,1.2
high,central,coolant_recovery,single,transition,Q02,73570.54525900334,4639.305715200001,78209.85097420333,12531.687506692408,2506.337501338481,1.2
high,central,coolant_recovery,single,transition,Q03,81237.32301655825,4673.4914304,85910.81444695825,15444.080690957977,3088.8161381915947,1.2
high,central,coolant_recovery,single,transition,Q04,88149.90529464056,4640.416864868572,92790.32215950913,18483.937956650483,3696.787591330096,1.2
high,central,coolant_recovery,single,transition,Q05,97098.8084829425,4470.891855634286,101569.70033857679,22245.31565966782,4449.063131933563,1.2
high,central,coolant_recovery,single,transition,Q06,107993.67290430484,6861.477740155994,114855.15064446084,27410.819317586596,5482.163863517318,1.2
high,central,coolant_recovery,single,transition,Q07,120923.63358052893,9148.389605031241,130072.02318556017,33580.283655562205,6716.05673111244,1.2
high,central,coolant_recovery,single,transition,Q08,131412.85022289163,8590.553147304781,140003.4033701964,38823.216116967546,7764.6432233935075,1.2
high,central,coolant_recovery,single,transition,Q09,174142.44553044977,7805.7528112302225,181948.19834168,54376.85912907692,10875.37182581538,1.2
high,central,coolant_recovery,single,transition,Q10,224682.8925460727,9883.52315995674,234566.41570602942,74313.11887819559,14862.623775639115,1.2
high,central,coolant_recovery,single,transition,Q11,245285.7560013932,11971.025739494009,257256.7817408872,86496.34918943637,17299.26983788727,1.2
high,central,coolant_recovery,single,transition,Q12,270091.6073632313,14197.808957262474,284289.4163204938,101206.61597834904,20241.323195669804,1.2
high,central,coolant_recovery,single,transition,Q13,302621.9696488187,16346.861853062734,318968.8315018815,119778.15852480984,23955.631704961965,1.2
high,central,coolant_recovery,single,transition,Q14,334144.6954144324,18530.783708412357,352675.47912284476,139302.9088906152,27860.581778123033,1.2
high,central,coolant_recovery,single,transition,Q15,368692.1665293043,20615.20145432125,389307.36798362556,161416.0167736639,32283.203354732774,1.2
high,central,coolant_recovery,single,transition,Q16,408967.37225428835,22655.997121861743,431623.3693761501,187396.3230104899,37479.264602097974,1.2
high,central,coolant_recovery,single,transition,Q17,524301.5783478767,28070.12273171242,552371.7010795891,251325.52637556553,50265.10527511309,1.2
high,central,coolant_recovery,single,transition,Q18,653363.897593855,33284.79085509478,686648.6884489498,324992.1050356326,64998.42100712651,1.2
high,central,coolant_recovery,single,transition,Q19,723254.3582660275,38459.3954987612,761713.7537647887,375436.3306373543,75087.26612747084,1.2
high,central,coolant_recovery,single,transition,Q20,806761.2661330035,43481.53275771842,850242.798890722,435742.292612485,87148.45852249698,1.2
high,central,coolant_recovery,single,transition,Q21,895649.5348215806,48154.46064550933,943803.9954670899,502072.1202536439,100414.42405072876,1.2
high,central,coolant_recovery,single,transition,Q22,996748.1840680945,56563.86795435134,1053312.0520224457,581073.7478733832,116214.74957467662,1.2
high,central,coolant_recovery,single,transition,Q23,1108359.23597849,64707.35373585798,1173066.5897143479,669927.9787791136,133985.5957558227,1.2
high,central,coolant_recovery,single,transition,Q24,1227843.0641639314,72597.18540244113,1300440.2495663725,768219.6376017187,153643.92752034368,1.2
high,central,coolant_recovery,two,steady,Q01,34819.200000000004,2302.56,37121.76,5568.264,556.8264000000005,1.1
high,central,coolant_recovery,two,steady,Q02,73570.54525900334,4639.305715200001,78209.85097420333,12531.687506692408,1253.168750669242,1.1
high,central,coolant_recovery,two,steady,Q03,81237.32301655825,4673.4914304,85910.81444695825,15444.080690957977,1544.408069095799,1.1
high,central,coolant_recovery,two,steady,Q04,88149.90529464056,4640.416864868572,92790.32215950913,18483.937956650483,1848.39379566505,1.1
high,central,coolant_recovery,two,steady,Q05,97098.8084829425,4470.891855634286,101569.70033857679,22245.31565966782,2224.531565966784,1.1
high,central,coolant_recovery,two,steady,Q06,107993.67290430484,6861.477740155994,114855.15064446084,27410.819317586596,2741.081931758662,1.1
high,central,coolant_recovery,two,steady,Q07,120923.63358052893,9148.389605031241,130072.02318556017,33580.283655562205,3358.0283655562234,1.1
high,central,coolant_recovery,two,steady,Q08,131412.85022289163,8590.553147304781,140003.4033701964,38823.216116967546,3882.321611696758,1.1
high,central,coolant_recovery,two,steady,Q09,174142.44553044977,7805.7528112302225,181948.19834168,54376.85912907692,5437.685912907697,1.1
high,central,coolant_recovery,two,steady,Q10,224682.8925460727,9883.52315995674,234566.41570602942,74313.11887819559,7431.3118878195655,1.1
high,central,coolant_recovery,two,steady,Q11,245285.7560013932,11971.025739494009,257256.7817408872,86496.34918943637,8649.634918943644,1.1
high,central,coolant_recovery,two,steady,Q12,270091.6073632313,14197.808957262474,284289.4163204938,101206.61597834904,10120.661597834913,1.1
high,central,coolant_recovery,two,steady,Q13,302621.9696488187,16346.861853062734,318968.8315018815,119778.15852480984,11977.815852480995,1.1
high,central,coolant_recovery,two,steady,Q14,334144.6954144324,18530.783708412357,352675.47912284476,139302.9088906152,13930.29088906153,1.1
high,central,coolant_recovery,two,steady,Q15,368692.1665293043,20615.20145432125,389307.36798362556,161416.0167736639,16141.601677366403,1.1
high,central,coolant_recovery,two,steady,Q16,408967.37225428835,22655.997121861743,431623.3693761501,187396.3230104899,18739.632301049005,1.1
high,central,coolant_recovery,two,steady,Q17,524301.5783478767,28070.12273171242,552371.7010795891,251325.52637556553,25132.552637556575,1.1
high,central,coolant_recovery,two,steady,Q18,653363.897593855,33284.79085509478,686648.6884489498,324992.1050356326,32499.210503563292,1.1
high,central,coolant_recovery,two,steady,Q19,723254.3582660275,38459.3954987612,761713.7537647887,375436.3306373543,37543.63306373546,1.1
high,central,coolant_recovery,two,steady,Q20,806761.2661330035,43481.53275771842,850242.798890722,435742.292612485,43574.22926124854,1.1
high,central,coolant_recovery,two,steady,Q21,895649.5348215806,48154.46064550933,943803.9954670899,502072.1202536439,50207.21202536443,1.1
high,central,coolant_recovery,two,steady,Q22,996748.1840680945,56563.86795435134,1053312.0520224457,581073.7478733832,58107.374787338376,1.1
high,central,coolant_recovery,two,steady,Q23,1108359.23597849,64707.35373585798,1173066.5897143479,669927.9787791136,66992.79787791142,1.1
high,central,coolant_recovery,two,steady,Q24,1227843.0641639314,72597.18540244113,1300440.2495663725,768219.6376017187,76821.96376017193,1.1
high,central,coolant_recovery,two,transition,Q01,34819.200000000004,2302.56,37121.76,5568.264,556.8264000000005,1.1
high,central,coolant_recovery,two,transition,Q02,73570.54525900334,4639.305715200001,78209.85097420333,12531.687506692408,1253.168750669242,1.1
high,central,coolant_recovery,two,transition,Q03,81237.32301655825,4673.4914304,85910.81444695825,15444.080690957977,1544.408069095799,1.1
high,central,coolant_recovery,two,transition,Q04,88149.90529464056,4640.416864868572,92790.32215950913,18483.937956650483,1848.39379566505,1.1
high,central,coolant_recovery,two,transition,Q05,97098.8084829425,4470.891855634286,101569.70033857679,22245.31565966782,2224.531565966784,1.1
high,central,coolant_recovery,two,transition,Q06,107993.67290430484,6861.477740155994,114855.15064446084,27410.819317586596,2741.081931758662,1.1
high,central,coolant_recovery,two,transition,Q07,120923.63358052893,9148.389605031241,130072.02318556017,33580.283655562205,3358.0283655562234,1.1
high,central,coolant_recovery,two,transition,Q08,131412.85022289163,8590.553147304781,140003.4033701964,38823.216116967546,3882.321611696758,1.1
high,central,coolant_recovery,two,transition,Q09,174142.44553044977,7805.7528112302225,181948.19834168,54376.85912907692,5437.685912907697,1.1
high,central,coolant_recovery,two,transition,Q10,224682.8925460727,9883.52315995674,234566.41570602942,74313.11887819559,7431.3118878195655,1.1
high,central,coolant_recovery,two,transition,Q11,245285.7560013932,11971.025739494009,257256.7817408872,86496.34918943637,8649.634918943644,1.1
high,central,coolant_recovery,two,transition,Q12,270091.6073632313,14197.808957262474,284289.4163204938,101206.61597834904,10120.661597834913,1.1
high,central,coolant_recovery,two,transition,Q13,302621.9696488187,16346.861853062734,318968.8315018815,119778.15852480984,11977.815852480995,1.1
high,central,coolant_recovery,two,transition,Q14,334144.6954144324,18530.783708412357,352675.47912284476,139302.9088906152,13930.29088906153,1.1
high,central,coolant_recovery,two,transition,Q15,368692.1665293043,20615.20145432125,389307.36798362556,161416.0167736639,16141.601677366403,1.1
high,central,coolant_recovery,two,transition,Q16,408967.37225428835,22655.997121861743,431623.3693761501,187396.3230104899,18739.632301049005,1.1
high,central,coolant_recovery,two,transition,Q17,524301.5783478767,28070.12273171242,552371.7010795891,251325.52637556553,25132.552637556575,1.1
high,central,coolant_recovery,two,transition,Q18,653363.897593855,33284.79085509478,686648.6884489498,324992.1050356326,32499.210503563292,1.1
high,central,coolant_recovery,two,transition,Q19,723254.3582660275,38459.3954987612,761713.7537647887,375436.3306373543,37543.63306373546,1.1
high,central,coolant_recovery,two,transition,Q20,806761.2661330035,43481.53275771842,850242.798890722,435742.292612485,43574.22926124854,1.1
high,central,coolant_recovery,two,transition,Q21,895649.5348215806,48154.46064550933,943803.9954670899,502072.1202536439,50207.21202536443,1.1
high,central,coolant_recovery,two,transition,Q22,996748.1840680945,56563.86795435134,1053312.0520224457,581073.7478733832,58107.374787338376,1.1
high,central,coolant_recovery,two,transition,Q23,1108359.23597849,64707.35373585798,1173066.5897143479,669927.9787791136,66992.79787791142,1.1
high,central,coolant_recovery,two,transition,Q24,1227843.0641639314,72597.18540244113,1300440.2495663725,768219.6376017187,76821.96376017193,1.1
high,central,combined_strategy,single,steady,Q01,34819.200000000004,2302.56,37121.76,5568.264,1113.6527999999998,1.2
high,central,combined_strategy,single,steady,Q02,73570.54525900334,4639.305715200001,78209.85097420333,12531.687506692408,2479.0947024108877,1.1978260869565216
high,central,combined_strategy,single,steady,Q03,81237.32301655825,4673.4914304,85910.81444695825,15444.080690957977,3021.6679612743865,1.1956521739130435
high,central,combined_strategy,single,steady,Q04,88149.90529464056,4640.416864868572,92790.32215950913,18483.937956650483,3576.240169873678,1.193478260869565
high,central,combined_strategy,single,steady,Q05,97098.8084829425,4470.891855634286,101569.70033857679,22245.31565966782,4255.625604458191,1.191304347826087
high,central,combined_strategy,single,steady,Q06,107993.67290430484,6861.477740155994,114855.15064446084,27410.819317586596,5184.2201752826795,1.1891304347826086
high,central,combined_strategy,single,steady,Q07,120923.63358052893,9148.389605031241,130072.02318556017,33580.283655562205,6278.053031257283,1.1869565217391305
high,central,combined_strategy,single,steady,Q08,131412.85022289163,8590.553147304781,140003.4033701964,38823.216116967546,7173.855152048348,1.184782608695652
high,central,combined_strategy,single,steady,Q09,174142.44553044977,7805.7528112302225,181948.19834168,54376.85912907692,9929.687319222745,1.182608695652174
high,central,combined_strategy,single,steady,Q10,224682.8925460727,9883.52315995674,234566.41570602942,74313.11887819559,13408.671449761374,1.1804347826086956
high,central,combined_strategy,single,steady,Q11,245285.7560013932,11971.025739494009,257256.7817408872,86496.34918943637,15418.914420725601,1.1782608695652173
high,central,combined_strategy,single,steady,Q12,270091.6073632313,14197.808957262474,284289.4163204938,101206.61597834904,17821.164987491895,1.1760869565217391
high,central,combined_strategy,single,steady,Q13,302621.9696488187,16346.861853062734,318968.8315018815,119778.15852480984,20830.984091271264,1.1739130434782608
high,central,combined_strategy,single,steady,Q14,334144.6954144324,18530.783708412357,352675.47912284476,139302.9088906152,23923.760439910002,1.1717391304347826
high,central,combined_strategy,single,steady,Q15,368692.1665293043,20615.20145432125,389307.36798362556,161416.0167736639,27370.541974664735,1.1695652173913043
high,central,combined_strategy,single,steady,Q16,408967.37225428835,22655.997121861743,431623.3693761501,187396.3230104899,31368.514938712444,1.1673913043478261
high,central,combined_strategy,single,steady,Q17,524301.5783478767,28070.12273171242,552371.7010795891,251325.52637556553,41523.34783596299,1.1652173913043478
high,central,combined_strategy,single,steady,Q18,653363.897593855,33284.79085509478,686648.6884489498,324992.1050356326,52987.84321233143,1.1630434782608696
high,central,combined_strategy,single,steady,Q19,723254.3582660275,38459.3954987612,761713.7537647887,375436.3306373543,60396.27927644394,1.1608695652173913
high,central,combined_strategy,single,steady,Q20,806761.2661330035,43481.53275771842,850242.798890722,435742.292612485,69150.4073058943,1.158695652173913
high,central,combined_strategy,single,steady,Q21,895649.5348215806,48154.46064550933,943803.9954670899,502072.1202536439,78585.20143100512,1.1565217391304348
high,central,combined_strategy,single,steady,Q22,996748.1840680945,56563.86795435134,1053312.0520224457,581073.7478733832,89687.46978045692,1.1543478260869564
high,central,combined_strategy,single,steady,Q23,1108359.23597849,64707.35373585798,1173066.5897143479,669927.9787791136,101945.56198812599,1.1521739130434783
high,central,combined_strategy,single,steady,Q24,1227843.0641639314,72597.18540244113,1300440.2495663725,768219.6376017187,115232.94564025773,1.15
high,central,combined_strategy,single,transition,Q01,34819.200000000004,2302.56,37121.76,5568.264,1113.6527999999998,1.2
high,central,combined_strategy,single,transition,Q02,73570.54525900334,4639.305715200001,78209.85097420333,12531.687506692408,2479.0947024108877,1.1978260869565216
high,central,combined_strategy,single,transition,Q03,81237.32301655825,4673.4914304,85910.81444695825,15444.080690957977,3021.6679612743865,1.1956521739130435
high,central,combined_strategy,single,transition,Q04,88149.90529464056,4640.416864868572,92790.32215950913,18483.937956650483,3576.240169873678,1.193478260869565
high,central,combined_strategy,single,transition,Q05,97098.8084829425,4470.891855634286,101569.70033857679,22245.31565966782,4255.625604458191,1.191304347826087
high,central,combined_strategy,single,transition,Q06,107993.67290430484,6861.477740155994,114855.15064446084,27410.819317586596,5184.2201752826795,1.1891304347826086
high,central,combined_strategy,single,transition,Q07,120923.63358052893,9148.389605031241,130072.02318556017,33580.283655562205,6278.053031257283,1.1869565217391305
high,central,combined_strategy,single,transition,Q08,131412.85022289163,8590.553147304781,140003.4033701964,38823.216116967546,7173.855152048348,1.184782608695652
high,central,combined_strategy,single,transition,Q09,174142.44553044977,7805.7528112302225,181948.19834168,54376.85912907692,9929.687319222745,1.182608695652174
high,central,combined_strategy,single,transition,Q10,224682.8925460727,9883.52315995674,234566.41570602942,74313.11887819559,13408.671449761374,1.1804347826086956
high,central,combined_strategy,single,transition,Q11,245285.7560013932,11971.025739494009,257256.7817408872,86496.34918943637,15418.914420725601,1.1782608695652173
high,central,combined_strategy,single,transition,Q12,270091.6073632313,14197.808957262474,284289.4163204938,101206.61597834904,17821.164987491895,1.1760869565217391
high,central,combined_strategy,single,transition,Q13,302621.9696488187,16346.861853062734,318968.8315018815,119778.15852480984,20830.984091271264,1.1739130434782608
high,central,combined_strategy,single,transition,Q14,334144.6954144324,18530.783708412357,352675.47912284476,139302.9088906152,23923.760439910002,1.1717391304347826
high,central,combined_strategy,single,transition,Q15,368692.1665293043,20615.20145432125,389307.36798362556,161416.0167736639,27370.541974664735,1.1695652173913043
high,central,combined_strategy,single,transition,Q16,408967.37225428835,22655.997121861743,431623.3693761501,187396.3230104899,31368.514938712444,1.1673913043478261
high,central,combined_strategy,single,transition,Q17,524301.5783478767,28070.12273171242,552371.7010795891,251325.52637556553,41523.34783596299,1.1652173913043478
high,central,combined_strategy,single,transition,Q18,653363.897593855,33284.79085509478,686648.6884489498,324992.1050356326,52987.84321233143,1.1630434782608696
high,central,combined_strategy,single,transition,Q19,723254.3582660275,38459.3954987612,761713.7537647887,375436.3306373543,60396.27927644394,1.1608695652173913
high,central,combined_strategy,single,transition,Q20,806761.2661330035,43481.53275771842,850242.798890722,435742.292612485,69150.4073058943,1.158695652173913
high,central,combined_strategy,single,transition,Q21,895649.5348215806,48154.46064550933,943803.9954670899,502072.1202536439,78585.20143100512,1.1565217391304348
high,central,combined_strategy,single,transition,Q22,996748.1840680945,56563.86795435134,1053312.0520224457,581073.7478733832,89687.46978045692,1.1543478260869564
high,central,combined_strategy,single,transition,Q23,1108359.23597849,64707.35373585798,1173066.5897143479,669927.9787791136,101945.56198812599,1.1521739130434783
high,central,combined_strategy,single,transition,Q24,1227843.0641639314,72597.18540244113,1300440.2495663725,768219.6376017187,115232.94564025773,1.15
high,central,combined_strategy,two,steady,Q01,34819.200000000004,2302.56,37121.76,5568.264,556.8264000000005,1.1
high,central,combined_strategy,two,steady,Q02,73570.54525900334,4639.305715200001,78209.85097420333,12531.687506692408,1239.5473512054466,1.098913043478261
high,central,combined_strategy,two,steady,Q03,81237.32301655825,4673.4914304,85910.81444695825,15444.080690957977,1510.8339806371932,1.0978260869565217
high,central,combined_strategy,two,steady,Q04,88149.90529464056,4640.416864868572,92790.32215950913,18483.937956650483,1788.120084936841,1.0967391304347827
high,central,combined_strategy,two,steady,Q05,97098.8084829425,4470.891855634286,101569.70033857679,22245.31565966782,2127.8128022290985,1.0956521739130436
high,central,combined_strategy,two,steady,Q06,107993.67290430484,6861.477740155994,114855.15064446084,27410.819317586596,2592.110087641346,1.0945652173913045
high,central,combined_strategy,two,steady,Q07,120923.63358052893,9148.389605031241,130072.02318556017,33580.283655562205,3139.0265156286414,1.0934782608695652
high,central,combined_strategy,two,steady,Q08,131412.85022289163,8590.553147304781,140003.4033701964,38823.216116967546,3586.9275760241785,1.0923913043478262
high,central,combined_strategy,two,steady,Q09,174142.44553044977,7805.7528112302225,181948.19834168,54376.85912907692,4964.843659611378,1.091304347826087
high,central,combined_strategy,two,steady,Q10,224682.8925460727,9883.52315995674,234566.41570602942,74313.11887819559,6704.335724880687,1.0902173913043478
high,central,combined_strategy,two,steady,Q11,245285.7560013932,11971.025739494009,257256.7817408872,86496.34918943637,7709.457210362811,1.0891304347826087
high,central,combined_strategy,two,steady,Q12,270091.6073632313,14197.808957262474,284289.4163204938,101206.61597834904,8910.582493745958,1.0880434782608697
high,central,combined_strategy,two,steady,Q13,302621.9696488187,16346.861853062734,318968.8315018815,119778.15852480984,10415.492045635658,1.0869565217391306
high,central,combined_strategy,two,steady,Q14,334144.6954144324,18530.783708412357,352675.47912284476,139302.9088906152,11961.880219955001,1.0858695652173913
high,central,combined_strategy,two,steady,Q15,368692.1665293043,20615.20145432125,389307.36798362556,161416.0167736639,13685.270987332384,1.0847826086956522
high,central,combined_strategy,two,steady,Q16,408967.37225428835,22655.997121861743,431623.3693761501,187396.3230104899,15684.257469356244,1.0836956521739132
high,central,combined_strategy,two,steady,Q17,524301.5783478767,28070.12273171242,552371.7010795891,251325.52637556553,20761.67391798155,1.082608695652174
high,central,combined_strategy,two,steady,Q18,653363.897593855,33284.79085509478,686648.6884489498,324992.1050356326,26493.921606165713,1.0815217391304348
high,central,combined_strategy,two,steady,Q19,723254.3582660275,38459.3954987612,761713.7537647887,375436.3306373543,30198.13963822201,1.0804347826086957
high,central,combined_strategy,two,steady,Q20,806761.2661330035,43481.53275771842,850242.798890722,435742.292612485,34575.203652947246,1.0793478260869567
high,central,combined_strategy,two,steady,Q21,895649.5348215806,48154.46064550933,943803.9954670899,502072.1202536439,39292.60071550256,1.0782608695652174
high,central,combined_strategy,two,steady,Q22,996748.1840680945,56563.86795435134,1053312.0520224457,581073.7478733832,44843.73489022852,1.0771739130434783
high,central,combined_strategy,two,steady,Q23,1108359.23597849,64707.35373585798,1173066.5897143479,669927.9787791136,50972.78099406307,1.0760869565217392
high,central,combined_strategy,two,steady,Q24,1227843.0641639314,72597.18540244113,1300440.2495663725,768219.6376017187,57616.472820129035,1.0750000000000002
high,central,combined_strategy,two,transition,Q01,34819.200000000004,2302.56,37121.76,5568.264,556.8264000000005,1.1
high,central,combined_strategy,two,transition,Q02,73570.54525900334,4639.305715200001,78209.85097420333,12531.687506692408,1239.5473512054466,1.098913043478261
high,central,combined_strategy,two,transition,Q03,81237.32301655825,4673.4914304,85910.81444695825,15444.080690957977,1510.8339806371932,1.0978260869565217
high,central,combined_strategy,two,transition,Q04,88149.90529464056,4640.416864868572,92790.32215950913,18483.937956650483,1788.120084936841,1.0967391304347827
high,central,combined_strategy,two,transition,Q05,97098.8084829425,4470.891855634286,101569.70033857679,22245.31565966782,2127.8128022290985,1.0956521739130436
high,central,combined_strategy,two,transition,Q06,107993.67290430484,6861.477740155994,114855.15064446084,27410.819317586596,2592.110087641346,1.0945652173913045
high,central,combined_strategy,two,transition,Q07,120923.63358052893,9148.389605031241,130072.02318556017,33580.283655562205,3139.0265156286414,1.0934782608695652
high,central,combined_strategy,two,transition,Q08,131412.85022289163,8590.553147304781,140003.4033701964,38823.216116967546,3586.9275760241785,1.0923913043478262
high,central,combined_strategy,two,transition,Q09,174142.44553044977,7805.7528112302225,181948.19834168,54376.85912907692,4964.843659611378,1.091304347826087
high,central,combined_strategy,two,transition,Q10,224682.8925460727,9883.52315995674,234566.41570602942,74313.11887819559,6704.335724880687,1.0902173913043478
high,central,combined_strategy,two,transition,Q11,245285.7560013932,11971.025739494009,257256.7817408872,86496.34918943637,7709.457210362811,1.0891304347826087
high,central,combined_strategy,two,transition,Q12,270091.6073632313,14197.808957262474,284289.4163204938,101206.61597834904,8910.582493745958,1.0880434782608697
high,central,combined_strategy,two,transition,Q13,302621.9696488187,16346.861853062734,318968.8315018815,119778.15852480984,10415.492045635658,1.0869565217391306
high,central,combined_strategy,two,transition,Q14,334144.6954144324,18530.783708412357,352675.47912284476,139302.9088906152,11961.880219955001,1.0858695652173913
high,central,combined_strategy,two,transition,Q15,368692.1665293043,20615.20145432125,389307.36798362556,161416.0167736639,13685.270987332384,1.0847826086956522
high,central,combined_strategy,two,transition,Q16,408967.37225428835,22655.997121861743,431623.3693761501,187396.3230104899,15684.257469356244,1.0836956521739132
high,central,combined_strategy,two,transition,Q17,524301.5783478767,28070.12273171242,552371.7010795891,251325.52637556553,20761.67391798155,1.082608695652174
high,central,combined_strategy,two,transition,Q18,653363.897593855,33284.79085509478,686648.6884489498,324992.1050356326,26493.921606165713,1.0815217391304348
high,central,combined_strategy,two,transition,Q19,723254.3582660275,38459.3954987612,761713.7537647887,375436.3306373543,30198.13963822201,1.0804347826086957
high,central,combined_strategy,two,transition,Q20,806761.2661330035,43481.53275771842,850242.798890722,435742.292612485,34575.203652947246,1.0793478260869567
high,central,combined_strategy,two,transition,Q21,895649.5348215806,48154.46064550933,943803.9954670899,502072.1202536439,39292.60071550256,1.0782608695652174
high,central,combined_strategy,two,transition,Q22,996748.1840680945,56563.86795435134,1053312.0520224457,581073.7478733832,44843.73489022852,1.0771739130434783
high,central,combined_strategy,two,transition,Q23,1108359.23597849,64707.35373585798,1173066.5897143479,669927.9787791136,50972.78099406307,1.0760869565217392
high,central,combined_strategy,two,transition,Q24,1227843.0641639314,72597.18540244113,1300440.2495663725,768219.6376017187,57616.472820129035,1.0750000000000002
high,high,baseline,single,steady,Q01,34819.200000000004,2302.56,37121.76,7424.352,1484.8703999999996,1.2
high,high,baseline,single,steady,Q02,73570.54525900334,4639.305715200001,78209.85097420333,16797.84706012766,3359.569412025531,1.2
high,high,baseline,single,steady,Q03,81237.32301655825,4673.4914304,85910.81444695825,20876.327742156296,4175.265548431258,1.2
high,high,baseline,single,steady,Q04,88149.90529464056,4640.416864868572,92790.32215950913,25152.5508422568,5030.510168451358,1.2
high,high,baseline,single,steady,Q05,97098.8084829425,4470.891855634286,101569.70033857679,30439.253233103314,6087.850646620662,1.2
high,high,baseline,single,steady,Q06,107993.67290430484,6861.477740155994,114855.15064446084,37679.10372037767,7535.820744075533,1.2
high,high,baseline,single,steady,Q07,120923.63358052893,9148.389605031241,130072.02318556017,46336.9887658212,9267.397753164238,1.2
high,high,baseline,single,steady,Q08,131412.85022289163,8590.553147304781,140003.4033701964,53744.548974109544,10748.909794821906,1.2
high,high,baseline,single,steady,Q09,174142.44553044977,7805.7528112302225,181948.19834168,75511.78978099344,15102.357956198684,1.2
high,high,baseline,single,steady,Q10,224682.8925460727,9883.52315995674,234566.41570602942,103431.70808480922,20686.34161696184,1.2
high,high,baseline,single,steady,Q11,245285.7560013932,11971.025739494009,257256.7817408872,120651.64585643337,24130.32917128667,1.2
high,high,baseline,single,steady,Q12,270091.6073632313,14197.808957262474,284289.4163204938,141449.40200881026,28289.880401762046,1.2
high,high,baseline,single,steady,Q13,302621.9696488187,16346.861853062734,318968.8315018815,167696.73160492638,33539.34632098527,1.2
high,high,baseline,single,steady,Q14,334144.6954144324,18530.783708412357,352675.47912284476,195337.11727907567,39067.42345581512,1.2
high,high,baseline,single,steady,Q15,368692.1665293043,20615.20145432125,389307.36798362556,226667.88713154953,45333.577426309894,1.2
high,high,baseline,single,steady,Q16,408967.37225428835,22655.997121861743,431623.3693761501,263489.9074332152,52697.981486643024,1.2
high,high,baseline,single,steady,Q17,524301.5783478767,28070.12273171242,552371.7010795891,353819.89392068255,70763.97878413649,1.2
high,high,baseline,single,steady,Q18,653363.897593855,33284.79085509478,686648.6884489498,457989.06983528554,91597.81396705708,1.2
high,high,baseline,single,steady,Q19,723254.3582660275,38459.3954987612,761713.7537647887,529601.7013198629,105920.34026397255,1.2
high,high,baseline,single,steady,Q20,806761.2661330035,43481.53275771842,850242.798890722,615235.208679558,123047.04173591158,1.2
high,high,baseline,single,steady,Q21,895649.5348215806,48154.46064550933,943803.9954670899,709485.5733283911,141897.11466567818,1.2
high,high,baseline,single,steady,Q22,996748.1840680945,56563.86795435134,1053312.0520224457,821773.1054079818,164354.62108159633,1.2
high,high,baseline,single,steady,Q23,1108359.23597849,64707.35373585798,1173066.5897143479,948121.8669421545,189624.37338843086,1.2
high,high,baseline,single,steady,Q24,1227843.0641639314,72597.18540244113,1300440.2495663725,1087976.3098807146,217595.26197614288,1.2
high,high,baseline,single,transition,Q01,34819.200000000004,2302.56,37121.76,7424.352,1484.8703999999996,1.2
high,high,baseline,single,transition,Q02,73570.54525900334,4639.305715200001,78209.85097420333,16797.84706012766,3359.569412025531,1.2
high,high,baseline,single,transition,Q03,81237.32301655825,4673.4914304,85910.81444695825,20876.327742156296,4175.265548431258,1.2
high,high,baseline,single,transition,Q04,88149.90529464056,4640.416864868572,92790.32215950913,25152.5508422568,5030.510168451358,1.2
high,high,baseline,single,transition,Q05,97098.8084829425,4470.891855634286,101569.70033857679,30439.253233103314,6087.850646620662,1.2
high,high,baseline,single,transition,Q06,107993.67290430484,6861.477740155994,114855.15064446084,37679.10372037767,7535.820744075533,1.2
high,high,baseline,single,transition,Q07,120923.63358052893,9148.389605031241,130072.02318556017,46336.9887658212,9267.397753164238,1.2
high,high,baseline,single,transition,Q08,131412.85022289163,8590.553147304781,140003.4033701964,53744.548974109544,10748.909794821906,1.2
high,high,baseline,single,transition,Q09,174142.44553044977,7805.7528112302225,181948.19834168,75511.78978099344,15102.357956198684,1.2
high,high,baseline,single,transition,Q10,224682.8925460727,9883.52315995674,234566.41570602942,103431.70808480922,20686.34161696184,1.2
high,high,baseline,single,transition,Q11,245285.7560013932,11971.025739494009,257256.7817408872,120651.64585643337,24130.32917128667,1.2
high,high,baseline,single,transition,Q12,270091.6073632313,14197.808957262474,284289.4163204938,141449.40200881026,28289.880401762046,1.2
high,high,baseline,single,transition,Q13,302621.9696488187,16346.861853062734,318968.8315018815,167696.73160492638,33539.34632098527,1.2
high,high,baseline,single,transition,Q14,334144.6954144324,18530.783708412357,352675.47912284476,195337.11727907567,39067.42345581512,1.2
high,high,baseline,single,transition,Q15,368692.1665293043,20615.20145432125,389307.36798362556,226667.88713154953,45333.577426309894,1.2
high,high,baseline,single,transition,Q16,408967.37225428835,22655.997121861743,431623.3693761501,263489.9074332152,52697.981486643024,1.2
high,high,baseline,single,transition,Q17,524301.5783478767,28070.12273171242,552371.7010795891,353819.89392068255,70763.97878413649,1.2
high,high,baseline,single,transition,Q18,653363.897593855,33284.79085509478,686648.6884489498,457989.06983528554,91597.81396705708,1.2
high,high,baseline,single,transition,Q19,723254.3582660275,38459.3954987612,761713.7537647887,529601.7013198629,105920.34026397255,1.2
high,high,baseline,single,transition,Q20,806761.2661330035,43481.53275771842,850242.798890722,615235.208679558,123047.04173591158,1.2
high,high,baseline,single,transition,Q21,895649.5348215806,48154.46064550933,943803.9954670899,709485.5733283911,141897.11466567818,1.2
high,high,baseline,single,transition,Q22,996748.1840680945,56563.86795435134,1053312.0520224457,821773.1054079818,164354.62108159633,1.2
high,high,baseline,single,transition,Q23,1108359.23597849,64707.35373585798,1173066.5897143479,948121.8669421545,189624.37338843086,1.2
high,high,baseline,single,transition,Q24,1227843.0641639314,72597.18540244113,1300440.2495663725,1087976.3098807146,217595.26197614288,1.2
high,high,baseline,two,steady,Q01,34819.200000000004,2302.56,37121.76,7424.352,742.4352000000007,1.1
high,high,baseline,two,steady,Q02,73570.54525900334,4639.305715200001,78209.85097420333,16797.84706012766,1679.7847060127676,1.1
high,high,baseline,two,steady,Q03,81237.32301655825,4673.4914304,85910.81444695825,20876.327742156296,2087.6327742156313,1.1
high,high,baseline,two,steady,Q04,88149.90529464056,4640.416864868572,92790.32215950913,25152.5508422568,2515.255084225682,1.1
high,high,baseline,two,steady,Q05,97098.8084829425,4470.891855634286,101569.70033857679,30439.253233103314,3043.925323310334,1.1
high,high,baseline,two,steady,Q06,107993.67290430484,6861.477740155994,114855.15064446084,37679.10372037767,3767.9103720377707,1.1
high,high,baseline,two,steady,Q07,120923.63358052893,9148.389605031241,130072.02318556017,46336.9887658212,4633.698876582124,1.1
high,high,baseline,two,steady,Q08,131412.85022289163,8590.553147304781,140003.4033701964,53744.548974109544,5374.454897410959,1.1
high,high,baseline,two,steady,Q09,174142.44553044977,7805.7528112302225,181948.19834168,75511.78978099344,7551.17897809935,1.1
high,high,baseline,two,steady,Q10,224682.8925460727,9883.52315995674,234566.41570602942,103431.70808480922,10343.17080848093,1.1
high,high,baseline,two,steady,Q11,245285.7560013932,11971.025739494009,257256.7817408872,120651.64585643337,12065.164585643348,1.1
high,high,baseline,two,steady,Q12,270091.6073632313,14197.808957262474,284289.4163204938,141449.40200881026,14144.940200881038,1.1
high,high,baseline,two,steady,Q13,302621.9696488187,16346.861853062734,318968.8315018815,167696.73160492638,16769.673160492654,1.1
high,high,baseline,two,steady,Q14,334144.6954144324,18530.783708412357,352675.47912284476,195337.11727907567,19533.711727907583,1.1
high,high,baseline,two,steady,Q15,368692.1665293043,20615.20145432125,389307.36798362556,226667.88713154953,22666.788713154972,1.1
high,high,baseline,two,steady,Q16,408967.37225428835,22655.997121861743,431623.3693761501,263489.9074332152,26348.99074332154,1.1
high,high,baseline,two,steady,Q17,524301.5783478767,28070.12273171242,552371.7010795891,353819.89392068255,35381.98939206829,1.1
high,high,baseline,two,steady,Q18,653363.897593855,33284.79085509478,686648.6884489498,457989.06983528554,45798.90698352859,1.1
high,high,baseline,two,steady,Q19,723254.3582660275,38459.3954987612,761713.7537647887,529601.7013198629,52960.170131986335,1.1
high,high,baseline,two,steady,Q20,806761.2661330035,43481.53275771842,850242.798890722,615235.208679558,61523.52086795586,1.1
high,high,baseline,two,steady,Q21,895649.5348215806,48154.46064550933,943803.9954670899,709485.5733283911,70948.55733283918,1.1
high,high,baseline,two,steady,Q22,996748.1840680945,56563.86795435134,1053312.0520224457,821773.1054079818,82177.31054079825,1.1
high,high,baseline,two,steady,Q23,1108359.23597849,64707.35373585798,1173066.5897143479,948121.8669421545,94812.18669421553,1.1
high,high,baseline,two,steady,Q24,1227843.0641639314,72597.18540244113,1300440.2495663725,1087976.3098807146,108797.63098807156,1.1
high,high,baseline,two,transition,Q01,34819.200000000004,2302.56,37121.76,7424.352,742.4352000000007,1.1
high,high,baseline,two,transition,Q02,73570.54525900334,4639.305715200001,78209.85097420333,16797.84706012766,1679.7847060127676,1.1
high,high,baseline,two,transition,Q03,81237.32301655825,4673.4914304,85910.81444695825,20876.327742156296,2087.6327742156313,1.1
high,high,baseline,two,transition,Q04,88149.90529464056,4640.416864868572,92790.32215950913,25152.5508422568,2515.255084225682,1.1
high,high,baseline,two,transition,Q05,97098.8084829425,4470.891855634286,101569.70033857679,30439.253233103314,3043.925323310334,1.1
high,high,baseline,two,transition,Q06,107993.67290430484,6861.477740155994,114855.15064446084,37679.10372037767,3767.9103720377707,1.1
high,high,baseline,two,transition,Q07,120923.63358052893,9148.389605031241,130072.02318556017,46336.9887658212,4633.698876582124,1.1
high,high,baseline,two,transition,Q08,131412.85022289163,8590.553147304781,140003.4033701964,53744.548974109544,5374.454897410959,1.1
high,high,baseline,two,transition,Q09,174142.44553044977,7805.7528112302225,181948.19834168,75511.78978099344,7551.17897809935,1.1
high,high,baseline,two,transition,Q10,224682.8925460727,9883.52315995674,234566.41570602942,103431.70808480922,10343.17080848093,1.1
high,high,baseline,two,transition,Q11,245285.7560013932,11971.025739494009,257256.7817408872,120651.64585643337,12065.164585643348,1.1
high,high,baseline,two,transition,Q12,270091.6073632313,14197.808957262474,284289.4163204938,141449.40200881026,14144.940200881038,1.1
high,high,baseline,two,transition,Q13,302621.9696488187,16346.861853062734,318968.8315018815,167696.73160492638,16769.673160492654,1.1
high,high,baseline,two,transition,Q14,334144.6954144324,18530.783708412357,352675.47912284476,195337.11727907567,19533.711727907583,1.1
high,high,baseline,two,transition,Q15,368692.1665293043,20615.20145432125,389307.36798362556,226667.88713154953,22666.788713154972,1.1
high,high,baseline,two,transition,Q16,408967.37225428835,22655.997121861743,431623.3693761501,263489.9074332152,26348.99074332154,1.1
high,high,baseline,two,transition,Q17,524301.5783478767,28070.12273171242,552371.7010795891,353819.89392068255,35381.98939206829,1.1
high,high,baseline,two,transition,Q18,653363.897593855,33284.79085509478,686648.6884489498,457989.06983528554,45798.90698352859,1.1
high,high,baseline,two,transition,Q19,723254.3582660275,38459.3954987612,761713.7537647887,529601.7013198629,52960.170131986335,1.1
high,high,baseline,two,transition,Q20,806761.2661330035,43481.53275771842,850242.798890722,615235.208679558,61523.52086795586,1.1
high,high,baseline,two,transition,Q21,895649.5348215806,48154.46064550933,943803.9954670899,709485.5733283911,70948.55733283918,1.1
high,high,baseline,two,transition,Q22,996748.1840680945,56563.86795435134,1053312.0520224457,821773.1054079818,82177.31054079825,1.1
high,high,baseline,two,transition,Q23,1108359.23597849,64707.35373585798,1173066.5897143479,948121.8669421545,94812.18669421553,1.1
high,high,baseline,two,transition,Q24,1227843.0641639314,72597.18540244113,1300440.2495663725,1087976.3098807146,108797.63098807156,1.1
high,high,improved_pue,single,steady,Q01,34819.200000000004,2302.56,37121.76,7424.352,1484.8703999999996,1.2
high,high,improved_pue,single,steady,Q02,73570.54525900334,4639.305715200001,78209.85097420333,16797.84706012766,3323.0523531991653,1.1978260869565216
high,high,improved_pue,single,steady,Q03,81237.32301655825,4673.4914304,85910.81444695825,20876.327742156296,4084.4989060740577,1.1956521739130435
high,high,improved_pue,single,steady,Q04,88149.90529464056,4640.416864868572,92790.32215950913,25152.5508422568,4866.47179339316,1.193478260869565
high,high,improved_pue,single,steady,Q05,97098.8084829425,4470.891855634286,101569.70033857679,30439.253233103314,5823.161488071939,1.191304347826087
high,high,improved_pue,single,steady,Q06,107993.67290430484,6861.477740155994,114855.15064446084,37679.10372037767,7126.265268854035,1.1891304347826086
high,high,improved_pue,single,steady,Q07,120923.63358052893,9148.389605031241,130072.02318556017,46336.9887658212,8663.002247523096,1.1869565217391305
high,high,improved_pue,single,steady,Q08,131412.85022289163,8590.553147304781,140003.4033701964,53744.548974109544,9931.057962607194,1.184782608695652
high,high,improved_pue,single,steady,Q09,174142.44553044977,7805.7528112302225,181948.19834168,75511.78978099344,13789.109438268371,1.182608695652174
high,high,improved_pue,single,steady,Q10,224682.8925460727,9883.52315995674,234566.41570602942,103431.70808480922,18662.677763128613,1.1804347826086956
high,high,improved_pue,single,steady,Q11,245285.7560013932,11971.025739494009,257256.7817408872,120651.64585643337,21507.467304842456,1.1782608695652173
high,high,improved_pue,single,steady,Q12,270091.6073632313,14197.808957262474,284289.4163204938,141449.40200881026,24907.39470155137,1.1760869565217391
high,high,improved_pue,single,steady,Q13,302621.9696488187,16346.861853062734,318968.8315018815,167696.73160492638,29164.648974769785,1.1739130434782608
high,high,improved_pue,single,steady,Q14,334144.6954144324,18530.783708412357,352675.47912284476,195337.11727907567,33547.0266631456,1.1717391304347826
high,high,improved_pue,single,steady,Q15,368692.1665293043,20615.20145432125,389307.36798362556,226667.88713154953,38434.98955708881,1.1695652173913043
high,high,improved_pue,single,steady,Q16,408967.37225428835,22655.997121861743,431623.3693761501,263489.9074332152,44105.91928773386,1.1673913043478261
high,high,improved_pue,single,steady,Q17,524301.5783478767,28070.12273171242,552371.7010795891,353819.89392068255,58457.199865156224,1.1652173913043478
high,high,improved_pue,single,steady,Q18,653363.897593855,33284.79085509478,686648.6884489498,457989.06983528554,74672.13095140528,1.1630434782608696
high,high,improved_pue,single,steady,Q19,723254.3582660275,38459.3954987612,761713.7537647887,529601.7013198629,85196.79542971705,1.1608695652173913
high,high,improved_pue,single,steady,Q20,806761.2661330035,43481.53275771842,850242.798890722,615235.208679558,97635.15268175586,1.158695652173913
high,high,improved_pue,single,steady,Q21,895649.5348215806,48154.46064550933,943803.9954670899,709485.5733283911,111049.91582531338,1.1565217391304348
high,high,improved_pue,single,steady,Q22,996748.1840680945,56563.86795435134,1053312.0520224457,821773.1054079818,126838.89235644927,1.1543478260869564
high,high,improved_pue,single,steady,Q23,1108359.23597849,64707.35373585798,1173066.5897143479,948121.8669421545,144279.41453467568,1.1521739130434783
high,high,improved_pue,single,steady,Q24,1227843.0641639314,72597.18540244113,1300440.2495663725,1087976.3098807146,163196.4464821071,1.15
high,high,improved_pue,single,transition,Q01,34819.200000000004,2302.56,37121.76,7424.352,1484.8703999999996,1.2
high,high,improved_pue,single,transition,Q02,73570.54525900334,4639.305715200001,78209.85097420333,16797.84706012766,3323.0523531991653,1.1978260869565216
high,high,improved_pue,single,transition,Q03,81237.32301655825,4673.4914304,85910.81444695825,20876.327742156296,4084.4989060740577,1.1956521739130435
high,high,improved_pue,single,transition,Q04,88149.90529464056,4640.416864868572,92790.32215950913,25152.5508422568,4866.47179339316,1.193478260869565
high,high,improved_pue,single,transition,Q05,97098.8084829425,4470.891855634286,101569.70033857679,30439.253233103314,5823.161488071939,1.191304347826087
high,high,improved_pue,single,transition,Q06,107993.67290430484,6861.477740155994,114855.15064446084,37679.10372037767,7126.265268854035,1.1891304347826086
high,high,improved_pue,single,transition,Q07,120923.63358052893,9148.389605031241,130072.02318556017,46336.9887658212,8663.002247523096,1.1869565217391305
high,high,improved_pue,single,transition,Q08,131412.85022289163,8590.553147304781,140003.4033701964,53744.548974109544,9931.057962607194,1.184782608695652
high,high,improved_pue,single,transition,Q09,174142.44553044977,7805.7528112302225,181948.19834168,75511.78978099344,13789.109438268371,1.182608695652174
high,high,improved_pue,single,transition,Q10,224682.8925460727,9883.52315995674,234566.41570602942,103431.70808480922,18662.677763128613,1.1804347826086956
high,high,improved_pue,single,transition,Q11,245285.7560013932,11971.025739494009,257256.7817408872,120651.64585643337,21507.467304842456,1.1782608695652173
high,high,improved_pue,single,transition,Q12,270091.6073632313,14197.808957262474,284289.4163204938,141449.40200881026,24907.39470155137,1.1760869565217391
high,high,improved_pue,single,transition,Q13,302621.9696488187,16346.861853062734,318968.8315018815,167696.73160492638,29164.648974769785,1.1739130434782608
high,high,improved_pue,single,transition,Q14,334144.6954144324,18530.783708412357,352675.47912284476,195337.11727907567,33547.0266631456,1.1717391304347826
high,high,improved_pue,single,transition,Q15,368692.1665293043,20615.20145432125,389307.36798362556,226667.88713154953,38434.98955708881,1.1695652173913043
high,high,improved_pue,single,transition,Q16,408967.37225428835,22655.997121861743,431623.3693761501,263489.9074332152,44105.91928773386,1.1673913043478261
high,high,improved_pue,single,transition,Q17,524301.5783478767,28070.12273171242,552371.7010795891,353819.89392068255,58457.199865156224,1.1652173913043478
high,high,improved_pue,single,transition,Q18,653363.897593855,33284.79085509478,686648.6884489498,457989.06983528554,74672.13095140528,1.1630434782608696
high,high,improved_pue,single,transition,Q19,723254.3582660275,38459.3954987612,761713.7537647887,529601.7013198629,85196.79542971705,1.1608695652173913
high,high,improved_pue,single,transition,Q20,806761.2661330035,43481.53275771842,850242.798890722,615235.208679558,97635.15268175586,1.158695652173913
high,high,improved_pue,single,transition,Q21,895649.5348215806,48154.46064550933,943803.9954670899,709485.5733283911,111049.91582531338,1.1565217391304348
high,high,improved_pue,single,transition,Q22,996748.1840680945,56563.86795435134,1053312.0520224457,821773.1054079818,126838.89235644927,1.1543478260869564
high,high,improved_pue,single,transition,Q23,1108359.23597849,64707.35373585798,1173066.5897143479,948121.8669421545,144279.41453467568,1.1521739130434783
high,high,improved_pue,single,transition,Q24,1227843.0641639314,72597.18540244113,1300440.2495663725,1087976.3098807146,163196.4464821071,1.15
high,high,improved_pue,two,steady,Q01,34819.200000000004,2302.56,37121.76,7424.352,742.4352000000007,1.1
high,high,improved_pue,two,steady,Q02,73570.54525900334,4639.305715200001,78209.85097420333,16797.84706012766,1661.5261765995863,1.098913043478261
high,high,improved_pue,two,steady,Q03,81237.32301655825,4673.4914304,85910.81444695825,20876.327742156296,2042.2494530370288,1.0978260869565217
high,high,improved_pue,two,steady,Q04,88149.90529464056,4640.416864868572,92790.32215950913,25152.5508422568,2433.235896696583,1.0967391304347827
high,high,improved_pue,two,steady,Q05,97098.8084829425,4470.891855634286,101569.70033857679,30439.253233103314,2911.5807440359727,1.0956521739130436
high,high,improved_pue,two,steady,Q06,107993.67290430484,6861.477740155994,114855.15064446084,37679.10372037767,3563.1326344270256,1.0945652173913045
high,high,improved_pue,two,steady,Q07,120923.63358052893,9148.389605031241,130072.02318556017,46336.9887658212,4331.501123761548,1.0934782608695652
high,high,improved_pue,two,steady,Q08,131412.85022289163,8590.553147304781,140003.4033701964,53744.548974109544,4965.528981303603,1.0923913043478262
high,high,improved_pue,two,steady,Q09,174142.44553044977,7805.7528112302225,181948.19834168,75511.78978099344,6894.554719134194,1.091304347826087
high,high,improved_pue,two,steady,Q10,224682.8925460727,9883.52315995674,234566.41570602942,103431.70808480922,9331.338881564307,1.0902173913043478
high,high,improved_pue,two,steady,Q11,245285.7560013932,11971.025739494009,257256.7817408872,120651.64585643337,10753.73365242124,1.0891304347826087
high,high,improved_pue,two,steady,Q12,270091.6073632313,14197.808957262474,284289.4163204938,141449.40200881026,12453.6973507757,1.0880434782608697
high,high,improved_pue,two,steady,Q13,302621.9696488187,16346.861853062734,318968.8315018815,167696.73160492638,14582.324487384929,1.0869565217391306
high,high,improved_pue,two,steady,Q14,334144.6954144324,18530.783708412357,352675.47912284476,195337.11727907567,16773.5133315728,1.0858695652173913
high,high,improved_pue,two,steady,Q15,368692.1665293043,20615.20145432125,389307.36798362556,226667.88713154953,19217.49477854443,1.0847826086956522
high,high,improved_pue,two,steady,Q16,408967.37225428835,22655.997121861743,431623.3693761501,263489.9074332152,22052.959643866958,1.0836956521739132
high,high,improved_pue,two,steady,Q17,524301.5783478767,28070.12273171242,552371.7010795891,353819.89392068255,29228.59993257819,1.082608695652174
high,high,improved_pue,two,steady,Q18,653363.897593855,33284.79085509478,686648.6884489498,457989.06983528554,37336.06547570264,1.0815217391304348
high,high,improved_pue,two,steady,Q19,723254.3582660275,38459.3954987612,761713.7537647887,529601.7013198629,42598.397714858584,1.0804347826086957
high,high,improved_pue,two,steady,Q20,806761.2661330035,43481.53275771842,850242.798890722,615235.208679558,48817.57634087807,1.0793478260869567
high,high,improved_pue,two,steady,Q21,895649.5348215806,48154.46064550933,943803.9954670899,709485.5733283911,55524.95791265669,1.0782608695652174
high,high,improved_pue,two,steady,Q22,996748.1840680945,56563.86795435134,1053312.0520224457,821773.1054079818,63419.44617822472,1.0771739130434783
high,high,improved_pue,two,steady,Q23,1108359.23597849,64707.35373585798,1173066.5897143479,948121.8669421545,72139.70726733794,1.0760869565217392
high,high,improved_pue,two,steady,Q24,1227843.0641639314,72597.18540244113,1300440.2495663725,1087976.3098807146,81598.22324105378,1.0750000000000002
high,high,improved_pue,two,transition,Q01,34819.200000000004,2302.56,37121.76,7424.352,742.4352000000007,1.1
high,high,improved_pue,two,transition,Q02,73570.54525900334,4639.305715200001,78209.85097420333,16797.84706012766,1661.5261765995863,1.098913043478261
high,high,improved_pue,two,transition,Q03,81237.32301655825,4673.4914304,85910.81444695825,20876.327742156296,2042.2494530370288,1.0978260869565217
high,high,improved_pue,two,transition,Q04,88149.90529464056,4640.416864868572,92790.32215950913,25152.5508422568,2433.235896696583,1.0967391304347827
high,high,improved_pue,two,transition,Q05,97098.8084829425,4470.891855634286,101569.70033857679,30439.253233103314,2911.5807440359727,1.0956521739130436
high,high,improved_pue,two,transition,Q06,107993.67290430484,6861.477740155994,114855.15064446084,37679.10372037767,3563.1326344270256,1.0945652173913045
high,high,improved_pue,two,transition,Q07,120923.63358052893,9148.389605031241,130072.02318556017,46336.9887658212,4331.501123761548,1.0934782608695652
high,high,improved_pue,two,transition,Q08,131412.85022289163,8590.553147304781,140003.4033701964,53744.548974109544,4965.528981303603,1.0923913043478262
high,high,improved_pue,two,transition,Q09,174142.44553044977,7805.7528112302225,181948.19834168,75511.78978099344,6894.554719134194,1.091304347826087
high,high,improved_pue,two,transition,Q10,224682.8925460727,9883.52315995674,234566.41570602942,103431.70808480922,9331.338881564307,1.0902173913043478
high,high,improved_pue,two,transition,Q11,245285.7560013932,11971.025739494009,257256.7817408872,120651.64585643337,10753.73365242124,1.0891304347826087
high,high,improved_pue,two,transition,Q12,270091.6073632313,14197.808957262474,284289.4163204938,141449.40200881026,12453.6973507757,1.0880434782608697
high,high,improved_pue,two,transition,Q13,302621.9696488187,16346.861853062734,318968.8315018815,167696.73160492638,14582.324487384929,1.0869565217391306
high,high,improved_pue,two,transition,Q14,334144.6954144324,18530.783708412357,352675.47912284476,195337.11727907567,16773.5133315728,1.0858695652173913
high,high,improved_pue,two,transition,Q15,368692.1665293043,20615.20145432125,389307.36798362556,226667.88713154953,19217.49477854443,1.0847826086956522
high,high,improved_pue,two,transition,Q16,408967.37225428835,22655.997121861743,431623.3693761501,263489.9074332152,22052.959643866958,1.0836956521739132
high,high,improved_pue,two,transition,Q17,524301.5783478767,28070.12273171242,552371.7010795891,353819.89392068255,29228.59993257819,1.082608695652174
high,high,improved_pue,two,transition,Q18,653363.897593855,33284.79085509478,686648.6884489498,457989.06983528554,37336.06547570264,1.0815217391304348
high,high,improved_pue,two,transition,Q19,723254.3582660275,38459.3954987612,761713.7537647887,529601.7013198629,42598.397714858584,1.0804347826086957
high,high,improved_pue,two,transition,Q20,806761.2661330035,43481.53275771842,850242.798890722,615235.208679558,48817.57634087807,1.0793478260869567
high,high,improved_pue,two,transition,Q21,895649.5348215806,48154.46064550933,943803.9954670899,709485.5733283911,55524.95791265669,1.0782608695652174
high,high,improved_pue,two,transition,Q22,996748.1840680945,56563.86795435134,1053312.0520224457,821773.1054079818,63419.44617822472,1.0771739130434783
high,high,improved_pue,two,transition,Q23,1108359.23597849,64707.35373585798,1173066.5897143479,948121.8669421545,72139.70726733794,1.0760869565217392
high,high,improved_pue,two,transition,Q24,1227843.0641639314,72597.18540244113,1300440.2495663725,1087976.3098807146,81598.22324105378,1.0750000000000002
high,high,advanced_coolant,single,steady,Q01,34819.200000000004,2302.56,37121.76,7424.352,1484.8703999999996,1.2
high,high,advanced_coolant,single,steady,Q02,73570.54525900334,4639.305715200001,78209.85097420333,16797.84706012766,3359.569412025531,1.2
high,high,advanced_coolant,single,steady,Q03,81237.32301655825,4673.4914304,85910.81444695825,20876.327742156296,4175.265548431258,1.2
high,high,advanced_coolant,single,steady,Q04,88149.90529464056,4640.416864868572,92790.32215950913,25152.5508422568,5030.510168451358,1.2
high,high,advanced_coolant,single,steady,Q05,97098.8084829425,4470.891855634286,101569.70033857679,30439.253233103314,6087.850646620662,1.2
high,high,advanced_coolant,single,steady,Q06,107993.67290430484,6861.477740155994,114855.15064446084,37679.10372037767,7535.820744075533,1.2
high,high,advanced_coolant,single,steady,Q07,120923.63358052893,9148.389605031241,130072.02318556017,46336.9887658212,9267.397753164238,1.2
high,high,advanced_coolant,single,steady,Q08,131412.85022289163,8590.553147304781,140003.4033701964,53744.548974109544,10748.909794821906,1.2
high,high,advanced_coolant,single,steady,Q09,174142.44553044977,7805.7528112302225,181948.19834168,75511.78978099344,15102.357956198684,1.2
high,high,advanced_coolant,single,steady,Q10,224682.8925460727,9883.52315995674,234566.41570602942,103431.70808480922,20686.34161696184,1.2
high,high,advanced_coolant,single,steady,Q11,245285.7560013932,11971.025739494009,257256.7817408872,120651.64585643337,24130.32917128667,1.2
high,high,advanced_coolant,single,steady,Q12,270091.6073632313,14197.808957262474,284289.4163204938,141449.40200881026,28289.880401762046,1.2
high,high,advanced_coolant,single,steady,Q13,302621.9696488187,16346.861853062734,318968.8315018815,167696.73160492638,33539.34632098527,1.2
high,high,advanced_coolant,single,steady,Q14,334144.6954144324,18530.783708412357,352675.47912284476,195337.11727907567,39067.42345581512,1.2
high,high,advanced_coolant,single,steady,Q15,368692.1665293043,20615.20145432125,389307.36798362556,226667.88713154953,45333.577426309894,1.2
high,high,advanced_coolant,single,steady,Q16,408967.37225428835,22655.997121861743,431623.3693761501,263489.9074332152,52697.981486643024,1.2
high,high,advanced_coolant,single,steady,Q17,524301.5783478767,28070.12273171242,552371.7010795891,353819.89392068255,70763.97878413649,1.2
high,high,advanced_coolant,single,steady,Q18,653363.897593855,33284.79085509478,686648.6884489498,457989.06983528554,91597.81396705708,1.2
high,high,advanced_coolant,single,steady,Q19,723254.3582660275,38459.3954987612,761713.7537647887,529601.7013198629,105920.34026397255,1.2
high,high,advanced_coolant,single,steady,Q20,806761.2661330035,43481.53275771842,850242.798890722,615235.208679558,123047.04173591158,1.2
high,high,advanced_coolant,single,steady,Q21,895649.5348215806,48154.46064550933,943803.9954670899,709485.5733283911,141897.11466567818,1.2
high,high,advanced_coolant,single,steady,Q22,996748.1840680945,56563.86795435134,1053312.0520224457,821773.1054079818,164354.62108159633,1.2
high,high,advanced_coolant,single,steady,Q23,1108359.23597849,64707.35373585798,1173066.5897143479,948121.8669421545,189624.37338843086,1.2
high,high,advanced_coolant,single,steady,Q24,1227843.0641639314,72597.18540244113,1300440.2495663725,1087976.3098807146,217595.26197614288,1.2
high,high,advanced_coolant,single,transition,Q01,34819.200000000004,2302.56,37121.76,7424.352,1484.8703999999996,1.2
high,high,advanced_coolant,single,transition,Q02,73570.54525900334,4639.305715200001,78209.85097420333,16797.84706012766,3359.569412025531,1.2
high,high,advanced_coolant,single,transition,Q03,81237.32301655825,4673.4914304,85910.81444695825,20876.327742156296,4175.265548431258,1.2
high,high,advanced_coolant,single,transition,Q04,88149.90529464056,4640.416864868572,92790.32215950913,25152.5508422568,5030.510168451358,1.2
high,high,advanced_coolant,single,transition,Q05,97098.8084829425,4470.891855634286,101569.70033857679,30439.253233103314,6087.850646620662,1.2
high,high,advanced_coolant,single,transition,Q06,107993.67290430484,6861.477740155994,114855.15064446084,37679.10372037767,7535.820744075533,1.2
high,high,advanced_coolant,single,transition,Q07,120923.63358052893,9148.389605031241,130072.02318556017,46336.9887658212,9267.397753164238,1.2
high,high,advanced_coolant,single,transition,Q08,131412.85022289163,8590.553147304781,140003.4033701964,53744.548974109544,10748.909794821906,1.2
high,high,advanced_coolant,single,transition,Q09,174142.44553044977,7805.7528112302225,181948.19834168,75511.78978099344,15102.357956198684,1.2
high,high,advanced_coolant,single,transition,Q10,224682.8925460727,9883.52315995674,234566.41570602942,103431.70808480922,20686.34161696184,1.2
high,high,advanced_coolant,single,transition,Q11,245285.7560013932,11971.025739494009,257256.7817408872,120651.64585643337,24130.32917128667,1.2
high,high,advanced_coolant,single,transition,Q12,270091.6073632313,14197.808957262474,284289.4163204938,141449.40200881026,28289.880401762046,1.2
high,high,advanced_coolant,single,transition,Q13,302621.9696488187,16346.861853062734,318968.8315018815,167696.73160492638,33539.34632098527,1.2
high,high,advanced_coolant,single,transition,Q14,334144.6954144324,18530.783708412357,352675.47912284476,195337.11727907567,39067.42345581512,1.2
high,high,advanced_coolant,single,transition,Q15,368692.1665293043,20615.20145432125,389307.36798362556,226667.88713154953,45333.577426309894,1.2
high,high,advanced_coolant,single,transition,Q16,408967.37225428835,22655.997121861743,431623.3693761501,263489.9074332152,52697.981486643024,1.2
high,high,advanced_coolant,single,transition,Q17,524301.5783478767,28070.12273171242,552371.7010795891,353819.89392068255,70763.97878413649,1.2
high,high,advanced_coolant,single,transition,Q18,653363.897593855,33284.79085509478,686648.6884489498,457989.06983528554,91597.81396705708,1.2
high,high,advanced_coolant,single,transition,Q19,723254.3582660275,38459.3954987612,761713.7537647887,529601.7013198629,105920.34026397255,1.2
high,high,advanced_coolant,single,transition,Q20,806761.2661330035,43481.53275771842,850242.798890722,615235.208679558,123047.04173591158,1.2
high,high,advanced_coolant,single,transition,Q21,895649.5348215806,48154.46064550933,943803.9954670899,709485.5733283911,141897.11466567818,1.2
high,high,advanced_coolant,single,transition,Q22,996748.1840680945,56563.86795435134,1053312.0520224457,821773.1054079818,164354.62108159633,1.2
high,high,advanced_coolant,single,transition,Q23,1108359.23597849,64707.35373585798,1173066.5897143479,948121.8669421545,189624.37338843086,1.2
high,high,advanced_coolant,single,transition,Q24,1227843.0641639314,72597.18540244113,1300440.2495663725,1087976.3098807146,217595.26197614288,1.2
high,high,advanced_coolant,two,steady,Q01,34819.200000000004,2302.56,37121.76,7424.352,742.4352000000007,1.1
high,high,advanced_coolant,two,steady,Q02,73570.54525900334,4639.305715200001,78209.85097420333,16797.84706012766,1679.7847060127676,1.1
high,high,advanced_coolant,two,steady,Q03,81237.32301655825,4673.4914304,85910.81444695825,20876.327742156296,2087.6327742156313,1.1
high,high,advanced_coolant,two,steady,Q04,88149.90529464056,4640.416864868572,92790.32215950913,25152.5508422568,2515.255084225682,1.1
high,high,advanced_coolant,two,steady,Q05,97098.8084829425,4470.891855634286,101569.70033857679,30439.253233103314,3043.925323310334,1.1
high,high,advanced_coolant,two,steady,Q06,107993.67290430484,6861.477740155994,114855.15064446084,37679.10372037767,3767.9103720377707,1.1
high,high,advanced_coolant,two,steady,Q07,120923.63358052893,9148.389605031241,130072.02318556017,46336.9887658212,4633.698876582124,1.1
high,high,advanced_coolant,two,steady,Q08,131412.85022289163,8590.553147304781,140003.4033701964,53744.548974109544,5374.454897410959,1.1
high,high,advanced_coolant,two,steady,Q09,174142.44553044977,7805.7528112302225,181948.19834168,75511.78978099344,7551.17897809935,1.1
high,high,advanced_coolant,two,steady,Q10,224682.8925460727,9883.52315995674,234566.41570602942,103431.70808480922,10343.17080848093,1.1
high,high,advanced_coolant,two,steady,Q11,245285.7560013932,11971.025739494009,257256.7817408872,120651.64585643337,12065.164585643348,1.1
high,high,advanced_coolant,two,steady,Q12,270091.6073632313,14197.808957262474,284289.4163204938,141449.40200881026,14144.940200881038,1.1
high,high,advanced_coolant,two,steady,Q13,302621.9696488187,16346.861853062734,318968.8315018815,167696.73160492638,16769.673160492654,1.1
high,high,advanced_coolant,two,steady,Q14,334144.6954144324,18530.783708412357,352675.47912284476,195337.11727907567,19533.711727907583,1.1
high,high,advanced_coolant,two,steady,Q15,368692.1665293043,20615.20145432125,389307.36798362556,226667.88713154953,22666.788713154972,1.1
high,high,advanced_coolant,two,steady,Q16,408967.37225428835,22655.997121861743,431623.3693761501,263489.9074332152,26348.99074332154,1.1
high,high,advanced_coolant,two,steady,Q17,524301.5783478767,28070.12273171242,552371.7010795891,353819.89392068255,35381.98939206829,1.1
high,high,advanced_coolant,two,steady,Q18,653363.897593855,33284.79085509478,686648.6884489498,457989.06983528554,45798.90698352859,1.1
high,high,advanced_coolant,two,steady,Q19,723254.3582660275,38459.3954987612,761713.7537647887,529601.7013198629,52960.170131986335,1.1
high,high,advanced_coolant,two,steady,Q20,806761.2661330035,43481.53275771842,850242.798890722,615235.208679558,61523.52086795586,1.1
high,high,advanced_coolant,two,steady,Q21,895649.5348215806,48154.46064550933,943803.9954670899,709485.5733283911,70948.55733283918,1.1
high,high,advanced_coolant,two,steady,Q22,996748.1840680945,56563.86795435134,1053312.0520224457,821773.1054079818,82177.31054079825,1.1
high,high,advanced_coolant,two,steady,Q23,1108359.23597849,64707.35373585798,1173066.5897143479,948121.8669421545,94812.18669421553,1.1
high,high,advanced_coolant,two,steady,Q24,1227843.0641639314,72597.18540244113,1300440.2495663725,1087976.3098807146,108797.63098807156,1.1
high,high,advanced_coolant,two,transition,Q01,34819.200000000004,2302.56,37121.76,7424.352,742.4352000000007,1.1
high,high,advanced_coolant,two,transition,Q02,73570.54525900334,4639.305715200001,78209.85097420333,16797.84706012766,1679.7847060127676,1.1
high,high,advanced_coolant,two,transition,Q03,81237.32301655825,4673.4914304,85910.81444695825,20876.327742156296,2087.6327742156313,1.1
high,high,advanced_coolant,two,transition,Q04,88149.90529464056,4640.416864868572,92790.32215950913,25152.5508422568,2515.255084225682,1.1
high,high,advanced_coolant,two,transition,Q05,97098.8084829425,4470.891855634286,101569.70033857679,30439.253233103314,3043.925323310334,1.1
high,high,advanced_coolant,two,transition,Q06,107993.67290430484,6861.477740155994,114855.15064446084,37679.10372037767,3767.9103720377707,1.1
high,high,advanced_coolant,two,transition,Q07,120923.63358052893,9148.389605031241,130072.02318556017,46336.9887658212,4633.698876582124,1.1
high,high,advanced_coolant,two,transition,Q08,131412.85022289163,8590.553147304781,140003.4033701964,53744.548974109544,5374.454897410959,1.1
high,high,advanced_coolant,two,transition,Q09,174142.44553044977,7805.7528112302225,181948.19834168,75511.78978099344,7551.17897809935,1.1
high,high,advanced_coolant,two,transition,Q10,224682.8925460727,9883.52315995674,234566.41570602942,103431.70808480922,10343.17080848093,1.1
high,high,advanced_coolant,two,transition,Q11,245285.7560013932,11971.025739494009,257256.7817408872,120651.64585643337,12065.164585643348,1.1
high,high,advanced_coolant,two,transition,Q12,270091.6073632313,14197.808957262474,284289.4163204938,141449.40200881026,14144.940200881038,1.1
high,high,advanced_coolant,two,transition,Q13,302621.9696488187,16346.861853062734,318968.8315018815,167696.73160492638,16769.673160492654,1.1
high,high,advanced_coolant,two,transition,Q14,334144.6954144324,18530.783708412357,352675.47912284476,195337.11727907567,19533.711727907583,1.1
high,high,advanced_coolant,two,transition,Q15,368692.1665293043,20615.20145432125,389307.36798362556,226667.88713154953,22666.788713154972,1.1
high,high,advanced_coolant,two,transition,Q16,408967.37225428835,22655.997121861743,431623.3693761501,263489.9074332152,26348.99074332154,1.1
high,high,advanced_coolant,two,transition,Q17,524301.5783478767,28070.12273171242,552371.7010795891,353819.89392068255,35381.98939206829,1.1
high,high,advanced_coolant,two,transition,Q18,653363.897593855,33284.79085509478,686648.6884489498,457989.06983528554,45798.90698352859,1.1
high,high,advanced_coolant,two,transition,Q19,723254.3582660275,38459.3954987612,761713.7537647887,529601.7013198629,52960.170131986335,1.1
high,high,advanced_coolant,two,transition,Q20,806761.2661330035,43481.53275771842,850242.798890722,615235.208679558,61523.52086795586,1.1
high,high,advanced_coolant,two,transition,Q21,895649.5348215806,48154.46064550933,943803.9954670899,709485.5733283911,70948.55733283918,1.1
high,high,advanced_coolant,two,transition,Q22,996748.1840680945,56563.86795435134,1053312.0520224457,821773.1054079818,82177.31054079825,1.1
high,high,advanced_coolant,two,transition,Q23,1108359.23597849,64707.35373585798,1173066.5897143479,948121.8669421545,94812.18669421553,1.1
high,high,advanced_coolant,two,transition,Q24,1227843.0641639314,72597.18540244113,1300440.2495663725,1087976.3098807146,108797.63098807156,1.1
high,high,coolant_recovery,single,steady,Q01,34819.200000000004,2302.56,37121.76,7424.352,1484.8703999999996,1.2
high,high,coolant_recovery,single,steady,Q02,73570.54525900334,4639.305715200001,78209.85097420333,16797.84706012766,3359.569412025531,1.2
high,high,coolant_recovery,single,steady,Q03,81237.32301655825,4673.4914304,85910.81444695825,20876.327742156296,4175.265548431258,1.2
high,high,coolant_recovery,single,steady,Q04,88149.90529464056,4640.416864868572,92790.32215950913,25152.5508422568,5030.510168451358,1.2
high,high,coolant_recovery,single,steady,Q05,97098.8084829425,4470.891855634286,101569.70033857679,30439.253233103314,6087.850646620662,1.2
high,high,coolant_recovery,single,steady,Q06,107993.67290430484,6861.477740155994,114855.15064446084,37679.10372037767,7535.820744075533,1.2
high,high,coolant_recovery,single,steady,Q07,120923.63358052893,9148.389605031241,130072.02318556017,46336.9887658212,9267.397753164238,1.2
high,high,coolant_recovery,single,steady,Q08,131412.85022289163,8590.553147304781,140003.4033701964,53744.548974109544,10748.909794821906,1.2
high,high,coolant_recovery,single,steady,Q09,174142.44553044977,7805.7528112302225,181948.19834168,75511.78978099344,15102.357956198684,1.2
high,high,coolant_recovery,single,steady,Q10,224682.8925460727,9883.52315995674,234566.41570602942,103431.70808480922,20686.34161696184,1.2
high,high,coolant_recovery,single,steady,Q11,245285.7560013932,11971.025739494009,257256.7817408872,120651.64585643337,24130.32917128667,1.2
high,high,coolant_recovery,single,steady,Q12,270091.6073632313,14197.808957262474,284289.4163204938,141449.40200881026,28289.880401762046,1.2
high,high,coolant_recovery,single,steady,Q13,302621.9696488187,16346.861853062734,318968.8315018815,167696.73160492638,33539.34632098527,1.2
high,high,coolant_recovery,single,steady,Q14,334144.6954144324,18530.783708412357,352675.47912284476,195337.11727907567,39067.42345581512,1.2
high,high,coolant_recovery,single,steady,Q15,368692.1665293043,20615.20145432125,389307.36798362556,226667.88713154953,45333.577426309894,1.2
high,high,coolant_recovery,single,steady,Q16,408967.37225428835,22655.997121861743,431623.3693761501,263489.9074332152,52697.981486643024,1.2
high,high,coolant_recovery,single,steady,Q17,524301.5783478767,28070.12273171242,552371.7010795891,353819.89392068255,70763.97878413649,1.2
high,high,coolant_recovery,single,steady,Q18,653363.897593855,33284.79085509478,686648.6884489498,457989.06983528554,91597.81396705708,1.2
high,high,coolant_recovery,single,steady,Q19,723254.3582660275,38459.3954987612,761713.7537647887,529601.7013198629,105920.34026397255,1.2
high,high,coolant_recovery,single,steady,Q20,806761.2661330035,43481.53275771842,850242.798890722,615235.208679558,123047.04173591158,1.2
high,high,coolant_recovery,single,steady,Q21,895649.5348215806,48154.46064550933,943803.9954670899,709485.5733283911,141897.11466567818,1.2
high,high,coolant_recovery,single,steady,Q22,996748.1840680945,56563.86795435134,1053312.0520224457,821773.1054079818,164354.62108159633,1.2
high,high,coolant_recovery,single,steady,Q23,1108359.23597849,64707.35373585798,1173066.5897143479,948121.8669421545,189624.37338843086,1.2
high,high,coolant_recovery,single,steady,Q24,1227843.0641639314,72597.18540244113,1300440.2495663725,1087976.3098807146,217595.26197614288,1.2
high,high,coolant_recovery,single,transition,Q01,34819.200000000004,2302.56,37121.76,7424.352,1484.8703999999996,1.2
high,high,coolant_recovery,single,transition,Q02,73570.54525900334,4639.305715200001,78209.85097420333,16797.84706012766,3359.569412025531,1.2
high,high,coolant_recovery,single,transition,Q03,81237.32301655825,4673.4914304,85910.81444695825,20876.327742156296,4175.265548431258,1.2
high,high,coolant_recovery,single,transition,Q04,88149.90529464056,4640.416864868572,92790.32215950913,25152.5508422568,5030.510168451358,1.2
high,high,coolant_recovery,single,transition,Q05,97098.8084829425,4470.891855634286,101569.70033857679,30439.253233103314,6087.850646620662,1.2
high,high,coolant_recovery,single,transition,Q06,107993.67290430484,6861.477740155994,114855.15064446084,37679.10372037767,7535.820744075533,1.2
high,high,coolant_recovery,single,transition,Q07,120923.63358052893,9148.389605031241,130072.02318556017,46336.9887658212,9267.397753164238,1.2
high,high,coolant_recovery,single,transition,Q08,131412.85022289163,8590.553147304781,140003.4033701964,53744.548974109544,10748.909794821906,1.2
high,high,coolant_recovery,single,transition,Q09,174142.44553044977,7805.7528112302225,181948.19834168,75511.78978099344,15102.357956198684,1.2
high,high,coolant_recovery,single,transition,Q10,224682.8925460727,9883.52315995674,234566.41570602942,103431.70808480922,20686.34161696184,1.2
high,high,coolant_recovery,single,transition,Q11,245285.7560013932,11971.025739494009,257256.7817408872,120651.64585643337,24130.32917128667,1.2
high,high,coolant_recovery,single,transition,Q12,270091.6073632313,14197.808957262474,284289.4163204938,141449.40200881026,28289.880401762046,1.2
high,high,coolant_recovery,single,transition,Q13,302621.9696488187,16346.861853062734,318968.8315018815,167696.73160492638,33539.34632098527,1.2
high,high,coolant_recovery,single,transition,Q14,334144.6954144324,18530.783708412357,352675.47912284476,195337.11727907567,39067.42345581512,1.2
high,high,coolant_recovery,single,transition,Q15,368692.1665293043,20615.20145432125,389307.36798362556,226667.88713154953,45333.577426309894,1.2
high,high,coolant_recovery,single,transition,Q16,408967.37225428835,22655.997121861743,431623.3693761501,263489.9074332152,52697.981486643024,1.2
high,high,coolant_recovery,single,transition,Q17,524301.5783478767,28070.12273171242,552371.7010795891,353819.89392068255,70763.97878413649,1.2
high,high,coolant_recovery,single,transition,Q18,653363.897593855,33284.79085509478,686648.6884489498,457989.06983528554,91597.81396705708,1.2
high,high,coolant_recovery,single,transition,Q19,723254.3582660275,38459.3954987612,761713.7537647887,529601.7013198629,105920.34026397255,1.2
high,high,coolant_recovery,single,transition,Q20,806761.2661330035,43481.53275771842,850242.798890722,615235.208679558,123047.04173591158,1.2
high,high,coolant_recovery,single,transition,Q21,895649.5348215806,48154.46064550933,943803.9954670899,709485.5733283911,141897.11466567818,1.2
high,high,coolant_recovery,single,transition,Q22,996748.1840680945,56563.86795435134,1053312.0520224457,821773.1054079818,164354.62108159633,1.2
high,high,coolant_recovery,single,transition,Q23,1108359.23597849,64707.35373585798,1173066.5897143479,948121.8669421545,189624.37338843086,1.2
high,high,coolant_recovery,single,transition,Q24,1227843.0641639314,72597.18540244113,1300440.2495663725,1087976.3098807146,217595.26197614288,1.2
high,high,coolant_recovery,two,steady,Q01,34819.200000000004,2302.56,37121.76,7424.352,742.4352000000007,1.1
high,high,coolant_recovery,two,steady,Q02,73570.54525900334,4639.305715200001,78209.85097420333,16797.84706012766,1679.7847060127676,1.1
high,high,coolant_recovery,two,steady,Q03,81237.32301655825,4673.4914304,85910.81444695825,20876.327742156296,2087.6327742156313,1.1
high,high,coolant_recovery,two,steady,Q04,88149.90529464056,4640.416864868572,92790.32215950913,25152.5508422568,2515.255084225682,1.1
high,high,coolant_recovery,two,steady,Q05,97098.8084829425,4470.891855634286,101569.70033857679,30439.253233103314,3043.925323310334,1.1
high,high,coolant_recovery,two,steady,Q06,107993.67290430484,6861.477740155994,114855.15064446084,37679.10372037767,3767.9103720377707,1.1
high,high,coolant_recovery,two,steady,Q07,120923.63358052893,9148.389605031241,130072.02318556017,46336.9887658212,4633.698876582124,1.1
high,high,coolant_recovery,two,steady,Q08,131412.85022289163,8590.553147304781,140003.4033701964,53744.548974109544,5374.454897410959,1.1
high,high,coolant_recovery,two,steady,Q09,174142.44553044977,7805.7528112302225,181948.19834168,75511.78978099344,7551.17897809935,1.1
high,high,coolant_recovery,two,steady,Q10,224682.8925460727,9883.52315995674,234566.41570602942,103431.70808480922,10343.17080848093,1.1
high,high,coolant_recovery,two,steady,Q11,245285.7560013932,11971.025739494009,257256.7817408872,120651.64585643337,12065.164585643348,1.1
high,high,coolant_recovery,two,steady,Q12,270091.6073632313,14197.808957262474,284289.4163204938,141449.40200881026,14144.940200881038,1.1
high,high,coolant_recovery,two,steady,Q13,302621.9696488187,16346.861853062734,318968.8315018815,167696.73160492638,16769.673160492654,1.1
high,high,coolant_recovery,two,steady,Q14,334144.6954144324,18530.783708412357,352675.47912284476,195337.11727907567,19533.711727907583,1.1
high,high,coolant_recovery,two,steady,Q15,368692.1665293043,20615.20145432125,389307.36798362556,226667.88713154953,22666.788713154972,1.1
high,high,coolant_recovery,two,steady,Q16,408967.37225428835,22655.997121861743,431623.3693761501,263489.9074332152,26348.99074332154,1.1
high,high,coolant_recovery,two,steady,Q17,524301.5783478767,28070.12273171242,552371.7010795891,353819.89392068255,35381.98939206829,1.1
high,high,coolant_recovery,two,steady,Q18,653363.897593855,33284.79085509478,686648.6884489498,457989.06983528554,45798.90698352859,1.1
high,high,coolant_recovery,two,steady,Q19,723254.3582660275,38459.3954987612,761713.7537647887,529601.7013198629,52960.170131986335,1.1
high,high,coolant_recovery,two,steady,Q20,806761.2661330035,43481.53275771842,850242.798890722,615235.208679558,61523.52086795586,1.1
high,high,coolant_recovery,two,steady,Q21,895649.5348215806,48154.46064550933,943803.9954670899,709485.5733283911,70948.55733283918,1.1
high,high,coolant_recovery,two,steady,Q22,996748.1840680945,56563.86795435134,1053312.0520224457,821773.1054079818,82177.31054079825,1.1
high,high,coolant_recovery,two,steady,Q23,1108359.23597849,64707.35373585798,1173066.5897143479,948121.8669421545,94812.18669421553,1.1
high,high,coolant_recovery,two,steady,Q24,1227843.0641639314,72597.18540244113,1300440.2495663725,1087976.3098807146,108797.63098807156,1.1
high,high,coolant_recovery,two,transition,Q01,34819.200000000004,2302.56,37121.76,7424.352,742.4352000000007,1.1
high,high,coolant_recovery,two,transition,Q02,73570.54525900334,4639.305715200001,78209.85097420333,16797.84706012766,1679.7847060127676,1.1
high,high,coolant_recovery,two,transition,Q03,81237.32301655825,4673.4914304,85910.81444695825,20876.327742156296,2087.6327742156313,1.1
high,high,coolant_recovery,two,transition,Q04,88149.90529464056,4640.416864868572,92790.32215950913,25152.5508422568,2515.255084225682,1.1
high,high,coolant_recovery,two,transition,Q05,97098.8084829425,4470.891855634286,101569.70033857679,30439.253233103314,3043.925323310334,1.1
high,high,coolant_recovery,two,transition,Q06,107993.67290430484,6861.477740155994,114855.15064446084,37679.10372037767,3767.9103720377707,1.1
high,high,coolant_recovery,two,transition,Q07,120923.63358052893,9148.389605031241,130072.02318556017,46336.9887658212,4633.698876582124,1.1
high,high,coolant_recovery,two,transition,Q08,131412.85022289163,8590.553147304781,140003.4033701964,53744.548974109544,5374.454897410959,1.1
high,high,coolant_recovery,two,transition,Q09,174142.44553044977,7805.7528112302225,181948.19834168,75511.78978099344,7551.17897809935,1.1
high,high,coolant_recovery,two,transition,Q10,224682.8925460727,9883.52315995674,234566.41570602942,103431.70808480922,10343.17080848093,1.1
high,high,coolant_recovery,two,transition,Q11,245285.7560013932,11971.025739494009,257256.7817408872,120651.64585643337,12065.164585643348,1.1
high,high,coolant_recovery,two,transition,Q12,270091.6073632313,14197.808957262474,284289.4163204938,141449.40200881026,14144.940200881038,1.1
high,high,coolant_recovery,two,transition,Q13,302621.9696488187,16346.861853062734,318968.8315018815,167696.73160492638,16769.673160492654,1.1
high,high,coolant_recovery,two,transition,Q14,334144.6954144324,18530.783708412357,352675.47912284476,195337.11727907567,19533.711727907583,1.1
high,high,coolant_recovery,two,transition,Q15,368692.1665293043,20615.20145432125,389307.36798362556,226667.88713154953,22666.788713154972,1.1
high,high,coolant_recovery,two,transition,Q16,408967.37225428835,22655.997121861743,431623.3693761501,263489.9074332152,26348.99074332154,1.1
high,high,coolant_recovery,two,transition,Q17,524301.5783478767,28070.12273171242,552371.7010795891,353819.89392068255,35381.98939206829,1.1
high,high,coolant_recovery,two,transition,Q18,653363.897593855,33284.79085509478,686648.6884489498,457989.06983528554,45798.90698352859,1.1
high,high,coolant_recovery,two,transition,Q19,723254.3582660275,38459.3954987612,761713.7537647887,529601.7013198629,52960.170131986335,1.1
high,high,coolant_recovery,two,transition,Q20,806761.2661330035,43481.53275771842,850242.798890722,615235.208679558,61523.52086795586,1.1
high,high,coolant_recovery,two,transition,Q21,895649.5348215806,48154.46064550933,943803.9954670899,709485.5733283911,70948.55733283918,1.1
high,high,coolant_recovery,two,transition,Q22,996748.1840680945,56563.86795435134,1053312.0520224457,821773.1054079818,82177.31054079825,1.1
high,high,coolant_recovery,two,transition,Q23,1108359.23597849,64707.35373585798,1173066.5897143479,948121.8669421545,94812.18669421553,1.1
high,high,coolant_recovery,two,transition,Q24,1227843.0641639314,72597.18540244113,1300440.2495663725,1087976.3098807146,108797.63098807156,1.1
high,high,combined_strategy,single,steady,Q01,34819.200000000004,2302.56,37121.76,7424.352,1484.8703999999996,1.2
high,high,combined_strategy,single,steady,Q02,73570.54525900334,4639.305715200001,78209.85097420333,16797.84706012766,3323.0523531991653,1.1978260869565216
high,high,combined_strategy,single,steady,Q03,81237.32301655825,4673.4914304,85910.81444695825,20876.327742156296,4084.4989060740577,1.1956521739130435
high,high,combined_strategy,single,steady,Q04,88149.90529464056,4640.416864868572,92790.32215950913,25152.5508422568,4866.47179339316,1.193478260869565
high,high,combined_strategy,single,steady,Q05,97098.8084829425,4470.891855634286,101569.70033857679,30439.253233103314,5823.161488071939,1.191304347826087
high,high,combined_strategy,single,steady,Q06,107993.67290430484,6861.477740155994,114855.15064446084,37679.10372037767,7126.265268854035,1.1891304347826086
high,high,combined_strategy,single,steady,Q07,120923.63358052893,9148.389605031241,130072.02318556017,46336.9887658212,8663.002247523096,1.1869565217391305
high,high,combined_strategy,single,steady,Q08,131412.85022289163,8590.553147304781,140003.4033701964,53744.548974109544,9931.057962607194,1.184782608695652
high,high,combined_strategy,single,steady,Q09,174142.44553044977,7805.7528112302225,181948.19834168,75511.78978099344,13789.109438268371,1.182608695652174
high,high,combined_strategy,single,steady,Q10,224682.8925460727,9883.52315995674,234566.41570602942,103431.70808480922,18662.677763128613,1.1804347826086956
high,high,combined_strategy,single,steady,Q11,245285.7560013932,11971.025739494009,257256.7817408872,120651.64585643337,21507.467304842456,1.1782608695652173
high,high,combined_strategy,single,steady,Q12,270091.6073632313,14197.808957262474,284289.4163204938,141449.40200881026,24907.39470155137,1.1760869565217391
high,high,combined_strategy,single,steady,Q13,302621.9696488187,16346.861853062734,318968.8315018815,167696.73160492638,29164.648974769785,1.1739130434782608
high,high,combined_strategy,single,steady,Q14,334144.6954144324,18530.783708412357,352675.47912284476,195337.11727907567,33547.0266631456,1.1717391304347826
high,high,combined_strategy,single,steady,Q15,368692.1665293043,20615.20145432125,389307.36798362556,226667.88713154953,38434.98955708881,1.1695652173913043
high,high,combined_strategy,single,steady,Q16,408967.37225428835,22655.997121861743,431623.3693761501,263489.9074332152,44105.91928773386,1.1673913043478261
high,high,combined_strategy,single,steady,Q17,524301.5783478767,28070.12273171242,552371.7010795891,353819.89392068255,58457.199865156224,1.1652173913043478
high,high,combined_strategy,single,steady,Q18,653363.897593855,33284.79085509478,686648.6884489498,457989.06983528554,74672.13095140528,1.1630434782608696
high,high,combined_strategy,single,steady,Q19,723254.3582660275,38459.3954987612,761713.7537647887,529601.7013198629,85196.79542971705,1.1608695652173913
high,high,combined_strategy,single,steady,Q20,806761.2661330035,43481.53275771842,850242.798890722,615235.208679558,97635.15268175586,1.158695652173913
high,high,combined_strategy,single,steady,Q21,895649.5348215806,48154.46064550933,943803.9954670899,709485.5733283911,111049.91582531338,1.1565217391304348
high,high,combined_strategy,single,steady,Q22,996748.1840680945,56563.86795435134,1053312.0520224457,821773.1054079818,126838.89235644927,1.1543478260869564
high,high,combined_strategy,single,steady,Q23,1108359.23597849,64707.35373585798,1173066.5897143479,948121.8669421545,144279.41453467568,1.1521739130434783
high,high,combined_strategy,single,steady,Q24,1227843.0641639314,72597.18540244113,1300440.2495663725,1087976.3098807146,163196.4464821071,1.15
high,high,combined_strategy,single,transition,Q01,34819.200000000004,2302.56,37121.76,7424.352,1484.8703999999996,1.2
high,high,combined_strategy,single,transition,Q02,73570.54525900334,4639.305715200001,78209.85097420333,16797.84706012766,3323.0523531991653,1.1978260869565216
high,high,combined_strategy,single,transition,Q03,81237.32301655825,4673.4914304,85910.81444695825,20876.327742156296,4084.4989060740577,1.1956521739130435
high,high,combined_strategy,single,transition,Q04,88149.90529464056,4640.416864868572,92790.32215950913,25152.5508422568,4866.47179339316,1.193478260869565
high,high,combined_strategy,single,transition,Q05,97098.8084829425,4470.891855634286,101569.70033857679,30439.253233103314,5823.161488071939,1.191304347826087
high,high,combined_strategy,single,transition,Q06,107993.67290430484,6861.477740155994,114855.15064446084,37679.10372037767,7126.265268854035,1.1891304347826086
high,high,combined_strategy,single,transition,Q07,120923.63358052893,9148.389605031241,130072.02318556017,46336.9887658212,8663.002247523096,1.1869565217391305
high,high,combined_strategy,single,transition,Q08,131412.85022289163,8590.553147304781,140003.4033701964,53744.548974109544,9931.057962607194,1.184782608695652
high,high,combined_strategy,single,transition,Q09,174142.44553044977,7805.7528112302225,181948.19834168,75511.78978099344,13789.109438268371,1.182608695652174
high,high,combined_strategy,single,transition,Q10,224682.8925460727,9883.52315995674,234566.41570602942,103431.70808480922,18662.677763128613,1.1804347826086956
high,high,combined_strategy,single,transition,Q11,245285.7560013932,11971.025739494009,257256.7817408872,120651.64585643337,21507.467304842456,1.1782608695652173
high,high,combined_strategy,single,transition,Q12,270091.6073632313,14197.808957262474,284289.4163204938,141449.40200881026,24907.39470155137,1.1760869565217391
high,high,combined_strategy,single,transition,Q13,302621.9696488187,16346.861853062734,318968.8315018815,167696.73160492638,29164.648974769785,1.1739130434782608
high,high,combined_strategy,single,transition,Q14,334144.6954144324,18530.783708412357,352675.47912284476,195337.11727907567,33547.0266631456,1.1717391304347826
high,high,combined_strategy,single,transition,Q15,368692.1665293043,20615.20145432125,389307.36798362556,226667.88713154953,38434.98955708881,1.1695652173913043
high,high,combined_strategy,single,transition,Q16,408967.37225428835,22655.997121861743,431623.3693761501,263489.9074332152,44105.91928773386,1.1673913043478261
high,high,combined_strategy,single,transition,Q17,524301.5783478767,28070.12273171242,552371.7010795891,353819.89392068255,58457.199865156224,1.1652173913043478
high,high,combined_strategy,single,transition,Q18,653363.897593855,33284.79085509478,686648.6884489498,457989.06983528554,74672.13095140528,1.1630434782608696
high,high,combined_strategy,single,transition,Q19,723254.3582660275,38459.3954987612,761713.7537647887,529601.7013198629,85196.79542971705,1.1608695652173913
high,high,combined_strategy,single,transition,Q20,806761.2661330035,43481.53275771842,850242.798890722,615235.208679558,97635.15268175586,1.158695652173913
high,high,combined_strategy,single,transition,Q21,895649.5348215806,48154.46064550933,943803.9954670899,709485.5733283911,111049.91582531338,1.1565217391304348
high,high,combined_strategy,single,transition,Q22,996748.1840680945,56563.86795435134,1053312.0520224457,821773.1054079818,126838.89235644927,1.1543478260869564
high,high,combined_strategy,single,transition,Q23,1108359.23597849,64707.35373585798,1173066.5897143479,948121.8669421545,144279.41453467568,1.1521739130434783
high,high,combined_strategy,single,transition,Q24,1227843.0641639314,72597.18540244113,1300440.2495663725,1087976.3098807146,163196.4464821071,1.15
high,high,combined_strategy,two,steady,Q01,34819.200000000004,2302.56,37121.76,7424.352,742.4352000000007,1.1
high,high,combined_strategy,two,steady,Q02,73570.54525900334,4639.305715200001,78209.85097420333,16797.84706012766,1661.5261765995863,1.098913043478261
high,high,combined_strategy,two,steady,Q03,81237.32301655825,4673.4914304,85910.81444695825,20876.327742156296,2042.2494530370288,1.0978260869565217
high,high,combined_strategy,two,steady,Q04,88149.90529464056,4640.416864868572,92790.32215950913,25152.5508422568,2433.235896696583,1.0967391304347827
high,high,combined_strategy,two,steady,Q05,97098.8084829425,4470.891855634286,101569.70033857679,30439.253233103314,2911.5807440359727,1.0956521739130436
high,high,combined_strategy,two,steady,Q06,107993.67290430484,6861.477740155994,114855.15064446084,37679.10372037767,3563.1326344270256,1.0945652173913045
high,high,combined_strategy,two,steady,Q07,120923.63358052893,9148.389605031241,130072.02318556017,46336.9887658212,4331.501123761548,1.0934782608695652
high,high,combined_strategy,two,steady,Q08,131412.85022289163,8590.553147304781,140003.4033701964,53744.548974109544,4965.528981303603,1.0923913043478262
high,high,combined_strategy,two,steady,Q09,174142.44553044977,7805.7528112302225,181948.19834168,75511.78978099344,6894.554719134194,1.091304347826087
high,high,combined_strategy,two,steady,Q10,224682.8925460727,9883.52315995674,234566.41570602942,103431.70808480922,9331.338881564307,1.0902173913043478
high,high,combined_strategy,two,steady,Q11,245285.7560013932,11971.025739494009,257256.7817408872,120651.64585643337,10753.73365242124,1.0891304347826087
high,high,combined_strategy,two,steady,Q12,270091.6073632313,14197.808957262474,284289.4163204938,141449.40200881026,12453.6973507757,1.0880434782608697
high,high,combined_strategy,two,steady,Q13,302621.9696488187,16346.861853062734,318968.8315018815,167696.73160492638,14582.324487384929,1.0869565217391306
high,high,combined_strategy,two,steady,Q14,334144.6954144324,18530.783708412357,352675.47912284476,195337.11727907567,16773.5133315728,1.0858695652173913
high,high,combined_strategy,two,steady,Q15,368692.1665293043,20615.20145432125,389307.36798362556,226667.88713154953,19217.49477854443,1.0847826086956522
high,high,combined_strategy,two,steady,Q16,408967.37225428835,22655.997121861743,431623.3693761501,263489.9074332152,22052.959643866958,1.0836956521739132
high,high,combined_strategy,two,steady,Q17,524301.5783478767,28070.12273171242,552371.7010795891,353819.89392068255,29228.59993257819,1.082608695652174
high,high,combined_strategy,two,steady,Q18,653363.897593855,33284.79085509478,686648.6884489498,457989.06983528554,37336.06547570264,1.0815217391304348
high,high,combined_strategy,two,steady,Q19,723254.3582660275,38459.3954987612,761713.7537647887,529601.7013198629,42598.397714858584,1.0804347826086957
high,high,combined_strategy,two,steady,Q20,806761.2661330035,43481.53275771842,850242.798890722,615235.208679558,48817.57634087807,1.0793478260869567
high,high,combined_strategy,two,steady,Q21,895649.5348215806,48154.46064550933,943803.9954670899,709485.5733283911,55524.95791265669,1.0782608695652174
high,high,combined_strategy,two,steady,Q22,996748.1840680945,56563.86795435134,1053312.0520224457,821773.1054079818,63419.44617822472,1.0771739130434783
high,high,combined_strategy,two,steady,Q23,1108359.23597849,64707.35373585798,1173066.5897143479,948121.8669421545,72139.70726733794,1.0760869565217392
high,high,combined_strategy,two,steady,Q24,1227843.0641639314,72597.18540244113,1300440.2495663725,1087976.3098807146,81598.22324105378,1.0750000000000002
high,high,combined_strategy,two,transition,Q01,34819.200000000004,2302.56,37121.76,7424.352,742.4352000000007,1.1
high,high,combined_strategy,two,transition,Q02,73570.54525900334,4639.305715200001,78209.85097420333,16797.84706012766,1661.5261765995863,1.098913043478261
high,high,combined_strategy,two,transition,Q03,81237.32301655825,4673.4914304,85910.81444695825,20876.327742156296,2042.2494530370288,1.0978260869565217
high,high,combined_strategy,two,transition,Q04,88149.90529464056,4640.416864868572,92790.32215950913,25152.5508422568,2433.235896696583,1.0967391304347827
high,high,combined_strategy,two,transition,Q05,97098.8084829425,4470.891855634286,101569.70033857679,30439.253233103314,2911.5807440359727,1.0956521739130436
high,high,combined_strategy,two,transition,Q06,107993.67290430484,6861.477740155994,114855.15064446084,37679.10372037767,3563.1326344270256,1.0945652173913045
high,high,combined_strategy,two,transition,Q07,120923.63358052893,9148.389605031241,130072.02318556017,46336.9887658212,4331.501123761548,1.0934782608695652
high,high,combined_strategy,two,transition,Q08,131412.85022289163,8590.553147304781,140003.4033701964,53744.548974109544,4965.528981303603,1.0923913043478262
high,high,combined_strategy,two,transition,Q09,174142.44553044977,7805.7528112302225,181948.19834168,75511.78978099344,6894.554719134194,1.091304347826087
high,high,combined_strategy,two,transition,Q10,224682.8925460727,9883.52315995674,234566.41570602942,103431.70808480922,9331.338881564307,1.0902173913043478
high,high,combined_strategy,two,transition,Q11,245285.7560013932,11971.025739494009,257256.7817408872,120651.64585643337,10753.73365242124,1.0891304347826087
high,high,combined_strategy,two,transition,Q12,270091.6073632313,14197.808957262474,284289.4163204938,141449.40200881026,12453.6973507757,1.0880434782608697
high,high,combined_strategy,two,transition,Q13,302621.9696488187,16346.861853062734,318968.8315018815,167696.73160492638,14582.324487384929,1.0869565217391306
high,high,combined_strategy,two,transition,Q14,334144.6954144324,18530.783708412357,352675.47912284476,195337.11727907567,16773.5133315728,1.0858695652173913
high,high,combined_strategy,two,transition,Q15,368692.1665293043,20615.20145432125,389307.36798362556,226667.88713154953,19217.49477854443,1.0847826086956522
high,high,combined_strategy,two,transition,Q16,408967.37225428835,22655.997121861743,431623.3693761501,263489.9074332152,22052.959643866958,1.0836956521739132
high,high,combined_strategy,two,transition,Q17,524301.5783478767,28070.12273171242,552371.7010795891,353819.89392068255,29228.59993257819,1.082608695652174
high,high,combined_strategy,two,transition,Q18,653363.897593855,33284.79085509478,686648.6884489498,457989.06983528554,37336.06547570264,1.0815217391304348
high,high,combined_strategy,two,transition,Q19,723254.3582660275,38459.3954987612,761713.7537647887,529601.7013198629,42598.397714858584,1.0804347826086957
high,high,combined_strategy,two,transition,Q20,806761.2661330035,43481.53275771842,850242.798890722,615235.208679558,48817.57634087807,1.0793478260869567
high,high,combined_strategy,two,transition,Q21,895649.5348215806,48154.46064550933,943803.9954670899,709485.5733283911,55524.95791265669,1.0782608695652174
high,high,combined_strategy,two,transition,Q22,996748.1840680945,56563.86795435134,1053312.0520224457,821773.1054079818,63419.44617822472,1.0771739130434783
high,high,combined_strategy,two,transition,Q23,1108359.23597849,64707.35373585798,1173066.5897143479,948121.8669421545,72139.70726733794,1.0760869565217392
high,high,combined_strategy,two,transition,Q24,1227843.0641639314,72597.18540244113,1300440.2495663725,1087976.3098807146,81598.22324105378,1.0750000000000002
